date,bab_us,bab_global
1930-12-31,-0.000557986425086,
1931-01-31,-0.0224459497248,
1931-02-28,-0.0774228338726,
1931-03-31,0.029235360405,
1931-04-30,-0.0129855843188,
1931-05-31,-0.00723995810474,
1931-06-30,-0.0786521611949,
1931-07-31,0.0115879334499,
1931-08-31,0.00745700164266,
1931-09-30,-0.0365418504917,
1931-10-31,-0.0738908878191,
1931-11-30,0.0084577463521,
1931-12-31,-0.0171394099006,
1932-01-31,-0.06026597977,
1932-02-29,0.00643698101352,
1932-03-31,0.0421451033792,
1932-04-30,-0.0249054788626,
1932-05-31,0.00385955142781,
1932-06-30,-0.047509598236,
1932-07-31,-0.190728847078,
1932-08-31,-0.115401597192,
1932-09-30,0.0588914693324,
1932-10-31,0.0603950490271,
1932-11-30,0.0366135027788,
1932-12-31,-0.00905675861938,
1933-01-31,0.00650616242605,
1933-02-28,0.0384419310874,
1933-03-31,0.00495627710124,
1933-04-30,-0.0765032345386,
1933-05-31,0.186521697344,
1933-06-30,0.11955068268,
1933-07-31,-0.0219945315074,
1933-08-31,0.0104896536221,
1933-09-30,0.0357348136011,
1933-10-31,-0.0099037592451,
1933-11-30,-0.00597370848708,
1933-12-31,0.00819857656802,
1934-01-31,0.0222977129433,
1934-02-28,0.0297023760945,
1934-03-31,0.0168430088167,
1934-04-30,0.0955664697891,
1934-05-31,0.0037565584366,
1934-06-30,0.0348943230126,
1934-07-31,0.0307373150113,
1934-08-31,-0.0294789325647,
1934-09-30,0.0239789531315,
1934-10-31,0.0503959761833,
1934-11-30,0.0634284827729,
1934-12-31,-0.000835747466989,
1935-01-31,0.0284115143166,
1935-02-28,0.0746406296995,
1935-03-31,0.0106194498947,
1935-04-30,0.0246956888857,
1935-05-31,0.0254885079509,
1935-06-30,0.0357044912988,
1935-07-31,-0.00974334934802,
1935-08-31,-0.0231778327743,
1935-09-30,0.0216947597667,
1935-10-31,0.0158346443045,
1935-11-30,-0.0252775891437,
1935-12-31,0.0226064490115,
1936-01-31,-0.0292545991102,
1936-02-29,0.00829566693533,
1936-03-31,0.0141768253275,
1936-04-30,-0.00577061946,
1936-05-31,0.0196295985802,
1936-06-30,0.0148481242126,
1936-07-31,0.0236374825217,
1936-08-31,0.00754919509918,
1936-09-30,0.0338199814515,
1936-10-31,0.0399817021708,
1936-11-30,0.0285331361374,
1936-12-31,-0.0511574998741,
1937-01-31,-0.01549807878,
1937-02-28,-0.00970528853601,
1937-03-31,-0.050354720421,
1937-04-30,0.00620925866624,
1937-05-31,0.0105189781936,
1937-06-30,-0.0097611137044,
1937-07-31,-0.00234592987166,
1937-08-31,0.0118659833864,
1937-09-30,-0.0279950175933,
1937-10-31,-0.0340570415033,
1937-11-30,-0.0338837312045,
1937-12-31,0.0338296957994,
1938-01-31,0.0269093417352,
1938-02-28,0.00187646857787,
1938-03-31,0.00154273050887,
1938-04-30,-0.0227762074513,
1938-05-31,0.0270366059411,
1938-06-30,-0.0228398404599,
1938-07-31,0.025998378117,
1938-08-31,0.00510831971543,
1938-09-30,-0.0159995435396,
1938-10-31,-0.0419689680903,
1938-11-30,0.0287947755844,
1938-12-31,-0.00654343640842,
1939-01-31,0.0289508612587,
1939-02-28,0.0153288213404,
1939-03-31,0.0837821035503,
1939-04-30,-0.0104734514131,
1939-05-31,0.0358006080433,
1939-06-30,0.0607359130054,
1939-07-31,-0.0356276318965,
1939-08-31,0.00341822686874,
1939-09-30,-0.219484150774,
1939-10-31,0.0773628559968,
1939-11-30,0.0647064256763,
1939-12-31,0.0315884551284,
1940-01-31,0.0422957495264,
1940-02-29,0.0016387334824,
1940-03-31,0.0187687714452,
1940-04-30,-0.00325391972488,
1940-05-31,-0.098404201118,
1940-06-30,0.0333536564833,
1940-07-31,0.023705024481,
1940-08-31,0.00618681300837,
1940-09-30,0.0122522319656,
1940-10-31,-0.0189329261341,
1940-11-30,0.0179848696993,
1940-12-31,0.0185708987742,
1941-01-31,0.00291375264933,
1941-02-28,-0.0129677489223,
1941-03-31,0.00435526296313,
1941-04-30,0.00331814169001,
1941-05-31,-0.0108233451981,
1941-06-30,0.0171791894068,
1941-07-31,-0.0311989579013,
1941-08-31,0.00927824155884,
1941-09-30,0.0203672463853,
1941-10-31,-0.00248027095579,
1941-11-30,0.00663823556106,
1941-12-31,5.03909930721e-05,
1942-01-31,-0.0831125819405,
1942-02-28,-0.0222059997022,
1942-03-31,-0.040334252251,
1942-04-30,-0.0205674325747,
1942-05-31,0.050113768104,
1942-06-30,0.0233573029097,
1942-07-31,0.00580190039326,
1942-08-31,0.0053720320341,
1942-09-30,-0.0182541745884,
1942-10-31,-0.0202373579496,
1942-11-30,0.0392602450888,
1942-12-31,0.0283394842647,
1943-01-31,-0.0578436368776,
1943-02-28,-0.0623262009537,
1943-03-31,0.00994013031738,
1943-04-30,-0.0166837029595,
1943-05-31,-0.0099456154124,
1943-06-30,0.0255551119657,
1943-07-31,0.0223594792793,
1943-08-31,0.0070970991134,
1943-09-30,0.00976022457564,
1943-10-31,-0.000475700235254,
1943-11-30,0.0195065639805,
1943-12-31,-0.0111287735983,
1944-01-31,0.00081292537627,
1944-02-29,-0.000581739112036,
1944-03-31,-0.00880236085688,
1944-04-30,0.00463080773764,
1944-05-31,0.0139855146288,
1944-06-30,-0.0254121082404,
1944-07-31,0.0194059101251,
1944-08-31,-0.00405072018959,
1944-09-30,0.000997075637745,
1944-10-31,0.0212913720267,
1944-11-30,0.00470642221794,
1944-12-31,-0.0178696731087,
1945-01-31,0.0042694425733,
1945-02-28,0.00229917925565,
1945-03-31,0.0123233079236,
1945-04-30,0.0019557822363,
1945-05-31,0.0153299100053,
1945-06-30,-0.0486215395656,
1945-07-31,0.0102927008768,
1945-08-31,0.0389909544903,
1945-09-30,0.0245183393461,
1945-10-31,0.0485639112336,
1945-11-30,0.00794736573098,
1945-12-31,0.0103703011444,
1946-01-31,-0.00693155778619,
1946-02-28,0.00566292508753,
1946-03-31,0.0583548315059,
1946-04-30,0.0618121452428,
1946-05-31,0.0015471669813,
1946-06-30,-0.0134963420567,
1946-07-31,0.0139232294864,
1946-08-31,0.0065243369953,
1946-09-30,0.0015722545382,
1946-10-31,0.00195524719241,
1946-11-30,0.0194058209403,
1946-12-31,0.00779302357824,
1947-01-31,-0.0169611768423,
1947-02-28,0.0058407326567,
1947-03-31,0.00381787325098,
1947-04-30,0.00270893268544,
1947-05-31,0.00992467763276,
1947-06-30,0.0239536120595,
1947-07-31,-0.00270714953364,
1947-08-31,0.00479800754714,
1947-09-30,-0.0122916903844,
1947-10-31,0.00811034850518,
1947-11-30,0.00986596972487,
1947-12-31,7.06326216902e-05,
1948-01-31,-0.0222266829965,
1948-02-29,0.00404369551441,
1948-03-31,-0.0183617971879,
1948-04-30,0.00425025403083,
1948-05-31,0.00581668437993,
1948-06-30,-0.00621073070462,
1948-07-31,0.00366021597485,
1948-08-31,0.00596138344994,
1948-09-30,0.0144838428706,
1948-10-31,0.00519233089752,
1948-11-30,0.013685775121,
1948-12-31,0.00514645238714,
1949-01-31,0.0169493910053,
1949-02-28,0.00958931376239,
1949-03-31,-0.0112217450953,
1949-04-30,0.0207623495926,
1949-05-31,0.0334285704438,
1949-06-30,0.00410024532464,
1949-07-31,0.0112679494781,
1949-08-31,0.024083539263,
1949-09-30,-0.00596234333739,
1949-10-31,0.00541435192203,
1949-11-30,0.021432491102,
1949-12-31,-0.000402715150832,
1950-01-31,-0.0112315367716,
1950-02-28,0.0086201061998,
1950-03-31,0.00581806634571,
1950-04-30,-0.037105256859,
1950-05-31,0.0178477956607,
1950-06-30,-0.0101799252455,
1950-07-31,-0.0581688370212,
1950-08-31,0.0336350890766,
1950-09-30,0.0123720395589,
1950-10-31,0.0116363975665,
1950-11-30,-0.00922440509746,
1950-12-31,-0.0360928572339,
1951-01-31,0.00593437666697,
1951-02-28,0.0222721244122,
1951-03-31,0.00455868402299,
1951-04-30,-0.0139009129855,
1951-05-31,0.0211880875798,
1951-06-30,0.0170832204558,
1951-07-31,-0.0153475701794,
1951-08-31,-0.00219428711154,
1951-09-30,-0.0117872087956,
1951-10-31,0.00410194363852,
1951-11-30,0.000536925791991,
1951-12-31,0.00773640475945,
1952-01-31,0.00767453541289,
1952-02-29,0.00159977975089,
1952-03-31,-0.0120812326621,
1952-04-30,0.00903120274606,
1952-05-31,0.00478500816283,
1952-06-30,-0.00773710204197,
1952-07-31,0.00868315188886,
1952-08-31,0.0203889020638,
1952-09-30,0.0083416744497,
1952-10-31,-0.00393594516415,
1952-11-30,0.00398709789086,
1952-12-31,-8.10465701378e-05,
1953-01-31,0.0141763368401,
1953-02-28,0.00622094247572,
1953-03-31,0.00582409444652,
1953-04-30,-0.00531050899718,
1953-05-31,0.00118094143289,
1953-06-30,-0.000748625481638,
1953-07-31,0.0105477579241,
1953-08-31,0.0399003418123,
1953-09-30,0.000262601875927,
1953-10-31,-0.00544501173419,
1953-11-30,0.0077474408022,
1953-12-31,0.0262144356939,
1954-01-31,-0.0101999417773,
1954-02-28,0.002075637407,
1954-03-31,0.000599084581206,
1954-04-30,0.0117649316805,
1954-05-31,-0.000543333343729,
1954-06-30,0.0132722198903,
1954-07-31,0.0186311728787,
1954-08-31,0.00752896868675,
1954-09-30,0.00552605893529,
1954-10-31,-0.00958869539458,
1954-11-30,0.0155273788758,
1954-12-31,-0.0168778494222,
1955-01-31,0.00758299933861,
1955-02-28,0.000828554414436,
1955-03-31,-0.010864006554,
1955-04-30,0.0160703912929,
1955-05-31,0.00100629987365,
1955-06-30,-0.00508405627609,
1955-07-31,0.0283168366225,
1955-08-31,-0.013489692615,
1955-09-30,-0.00404576425489,
1955-10-31,0.000982636684195,
1955-11-30,-0.0263023378622,
1955-12-31,-0.0155941836824,
1956-01-31,0.0189712168522,
1956-02-29,-0.00931646916152,
1956-03-31,-0.0132650044576,
1956-04-30,-0.0108807795289,
1956-05-31,0.0170400837546,
1956-06-30,-0.0133107928397,
1956-07-31,-0.00779659953037,
1956-08-31,0.0116138946621,
1956-09-30,0.00203619121138,
1956-10-31,-0.000253264568653,
1956-11-30,-0.00812460476754,
1956-12-31,-0.0262813175886,
1957-01-31,0.0529551968065,
1957-02-28,0.0151185140985,
1957-03-31,0.00664094243999,
1957-04-30,0.00529108755207,
1957-05-31,-0.0147713942767,
1957-06-30,-0.0120900714443,
1957-07-31,0.0102070356546,
1957-08-31,0.0345362660204,
1957-09-30,0.037960107219,
1957-10-31,0.0110907286282,
1957-11-30,0.0151328483195,
1957-12-31,0.0653965376637,
1958-01-31,0.00499882689887,
1958-02-28,0.0468136936531,
1958-03-31,0.0103368256467,
1958-04-30,0.0268208153669,
1958-05-31,0.00597165528539,
1958-06-30,0.00384305764058,
1958-07-31,-0.026279655603,
1958-08-31,0.00442203370053,
1958-09-30,-0.000397783583828,
1958-10-31,0.0220709072837,
1958-11-30,0.0170801861198,
1958-12-31,0.0358672579345,
1959-01-31,0.0254468892328,
1959-02-28,0.00956042714355,
1959-03-31,0.00414203519196,
1959-04-30,-0.011179040949,
1959-05-31,-0.00902923484441,
1959-06-30,-0.0177685883619,
1959-07-31,0.0233089090383,
1959-08-31,0.0337251571096,
1959-09-30,-0.000385732319916,
1959-10-31,-0.0164008092204,
1959-11-30,-0.00816953534385,
1959-12-31,0.000222384313195,
1960-01-31,0.0212721182059,
1960-02-29,0.00316286861326,
1960-03-31,0.0235960826317,
1960-04-30,0.0284083505028,
1960-05-31,-0.0122021614411,
1960-06-30,0.0379981960413,
1960-07-31,0.0238055400542,
1960-08-31,0.0264553596101,
1960-09-30,0.000996193572085,
1960-10-31,0.0109724896224,
1960-11-30,0.01563818862,
1960-12-31,0.0235948551093,
1961-01-31,0.0217888438872,
1961-02-28,0.0238121373892,
1961-03-31,0.0256413008142,
1961-04-30,0.0282262201317,
1961-05-31,0.00569785101047,
1961-06-30,0.00679835410564,
1961-07-31,0.007726787447,
1961-08-31,0.0409525260308,
1961-09-30,0.0311934551423,
1961-10-31,0.0469614068732,
1961-11-30,0.0316539240282,
1961-12-31,-0.0284569244504,
1962-01-31,-0.0239570264323,
1962-02-28,0.0149679973599,
1962-03-31,0.0108869492463,
1962-04-30,0.00397688239,
1962-05-31,-0.0414145402005,
1962-06-30,0.00227638283562,
1962-07-31,-0.00090228780241,
1962-08-31,0.000201598192601,
1962-09-30,0.017787232495,
1962-10-31,-0.011343223688,
1962-11-30,-0.0350421711435,
1962-12-31,0.0281218125552,
1963-01-31,0.0289773525492,
1963-02-28,0.0123705982877,
1963-03-31,-0.000571766730051,
1963-04-30,0.00320156302319,
1963-05-31,-0.00975838738183,
1963-06-30,0.00518336066667,
1963-07-31,0.00812285494561,
1963-08-31,-0.0121583021908,
1963-09-30,0.0106865105713,
1963-10-31,-0.0187560528198,
1963-11-30,-0.00519820304012,
1963-12-31,0.000128844925439,
1964-01-31,0.006128170058,
1964-02-29,-0.00501539108182,
1964-03-31,-0.00188250649265,
1964-04-30,0.0252590389346,
1964-05-31,0.00520341132892,
1964-06-30,0.00786500165947,
1964-07-31,0.0216441240958,
1964-08-31,0.00937714229384,
1964-09-30,-0.0183964372704,
1964-10-31,0.00616234381516,
1964-11-30,0.0199296029169,
1964-12-31,-0.000335661759208,
1965-01-31,0.000621773244734,
1965-02-28,-0.00087994261063,
1965-03-31,-0.00465641206738,
1965-04-30,-0.00443026601482,
1965-05-31,-0.000130627294778,
1965-06-30,0.000787255516389,
1965-07-31,-0.00961776685435,
1965-08-31,-0.0194393831477,
1965-09-30,-0.0125852342421,
1965-10-31,-0.0174122738817,
1965-11-30,-0.0206184210278,
1965-12-31,-0.00107659248726,
1966-01-31,0.013528454889,
1966-02-28,-0.0169687341684,
1966-03-31,0.00371218867862,
1966-04-30,-0.0109811830668,
1966-05-31,0.000142677661123,
1966-06-30,-0.0136584819097,
1966-07-31,-0.000165113784667,
1966-08-31,-0.0300051519866,
1966-09-30,0.0125790340036,
1966-10-31,0.0214221034179,
1966-11-30,-0.052925443123,
1966-12-31,-0.00744980202451,
1967-01-31,0.0139919447694,
1967-02-28,0.0261722006639,
1967-03-31,0.00806739781112,
1967-04-30,0.0170621398934,
1967-05-31,0.0200809638023,
1967-06-30,-0.0163436631571,
1967-07-31,0.045597889264,
1967-08-31,0.0226610268674,
1967-09-30,0.0212992087807,
1967-10-31,-0.000365496096202,
1967-11-30,-0.00751137316669,
1967-12-31,0.00196293160495,
1968-01-31,0.0629245381006,
1968-02-29,0.0213076157118,
1968-03-31,-0.0158410695747,
1968-04-30,0.00169513876508,
1968-05-31,0.0181385487945,
1968-06-30,0.0689270647208,
1968-07-31,0.0247487191309,
1968-08-31,0.00146199785357,
1968-09-30,0.00710841549565,
1968-10-31,0.0322095927395,
1968-11-30,0.0257083840405,
1968-12-31,0.0104509568801,
1969-01-31,0.00687733671248,
1969-02-28,-0.00307086839145,
1969-03-31,-0.0176407909365,
1969-04-30,-0.0048308751381,
1969-05-31,0.0176363355406,
1969-06-30,-0.0130949802613,
1969-07-31,-0.010448269151,
1969-08-31,-0.0131443867083,
1969-09-30,0.00118318700376,
1969-10-31,0.0119640726422,
1969-11-30,-0.0037503708384,
1969-12-31,0.00566342209004,
1970-01-31,0.00983384212962,
1970-02-28,0.0261454646969,
1970-03-31,0.041814685488,
1970-04-30,0.0138937550872,
1970-05-31,-0.0498748412723,
1970-06-30,0.0439207273675,
1970-07-31,0.033963706491,
1970-08-31,-0.0109380750511,
1970-09-30,-0.0548168617128,
1970-10-31,0.0432841315885,
1970-11-30,0.0436887026278,
1970-12-31,0.0605044532172,
1971-01-31,-0.0154116960155,
1971-02-28,-0.00280592264126,
1971-03-31,0.000634565384175,
1971-04-30,-0.00267315610832,
1971-05-31,-0.00422710530636,
1971-06-30,0.0155025337732,
1971-07-31,0.0152278908375,
1971-08-31,-0.000362356058822,
1971-09-30,0.000830873800817,
1971-10-31,0.00840297828639,
1971-11-30,-0.000553890850763,
1971-12-31,0.0298323329944,
1972-01-31,-0.0423165593364,
1972-02-29,-0.00338027965768,
1972-03-31,0.0130449597914,
1972-04-30,-0.00298927000723,
1972-05-31,0.0102131494526,
1972-06-30,0.000643270829089,
1972-07-31,0.0144729577133,
1972-08-31,0.0228468467071,
1972-09-30,0.00298281220143,
1972-10-31,0.0244923709488,
1972-11-30,0.0304182565992,
1972-12-31,0.0154368588508,
1973-01-31,-0.00846153025568,
1973-02-28,-0.000236246783652,
1973-03-31,-0.00605457303559,
1973-04-30,0.0128517428311,
1973-05-31,0.00709877651128,
1973-06-30,-0.00785561026759,
1973-07-31,-0.039443560638,
1973-08-31,-0.0026737721427,
1973-09-30,0.0224469399585,
1973-10-31,0.0135075156806,
1973-11-30,-0.0412183742731,
1973-12-31,0.0159660761956,
1974-01-31,-0.0204784419192,
1974-02-28,0.0237202771569,
1974-03-31,0.00630253338648,
1974-04-30,-0.0347674019163,
1974-05-31,-0.0159612898696,
1974-06-30,-0.00370936332997,
1974-07-31,-0.0027979873619,
1974-08-31,-0.0477456702507,
1974-09-30,-0.0109460795422,
1974-10-31,0.0457505300289,
1974-11-30,-0.0146550734573,
1974-12-31,-0.0266786293537,
1975-01-31,0.0483522759653,
1975-02-28,-0.00690963232733,
1975-03-31,-0.040624717693,
1975-04-30,0.0114808394051,
1975-05-31,0.0139287177821,
1975-06-30,0.0294621754507,
1975-07-31,0.0401492065766,
1975-08-31,-0.00291825701559,
1975-09-30,0.0255994981819,
1975-10-31,0.0194071832265,
1975-11-30,0.0147350584324,
1975-12-31,-0.018006098197,
1976-01-31,0.0253726803676,
1976-02-29,0.00663634130821,
1976-03-31,-0.00451334084553,
1976-04-30,0.0250140077656,
1976-05-31,0.00210762854811,
1976-06-30,-0.0133556106624,
1976-07-31,0.0186596702774,
1976-08-31,0.0138344697852,
1976-09-30,0.0172465923365,
1976-10-31,0.0111743088635,
1976-11-30,0.00449829480333,
1976-12-31,0.0316607207043,
1977-01-31,0.0407226532952,
1977-02-28,0.0248888316407,
1977-03-31,0.0122990494523,
1977-04-30,0.0105566231493,
1977-05-31,0.0103531825158,
1977-06-30,-0.0022285670275,
1977-07-31,0.0286028880144,
1977-08-31,0.00343674649345,
1977-09-30,0.00411782678065,
1977-10-31,0.00183007815762,
1977-11-30,0.00279532380516,
1977-12-31,0.023692078431,
1978-01-31,0.0023431743338,
1978-02-28,0.0149064542368,
1978-03-31,0.0163330547264,
1978-04-30,0.0320638015699,
1978-05-31,0.0221198082952,
1978-06-30,0.0209944430257,
1978-07-31,0.00373601098582,
1978-08-31,0.0464945645161,
1978-09-30,0.0238936313288,
1978-10-31,-0.037531850773,
1978-11-30,-0.0421394820677,
1978-12-31,0.00219820754228,
1979-01-31,0.0334040012563,
1979-02-28,0.0103671752629,
1979-03-31,-0.0135334244853,
1979-04-30,0.0112893435179,
1979-05-31,-0.00123253032135,
1979-06-30,0.0164920122813,
1979-07-31,0.0160037269939,
1979-08-31,0.019564485303,
1979-09-30,0.00393788958042,
1979-10-31,-0.047025100113,
1979-11-30,-0.0160030022312,
1979-12-31,0.00835788153615,
1980-01-31,0.026310745063865167,
1980-02-29,-0.015324238489044443,
1980-03-31,-0.04709093422482439,
1980-04-30,0.0208813790434371,
1980-05-31,0.03648337294703623,
1980-06-30,0.03692803743748649,
1980-07-31,-0.009418457690713616,
1980-08-31,0.015236304479847185,
1980-09-30,0.012859699483315683,
1980-10-31,-0.002188795338234283,
1980-11-30,-0.06256040360352605,
1980-12-31,0.009158151480537158,
1981-01-31,0.04713816409313644,
1981-02-28,0.019599999364957026,
1981-03-31,0.03667121501568371,
1981-04-30,0.056691679047243634,
1981-05-31,-0.003580777335480005,
1981-06-30,0.054433898694709514,
1981-07-31,-0.013369019484945502,
1981-08-31,0.020031312098211795,
1981-09-30,-0.01621666791849275,
1981-10-31,-0.019378011256757782,
1981-11-30,0.0436990303744408,
1981-12-31,0.022087442012614457,
1982-01-31,0.00023393023826671347,
1982-02-28,0.030228170294255903,
1982-03-31,0.016439101655076564,
1982-04-30,0.02144158583410995,
1982-05-31,0.02479976073697298,
1982-06-30,-0.004936251451659115,
1982-07-31,0.014893420004779938,
1982-08-31,-0.022653223728055373,
1982-09-30,0.07546412681468087,
1982-10-31,0.02781351359235357,
1982-11-30,0.06728884381596312,
1982-12-31,0.030386581154194615,
1983-01-31,0.026829320586353497,
1983-02-28,0.08325791231526321,
1983-03-31,0.06530886086107535,
1983-04-30,0.04666846939611703,
1983-05-31,0.03126876276905499,
1983-06-30,0.028841761376419306,
1983-07-31,0.03798909943181321,
1983-08-31,-0.00878687418028717,
1983-09-30,0.034663741315529566,
1983-10-31,0.03480746903395109,
1983-11-30,-0.001266602450724625,
1983-12-31,0.013573056714771053,
1984-01-31,0.03295790384859625,
1984-02-29,-0.01921849571803589,
1984-03-31,-0.0022384263363073044,
1984-04-30,-0.0019264783423687901,
1984-05-31,0.017706889916506166,
1984-06-30,0.007515125766790875,
1984-07-31,0.029084460893550046,
1984-08-31,0.0002579009071164082,
1984-09-30,0.04447620799951548,
1984-10-31,0.026856617492893184,
1984-11-30,0.012597041244634965,
1984-12-31,0.0025799375979404533,
1985-01-31,0.020815704303307987,
1985-02-28,0.04794638626621783,
1985-03-31,0.03316019745193958,
1985-04-30,0.03319173369547487,
1985-05-31,0.015493877858024823,
1985-06-30,0.029469958071185874,
1985-07-31,-0.004758572085982604,
1985-08-31,0.007969164061086578,
1985-09-30,0.0047963402604518385,
1985-10-31,0.022234177858028472,
1985-11-30,0.023934708291784852,
1985-12-31,0.03161468091789418,
1986-01-31,0.01812294728056124,
1986-02-28,0.043998137974540885,
1986-03-31,0.04528102923227438,
1986-04-30,0.018679689652810166,
1986-05-31,0.03324440855337687,
1986-06-30,0.05117906976118273,
1986-07-31,0.014194401451225257,
1986-08-31,-0.01585303054623454,
1986-09-30,-0.024361837297670746,
1986-10-31,-0.014610655640654507,
1986-11-30,-0.009658643393176939,
1986-12-31,-0.022155638995867918,
1987-01-31,0.036335605272604356,
1987-02-28,0.005309570737392438,0.0059930272493864695
1987-03-31,0.04936591600210486,0.04804907163410954
1987-04-30,0.004210107168185068,0.0014186388340868775
1987-05-31,-0.0035067435620318127,-0.0034668301315657923
1987-06-30,0.022529161816650344,0.022222783907513918
1987-07-31,0.04250783368333801,0.03793692389796496
1987-08-31,-0.005413304054848422,-0.003935208260048262
1987-09-30,0.0005719449599700031,-0.0014154803661130754
1987-10-31,-0.1269048427574948,-0.12454521380654443
1987-11-30,0.04357617762615732,0.04116963871267334
1987-12-31,-0.09258688711551956,-0.0870759534668519
1988-01-31,0.03728570882330041,0.03859874276727248
1988-02-29,-0.011782786423039244,-0.00958656587519456
1988-03-31,0.05520787235465491,0.05292562633191902
1988-04-30,0.018548242440470077,0.017753933270772435
1988-05-31,0.009896041811647669,0.00925766241419708
1988-06-30,-0.005386846074086469,-0.0032878306491776177
1988-07-31,0.015841784842658503,0.016327051531552148
1988-08-31,0.014608717850864086,0.014215719365592678
1988-09-30,-0.021348098721583227,-0.018734743912450457
1988-10-31,0.0021000063690916537,0.00402989847004931
1988-11-30,-0.019299358512867456,-0.01772869510472216
1988-12-31,-0.02530315615550051,-0.02980760610352891
1989-01-31,0.008555112238148935,0.005911707232785527
1989-02-28,0.010442967244790042,-0.012202431024859703
1989-03-31,0.020628464895182184,-0.018171125502203726
1989-04-30,0.008965257810680865,0.007576540073368332
1989-05-31,-0.0043841285564053135,0.011540847085577744
1989-06-30,0.020088372052294343,0.02622343376234508
1989-07-31,0.008610077997747236,0.005987936679908715
1989-08-31,0.009173169303281839,0.03421106923901602
1989-09-30,0.0007990054532094857,0.026800789011147328
1989-10-31,0.004908050669117013,0.010420934096142573
1989-11-30,0.013103708337241676,0.0009657372929017744
1989-12-31,-0.009039624005489126,0.028240642265095334
1990-01-31,-0.00215064634620537,0.03435268843786569
1990-02-28,-0.013522372007324037,-0.0006490771355491028
1990-03-31,-0.0020774248240344713,-0.007667279339835062
1990-04-30,-0.024583273117587446,-0.0357856232677415
1990-05-31,-0.02009663627842781,0.006720409544597225
1990-06-30,0.013268179816898096,0.059526819642088794
1990-07-31,0.004657827002069716,0.03251793556931179
1990-08-31,-0.02074324410942675,-0.02799927348476843
1990-09-30,0.0005015401096144091,-0.01155421795842565
1990-10-31,-0.04053976965584502,-0.038408908576345976
1990-11-30,-0.05116932435232557,-0.041857294274508045
1990-12-31,-0.012419237696410991,-0.03618112563255656
1991-01-31,-0.061326921052850376,-0.051787885372331637
1991-02-28,0.015564713317131246,0.01977272361106932
1991-03-31,0.014192521134319215,0.0045998422070572635
1991-04-30,0.04850525770329563,0.04387506907074511
1991-05-31,0.012441150170593907,-0.011432198728438486
1991-06-30,0.025821367947908697,0.012581656665233112
1991-07-31,0.003257719504651929,-0.018610284506846656
1991-08-31,0.013485108502672686,-0.010573964103436924
1991-09-30,0.028755737372384446,0.01678481925316804
1991-10-31,0.02175583116712813,0.004851272990024932
1991-11-30,0.026037180327713356,0.022696721624440835
1991-12-31,-0.03285692830751821,-0.024662405851074196
1992-01-31,0.0537523284754954,0.0006169294053639494
1992-02-29,0.038376454824702734,0.010154834680980487
1992-03-31,0.02412175168753651,0.0013763840083601438
1992-04-30,-0.003121676143312132,-0.013521226350060202
1992-05-31,0.011482140124311665,0.021488154004683086
1992-06-30,0.016240394364165984,0.02982256475361019
1992-07-31,0.012909280630442313,-0.013789443132331564
1992-08-31,0.010386181249078355,-0.013020913502729539
1992-09-30,0.01734906000238929,0.0037858498513219357
1992-10-31,-0.004367483678486052,-0.020778824990350404
1992-11-30,-0.005681822854592984,-0.028218589729749347
1992-12-31,0.03440138442138432,0.042972025996532
1993-01-31,0.07911146550757911,0.0415909651134469
1993-02-28,0.058396371368855525,0.041863615164092705
1993-03-31,0.046198061555654264,0.042896779434288115
1993-04-30,0.04899455442218655,0.05450720495317819
1993-05-31,0.009372549662164704,0.054654748036048625
1993-06-30,0.03565555359409313,0.00762946797838482
1993-07-31,0.03584905233954353,0.0130735109426796
1993-08-31,0.022385995217972465,0.02200478335977686
1993-09-30,0.0309410299830126,0.033586431833713154
1993-10-31,0.03270764379736303,0.007064049992400175
1993-11-30,-0.03497480518311531,-0.014054727497270368
1993-12-31,0.01282309560712579,0.0016917852979979994
1994-01-31,0.03491331280608609,0.025048759123633545
1994-02-28,-0.012295270312135995,0.015058023969351998
1994-03-31,-0.008093748162716912,-0.0021389901059508023
1994-04-30,-0.01259501181291135,0.0011827724624952594
1994-05-31,0.008894679401067819,0.00308615353788447
1994-06-30,0.014944068289078705,0.022740701485981937
1994-07-31,-0.0072627788744550935,-0.00746907055154933
1994-08-31,-0.022867094551083624,-0.009805896580551003
1994-09-30,0.038334823877728734,0.021459898917329585
1994-10-31,-0.020203465682030807,-0.016111338022595664
1994-11-30,-0.03909372909611582,-0.027543877849312733
1994-12-31,-0.030590544726493807,-0.015323920573623064
1995-01-31,0.012879326550683117,-0.001714459721803157
1995-02-28,0.013375762569169572,0.0009625631596642814
1995-03-31,0.012059053498260055,0.020406368686082664
1995-04-30,0.013032120423733225,0.005003628365991074
1995-05-31,0.014334743578532193,0.007547685189167092
1995-06-30,0.018337499615699283,0.006077435905921147
1995-07-31,0.015996769438102867,-0.005573066634227594
1995-08-31,0.03442621273529481,0.004136469698114917
1995-09-30,0.03192086395247552,0.023054961396952435
1995-10-31,-0.00395207100686166,-0.005464164318060264
1995-11-30,-0.0104673501705809,-0.01578019962001756
1995-12-31,0.022507176241082474,0.016050918932854673
1996-01-31,0.0439629174516149,0.013600547308427439
1996-02-29,0.008156367994294977,0.01574502687207287
1996-03-31,0.02593285277064881,0.006468535259695949
1996-04-30,0.0007705331153744588,0.02682173553548828
1996-05-31,0.03722761144089896,0.019314693473153777
1996-06-30,0.03414342962672845,0.023359590445813407
1996-07-31,-0.0014660371765455357,0.008288819188204859
1996-08-31,0.010902578935198515,-2.86490543184001e-06
1996-09-30,0.013128153392066381,-0.0003693905702356263
1996-10-31,0.03270299864351211,0.02199191906741685
1996-11-30,0.009024547198364265,0.0031003398458799673
1996-12-31,0.024537728390436272,0.008143865241322604
1997-01-31,0.039462911425919935,0.009367139242122626
1997-02-28,0.05868329924517428,0.03247216031037921
1997-03-31,0.029809848617622803,0.012969004723312735
1997-04-30,-0.014610279573034308,-0.011619907304628743
1997-05-31,-0.017381756938317793,0.005599058967676094
1997-06-30,0.057524185180854295,0.03188133939758254
1997-07-31,0.009192147460337396,-0.0036083600617394665
1997-08-31,0.021585478257816756,0.011919451453362036
1997-09-30,0.08236707000552994,0.043483650125723854
1997-10-31,0.046255581554168555,0.018114195228046272
1997-11-30,0.016549425985500587,-0.001985484065472053
1997-12-31,0.06699002857463261,0.026909737536747656
1998-01-31,-0.013591698053689451,-0.01782434950580297
1998-02-28,0.0008864628517027574,-0.006061162033573253
1998-03-31,0.03722015442024736,0.03344904825202781
1998-04-30,0.031567438649203944,0.027383100387008114
1998-05-31,0.017629869824951475,0.01484350575254602
1998-06-30,-0.011922975316703204,-0.01337970693269906
1998-07-31,-0.0028844624650942634,-0.0024632083378124427
1998-08-31,-0.00866011901782685,0.002697731121158074
1998-09-30,-0.0376681866457856,-0.007927084201366681
1998-10-31,-0.08714305296082883,-0.07185159116444038
1998-11-30,-0.03648223558341943,-0.02931382966863199
1998-12-31,-0.02847039222129528,0.004506781761741879
1999-01-31,-0.03760456350783788,-0.026984397281305663
1999-02-28,0.00937681426493066,0.008438306078712904
1999-03-31,-0.07324356694075579,-0.03631461982974962
1999-04-30,-0.002180670577064409,-0.0039566491745899705
1999-05-31,0.04016580634156682,0.04047125273930298
1999-06-30,-0.007344706292019779,0.00998687065694836
1999-07-31,0.0002815529679600099,0.030364226139230233
1999-08-31,-0.026767586304829807,-0.008997354495712453
1999-09-30,-0.04983145248501515,-0.007859967814934865
1999-10-31,-0.024340416425183295,-0.01639681417898454
1999-11-30,-0.11979227543143678,-0.06976276597269243
1999-12-31,-0.11303768926780541,-0.06353866900219743
2000-01-31,-0.002046183373498217,0.015027208436244877
2000-02-29,-0.13417521852747474,-0.0862039406843459
2000-03-31,0.0012887477674893841,0.011477122641294446
2000-04-30,0.06880057777436115,0.030098876942624902
2000-05-31,0.060508931137381795,0.04296468406095238
2000-06-30,-0.10133658643115177,-0.03755937518340068
2000-07-31,0.06146912885614955,0.03668298990054872
2000-08-31,-0.05129344403592656,-0.04691175371034938
2000-09-30,0.08177513113021269,0.05182837840320495
2000-10-31,0.012794126203215149,0.0005548799786389913
2000-11-30,0.13498779820348014,0.08957577997661438
2000-12-31,0.08366224407051967,0.07179084383131018
2001-01-31,-0.15675130351822175,-0.09448599285418877
2001-02-28,0.15361671547919264,0.1002231443145864
2001-03-31,0.1055230783008028,0.05918889473078001
2001-04-30,-0.04784753441871331,-0.03916927211736648
2001-05-31,0.06576310334401737,0.05516650004571258
2001-06-30,0.03429681603539162,0.037818534861031795
2001-07-31,0.0707480783542436,0.06568844787729548
2001-08-31,0.07001786356233378,0.06302795497165058
2001-09-30,0.05199962187983241,0.0395980256133061
2001-10-31,-0.07058582267587221,-0.06378889600626468
2001-11-30,-0.06441151633110488,-0.05572474998070489
2001-12-31,0.019590105773049208,0.025397372026547755
2002-01-31,0.0519925147458031,0.02742537397508333
2002-02-28,0.09665274352108755,0.06600356487187163
2002-03-31,0.03125593671220872,0.021646081416549084
2002-04-30,0.1295296236629587,0.10563427040183192
2002-05-31,0.07441851550717873,0.07463093090442031
2002-06-30,0.08077872716372222,0.08324691715357918
2002-07-31,-0.012926391379387957,0.008088938302420735
2002-08-31,0.03116483159697845,0.019214381407269315
2002-09-30,0.055749634259389655,0.05842753713153354
2002-10-31,-0.08955285857370739,-0.07875841729363327
2002-11-30,-0.1443249054916479,-0.09842427327275508
2002-12-31,0.12190509125533391,0.1192476342926924
2003-01-31,0.015699959877607854,0.024841622455276713
2003-02-28,0.018581002199805297,0.020254697066067175
2003-03-31,0.01200904433435637,0.01169947592959476
2003-04-30,-0.03445376329646928,-0.0450111492059025
2003-05-31,-0.05611057954657912,-0.024445536238358438
2003-06-30,0.01878403479191286,0.0055172596143181615
2003-07-31,0.005564065866695656,0.004907148771297863
2003-08-31,0.001514669237685208,-0.007197691817413425
2003-09-30,0.018721224927905733,0.049903139068102606
2003-10-31,0.0027008415918496932,-1.216707740926692e-05
2003-11-30,0.04613698803597179,0.04788416192979407
2003-12-31,0.0633706504863573,0.063270182416792
2004-01-31,-0.015786333360801652,-0.005327071221411996
2004-02-29,0.05338265604855674,0.044432359284031026
2004-03-31,0.05227039268383407,0.049003644450358326
2004-04-30,0.0002718875391715548,-0.00033579305031036436
2004-05-31,0.003470224369153608,0.015922210577871115
2004-06-30,0.025076618793646782,0.015228874788035193
2004-07-31,0.05983373867825036,0.05120272158724286
2004-08-31,0.027022304926403416,0.024093767787218393
2004-09-30,0.029790438243028454,0.026741297123560975
2004-10-31,0.015246358991988177,0.02912584893962773
2004-11-30,0.0306233664509406,0.03833603092387727
2004-12-31,0.015069093551842402,0.023597146592300756
2005-01-31,0.03920111906881696,0.020130055701061144
2005-02-28,0.03405637122105595,0.036205873842911754
2005-03-31,0.005638047852340872,0.011770035332584864
2005-04-30,0.013683236736682071,0.013756090710084276
2005-05-31,-0.0189420315904988,-0.0264196637920944
2005-06-30,0.03670442745359233,0.01876356199241075
2005-07-31,0.0168754783350858,0.013413597697159226
2005-08-31,0.002938141377267801,0.012178907584563373
2005-09-30,0.002217614833512488,0.003466792073279749
2005-10-31,-0.022090354849238183,-0.010762462748116302
2005-11-30,0.00014922075871520203,-0.004657476404716737
2005-12-31,0.014151132348852957,0.019523066396447113
2006-01-31,0.00917363519902535,0.019877548896715787
2006-02-28,0.0061619000105003615,0.009991345380362596
2006-03-31,0.010659390481093973,0.014205985269869787
2006-04-30,0.013842813705802,0.04030319786983995
2006-05-31,0.0037686694093479333,0.016792080399025768
2006-06-30,0.0006839536072976249,-0.008475412780285067
2006-07-31,0.020609155935434244,0.018577504705672515
2006-08-31,-0.004617981629553229,-0.005379585642671916
2006-09-30,-0.0015716171251106044,0.00027703511278870125
2006-10-31,0.004730098920392758,0.0052960901125255104
2006-11-30,0.014881755049045164,0.025367989735840937
2006-12-31,0.02520381425026933,0.013705167399435468
2007-01-31,0.014955465155700776,0.019038109487923758
2007-02-28,0.011714324407405372,0.02872852630258517
2007-03-31,0.0005560032085666286,0.012360794079297036
2007-04-30,0.00880336173735865,0.02804067213592188
2007-05-31,-0.011787310321420377,0.005237184488067068
2007-06-30,0.008029778723245312,0.012718113662727366
2007-07-31,-0.0057899646979968,0.02028845609584038
2007-08-31,-0.029447918001595977,-0.024378273059352234
2007-09-30,0.01428022784086099,0.010826956359627448
2007-10-31,0.0019809022217900617,-0.0035537703255341547
2007-11-30,-0.04022293509976792,-0.009040113407103952
2007-12-31,-0.024467705850623748,-0.015416742800144066
2008-01-31,-0.020608607362115124,-0.0033063939575061854
2008-02-29,0.022421926919892535,0.008253108433592043
2008-03-31,-0.06701844342854996,-0.027707832761843444
2008-04-30,-0.01964168641730128,-0.028345278278878647
2008-05-31,0.008613656590390597,0.010780800568105722
2008-06-30,0.004197476519111854,0.027964062731699702
2008-07-31,-0.06786132402824781,-0.04514192391307632
2008-08-31,-0.013670196842702483,-0.028217680340825106
2008-09-30,-0.09060570129538395,-0.04009298714045417
2008-10-31,-0.05057774934166194,-0.06482925458731026
2008-11-30,-0.035247010292543485,-0.02541021317855089
2008-12-31,-0.0742002471624757,-0.04239609818342848
2009-01-31,0.1151704980403417,0.05389636730784658
2009-02-28,-0.003382704859861558,-0.001290525365250622
2009-03-31,-0.026157201936527857,-0.04345208038675602
2009-04-30,-0.07844219812793299,-0.07286166280704134
2009-05-31,0.0656845449178856,0.07137866477824212
2009-06-30,0.09083690116254174,0.06029571862212437
2009-07-31,-0.03627666370755726,-0.020354529236104386
2009-08-31,-0.023784249309991602,0.005655663009106915
2009-09-30,-0.0037050112561011306,0.02433719738956395
2009-10-31,0.008471385834410546,0.03309122224702739
2009-11-30,-0.011886591317203519,0.012420201323068696
2009-12-31,0.009534435803980662,-0.01802809605615322
2010-01-31,0.009992585035584563,0.017526400002107593
2010-02-28,0.007679298538524239,0.009091869113335309
2010-03-31,0.015455108980529013,-0.0024259503835162123
2010-04-30,0.014986359450808246,0.017434189163070785
2010-05-31,-0.0055137642354668726,-0.003876653210823573
2010-06-30,0.023131337563913976,0.0322203861431707
2010-07-31,-0.023352968266257535,-0.007298925427361517
2010-08-31,0.016492430588043044,0.019714916844374097
2010-09-30,-0.011843581182266852,0.002117745741489276
2010-10-31,0.020290323724356685,0.01689445745236787
2010-11-30,-0.005117265866647864,-0.008691898282918413
2010-12-31,-0.001553097997932816,0.004259457376371779
2011-01-31,0.030171599346893768,0.027303276976476307
2011-02-28,0.006442499001374148,0.013563072036095756
2011-03-31,0.004280377306664741,0.011158560828498556
2011-04-30,0.00550939633976919,0.022960264060335616
2011-05-31,0.014302782753123203,0.010919634807232934
2011-06-30,0.004107156376393696,0.008306586805733658
2011-07-31,-0.0042196073988503904,0.014660664660483092
2011-08-31,0.007666510130728524,0.009460830398931275
2011-09-30,0.02035336583442365,0.008178136495116336
2011-10-31,-0.05974968322273744,-0.04021840655105182
2011-11-30,0.006128964829815036,0.005952356417149615
2011-12-31,0.012677731494850644,0.009788475695421805
2012-01-31,0.006886438135006993,-0.012105170270064306
2012-02-29,0.025682074815113268,0.011951457849379798
2012-03-31,0.039423511059318454,0.031094827412634127
2012-04-30,0.028937982945909456,0.03188781493475049
2012-05-31,0.023499161770493618,0.018404400429753106
2012-06-30,0.010792659654140852,0.006453391425858499
2012-07-31,0.010432953934940306,0.010557373490805051
2012-08-31,-0.008661573248065475,-0.0007939159615868191
2012-09-30,0.00773784295041169,0.008418346230040029
2012-10-31,0.020052916902162418,0.012553258377500678
2012-11-30,-0.013398194086521995,-0.0018692444834156941
2012-12-31,-0.010530287320135608,-0.010217965503063482
2013-01-31,0.0438704831180903,0.020445905666564127
2013-02-28,0.01886038204927601,0.016257288482797692
2013-03-31,0.02342250522462673,0.02684700831084694
2013-04-30,0.016698996080169455,0.012629365658793402
2013-05-31,-0.014946574148839698,-0.016356573745478664
2013-06-30,0.020689002654256824,0.023033196835519278
2013-07-31,0.018052883111299902,0.010630887270496502
2013-08-31,-0.0038530086673782874,0.007122689710208225
2013-09-30,0.007693484696327418,0.011774298686057602
2013-10-31,0.028826346428697032,0.021629927471078093
2013-11-30,0.019499016476105965,0.017594897250174924
2013-12-31,0.0028575249222973337,0.00713845168725271
2014-01-31,0.020575665344804952,0.023146360462612696
2014-02-28,-0.0019070198733638767,0.009676816576843331
2014-03-31,0.015793430974021392,0.023357697234437994
2014-04-30,0.002042036827850253,0.011701099957323532
2014-05-31,0.010669400065771103,0.008894868418113553
2014-06-30,-0.0038714376012840214,0.005526178795408526
2014-07-31,0.010085092454321773,0.007920928769119063
2014-08-31,0.017029942785327046,0.011033341902430507
2014-09-30,0.024669968994609843,0.010356809912480796
2014-10-31,0.02092760059116286,0.011720785098915271
2014-11-30,0.023637534390305984,0.00821801810194315
2014-12-31,0.002966282902693302,0.00520971099239657
2015-01-31,0.02608875748709761,0.005322935790949644
2015-02-28,-0.02075366736211851,-0.01319127996515623
2015-03-31,0.01418437147995228,0.01190858226252498
2015-04-30,-0.02165704326803181,0.0076324475600551426
2015-05-31,0.026699872327323317,0.024640357704238586
2015-06-30,0.019691894529603526,0.02831284787323133
2015-07-31,0.054874100731329395,0.027600424011386508
2015-08-31,-0.015418758457887257,0.002331533254415498
2015-09-30,0.0564215904158148,0.040313323745990635
2015-10-31,-0.010381748608101671,-0.01589727174989883
2015-11-30,0.013447752116189355,0.0018657277623022476
2015-12-31,0.025793677788375994,0.024322331758772034
2016-01-31,0.0070992572487725,0.0061451079066892405
2016-02-29,-0.006427871762282187,0.002056902011268387
2016-03-31,-0.0241396180021376,0.0009056642447720469
2016-04-30,-0.026014732996831456,-0.00496584567541029
2016-05-31,0.022409466917658574,0.01116174580294307
2016-06-30,0.029016917144962073,0.034730020893153135
2016-07-31,0.023345075406070316,0.00793411877558425
2016-08-31,-0.018359594199587423,-0.0019619784795936687
2016-09-30,-0.0015489783742058448,0.012436433205513152
2016-10-31,0.010983102621699494,0.0005008861956547956
2016-11-30,-0.01628326576118068,-0.016298739858359963
2016-12-31,0.03751729216246259,0.016686363852560653
2017-01-31,0.0009608385280809412,0.027635020698436763
2017-02-28,0.01897845155397372,0.02053017240182114
2017-03-31,0.013265222448025742,0.0126839781128309
2017-04-30,0.020494414307027697,0.018089106180182238
2017-05-31,0.023057709804201132,0.02730435630783514
2017-06-30,-0.0002273192497639828,0.013216060724088092
2017-07-31,0.0018351440267914548,0.01768954308229395
2017-08-31,-0.0017379730344343949,0.007328181844864235
2017-09-30,-0.001874665731533773,-0.0010830042437107884
2017-10-31,0.002165990553143815,0.0010083343301288065
2017-11-30,0.02003711247321186,0.02666701764401638
2017-12-31,0.004693389122581181,0.009632844751436345
2018-01-31,-0.00048585318496888413,0.029072252388486958
2018-02-28,-0.021328030736182054,-0.009032466254822685
2018-03-31,0.024715833631632222,0.014635099239542607
2018-04-30,0.0007790225206223775,-0.006138386522068483
2018-05-31,0.006169510589865991,0.0006922648887755871
2018-06-30,0.02367603386209266,0.016187506545052542
2018-07-31,-0.0036900307850189517,-0.005237102159760917
2018-08-31,-0.012109261232722468,-0.007991636093922116
2018-09-30,-0.0062290897645416645,-0.0028757398571115905
2018-10-31,0.02110216925447634,0.008613511674248524
2018-11-30,-0.0017333305159827877,0.001644973184849582
2018-12-31,-0.0001421036337857097,0.006658667571748859
2019-01-31,-0.004814581900105604,-0.008993463969466228
2019-02-28,-0.0004182024501248056,-0.007777491322995054
2019-03-31,0.0021121082117007057,0.005153112121684829
2019-04-30,-0.0013959459610940988,-0.013655685570846579
2019-05-31,0.042343265210963404,0.03677160066164752
2019-06-30,0.0007009242549567878,0.0028903947106021675
2019-07-31,0.02144896523988861,0.010162224118852719
2019-08-31,0.023633867406462165,0.016438842633348882
2019-09-30,-0.011677257277208718,-0.011401062432327675
2019-10-31,-0.0036294435811082353,-0.0018417685429285725
2019-11-30,-0.02826925847955453,-0.022050066730414934
2019-12-31,-0.002375289004767576,0.009436688197052606
2020-01-31,0.04135356642822324,0.03655252260773193
2020-02-29,-0.036833578449356676,-0.025157159488208257
2020-03-31,-0.09640140009853464,-0.07102345856745364
2020-04-30,-0.016621773513839092,-0.016974403424632703
2020-05-31,0.045227178750011164,0.03458660716571743
2020-06-30,0.050411689428845226,0.04325486135038051
2020-07-31,0.0643002181710518,0.06303090787307877
2020-08-31,-0.03968869599763943,-0.015770529594897227
2020-09-30,0.012316229085421192,0.015803400774720325
2020-10-31,-0.019685415314287344,-0.0029794787162973155
2020-11-30,-0.05227162427526506,-0.05667850434499493
2020-12-31,0.0541211182716079,0.0461236010157217
2021-01-31,0.10523156066799051,0.07936058595659119
2021-02-28,-0.020195002063600885,0.008330497929605654
2021-03-31,-0.02990983631641491,-0.009480184770157208
2021-04-30,0.0037313587595883364,0.015242924338362083
2021-05-31,-0.006928619844184962,0.006098834734694341
2021-06-30,0.002032309538371124,0.003507792572190795
2021-07-31,0.03800643770293891,0.026394489303919782
2021-08-31,0.004148962467003041,0.005712310431928269
2021-09-30,-0.02305624487885284,-0.013131889892889758
2021-10-31,0.012512047046310511,0.007571952351356103
2021-11-30,0.00596604652539287,0.0069782215933454185
2021-12-31,0.03538981732969579,0.021051760991049003
2022-01-31,-0.004130213416412473,0.00037517113365846796
2022-02-28,-0.019777995105651928,-0.012747711851450511
2022-03-31,0.0190401852879215,0.007337751376156188
2022-04-30,0.015035128918822669,0.00868701620562438
2022-05-31,0.0005442299908746367,-0.0014351530166495665
2022-06-30,0.019843539562789895,0.016438014821782882
2022-07-31,-0.024600620131656196,-0.0275558051653492
2022-08-31,-0.017998967716634107,-0.00847516961299601
2022-09-30,-0.01200681120331794,-0.008598023919875467
2022-10-31,0.02230357156668912,0.002466267125495729
2022-11-30,0.006675442607881812,-0.0035580362003146773
2022-12-31,-0.004510707278870454,0.00878327774933958
2023-01-31,-0.04556662152349922,-0.035882799159471915
2023-02-28,0.007427348008967289,0.0003381218639514165
2023-03-31,-0.023808075835105625,-0.009488072122563073
2023-04-30,0.000622842628913724,-0.0002394247284199483
2023-05-31,-0.05350388387175877,-0.03270797576749548
2023-06-30,-0.009054947901555803,-0.004847773990628195
2023-07-31,-0.007690630348768717,-0.003133659712393138
2023-08-31,0.016205828726040924,0.009011546087263803
2023-09-30,0.010650279559483309,0.006993067082932476
2023-10-31,0.03611805631628318,0.025557854666555694
2023-11-30,-0.007387383148273629,-0.008570125578110318
2023-12-31,-0.02127473309637124,-0.010785663453261936
2024-01-31,0.01314655163010424,0.011551506598121597
2024-02-29,-0.01262060908202537,-0.014277008746601986
2024-03-31,0.01835860325809705,0.007118489535238855
2024-04-30,0.016181020110442246,0.010306766569039469
2024-05-31,0.008415417397648502,0.006425645738416418
2024-06-30,0.0020546808738264055,0.00574822624614723
2024-07-31,0.018993190365394996,0.017265426554989152
2024-08-31,0.027230175786224005,0.02460226027746018
2024-09-30,0.0007286962138938904,-0.00017102746329491158
2024-10-31,-0.00709898041377453,-0.002869071732218344
2024-11-30,0.0003896766632421674,-0.0008105702692231113
2024-12-31,-0.013516570681625657,-0.012752032304817341
2025-01-31,0.0014108096883408364,0.004914608944533615
2025-02-28,0.03799924461782182,0.02670907207254455
2025-03-31,0.02199228544785018,0.021508288969306216
2025-04-30,-0.0308144094425841,-0.005890301118825877
2025-05-31,-0.01903673305495958,-0.01798577206294503
2025-06-30,-0.024776591137740504,-0.008752962903274781
2025-07-31,-0.012845329372563129,-0.009471342189426274
2025-08-31,0.016548461838747232,0.023214956803893023
2025-09-30,-0.020070489232511805,-0.00950404389930773
2025-10-31,-0.043832736251416614,-0.026538180122313116
2025-11-30,0.044464689421725156,0.03163033981685435
2025-12-31,0.005882061148395592,0.012330764233847786
2026-01-31,0.025774021361296598,0.02315175663540391
2026-02-28,0.03162287121825226,0.023603397740913516
2026-03-31,-0.00788026744265222,0.0034362980149392963
2026-04-30,-0.03398791975809171,-0.025120418305146476
2026-05-31,-0.05558870157674895,-0.04314296656478493
