date,eff_n,top_share
1926-07-31,5.890992260735604,0.24960832419457363
1926-08-31,5.858841317999034,0.2585146202121971
1926-09-30,5.842476909619526,0.26601175410750294
1926-10-31,5.783195511219256,0.274860194568666
1926-11-30,5.775632835290762,0.274716070700917
1926-12-31,5.7729453537620525,0.26989707103537824
1927-01-31,5.879356645055537,0.2681151190915695
1927-02-28,5.919492456712757,0.26782569770871656
1927-03-31,5.945125551797018,0.26931397053916406
1927-04-30,5.8726449710543145,0.2733791405327166
1927-05-31,5.828739280121838,0.27420782953809325
1927-06-30,5.817415185225183,0.2766587852943684
1927-07-31,5.800306700370057,0.2771265823846716
1927-08-31,5.724801521160595,0.2863258608533975
1927-09-30,5.612832395953036,0.2964626048499605
1927-10-31,5.571637468070184,0.30049137761412187
1927-11-30,5.590661109939194,0.29764899025734126
1927-12-31,5.6771262548573755,0.29208819834680155
1928-01-31,5.751130155833079,0.29073232808676014
1928-02-29,5.81413612399932,0.287799299638423
1928-03-31,5.736934763903206,0.2908937557083774
1928-04-30,5.601202762544247,0.3077314954259329
1928-05-31,5.681268810389254,0.2985522382693536
1928-06-30,5.656999999089041,0.30002654777234417
1928-07-31,5.329888959876758,0.31467024958894924
1928-08-31,5.29810148764302,0.3177831822536664
1928-09-30,5.258538623914737,0.32327109946398674
1928-10-31,5.286214482352206,0.32294483503060456
1928-11-30,5.2994893490370245,0.32094462654769057
1928-12-31,5.278926925318069,0.31860020611110623
1929-01-31,5.4033486085060805,0.31681200341854565
1929-02-28,5.349114627221018,0.3196901719234328
1929-03-31,5.420254470749855,0.3145529494153115
1929-04-30,5.274318012687031,0.31964677583027884
1929-05-31,5.258379741285155,0.3225803886472384
1929-06-30,5.240452780604522,0.3200903000908614
1929-07-31,5.322830133594761,0.33687975608087534
1929-08-31,5.372160975011469,0.3298793256293079
1929-09-30,5.343406143372114,0.32322143811218956
1929-10-31,5.393557091362329,0.31985076235956
1929-11-30,5.593396682327976,0.29456624030597134
1929-12-31,5.649276053863187,0.28936492978647516
1930-01-31,5.586292415696487,0.2893338884087158
1930-02-28,5.56830339564433,0.295730164189242
1930-03-31,5.548881551817298,0.29780274372843246
1930-04-30,5.558095597712397,0.29377532138032714
1930-05-31,5.4217508848027105,0.3002438181412375
1930-06-30,5.296928543866901,0.3090159975852701
1930-07-31,3.8342707077465485,0.42796146305526944
1930-08-31,3.8316582422262258,0.4276819150534463
1930-09-30,3.8143018310162855,0.4278790710758636
1930-10-31,3.806703999011336,0.4258046749250996
1930-11-30,3.8214139357556958,0.4206956307946101
1930-12-31,3.805494163844123,0.4225503548132751
1931-01-31,3.7177246992745627,0.4312299630128746
1931-02-28,3.7965349415948153,0.42469066611316314
1931-03-31,3.7131114487029304,0.4365847260886369
1931-04-30,3.6289602730216046,0.44781961682206417
1931-05-31,3.566708509493947,0.45097114090424645
1931-06-30,3.4877624240849974,0.4582247067202909
1931-07-31,2.915215036412259,0.5395600636257168
1931-08-31,2.8516250868486877,0.547712261261323
1931-09-30,2.841131089882273,0.5482818763906964
1931-10-31,2.8836436054003567,0.5379333009852403
1931-11-30,2.8323771350054283,0.5451344404618527
1931-12-31,2.717308973657319,0.5621569835078356
1932-01-31,2.575527986378807,0.5836267456427309
1932-02-29,2.6479230934689437,0.5736703439733808
1932-03-31,2.583402769878497,0.5824669581511555
1932-04-30,2.582758996749919,0.5821690190769175
1932-05-31,2.5595785736242926,0.5868382771930954
1932-06-30,2.5286188360499517,0.5887905206210443
1932-07-31,2.6170129637271313,0.5888776206604033
1932-08-31,2.8455473691019564,0.5582233024589984
1932-09-30,3.096224070659034,0.5304012311795011
1932-10-31,2.962875529594677,0.5468741044731036
1932-11-30,2.8568381030870733,0.5578862771128449
1932-12-31,2.7833063436384853,0.5664071752079377
1933-01-31,2.6910237521803997,0.577435573474588
1933-02-28,2.7497663302232414,0.5702417127154802
1933-03-31,2.7118381199396566,0.5756966388968687
1933-04-30,2.867327469848441,0.5557245503799242
1933-05-31,3.0952264716954283,0.5296073288015111
1933-06-30,3.3140539149338797,0.5106223158580467
1933-07-31,3.400132383781973,0.4991060583413029
1933-08-31,3.328741970319109,0.5069298295814053
1933-09-30,3.4770969224693413,0.4909699126621999
1933-10-31,3.4196912493765725,0.4935422011253959
1933-11-30,3.332028048616554,0.4998404085541015
1933-12-31,3.3438842036968937,0.49823889044652037
1934-01-31,3.3740281577682123,0.49585098786003323
1934-02-28,3.548453313786034,0.48199338491545224
1934-03-31,3.5561885205372135,0.48198602062311297
1934-04-30,3.568700257470317,0.4810264015619281
1934-05-31,3.563823922229695,0.48091923835514666
1934-06-30,3.4960333264517036,0.4862529359612079
1934-07-31,4.6004438793984415,0.3328794522052191
1934-08-31,4.331681018948139,0.34838554357629464
1934-09-30,4.360453326738431,0.34733775548679147
1934-10-31,4.347089659392612,0.3493465206640763
1934-11-30,4.263362472545625,0.35882033846770467
1934-12-31,4.294928270740574,0.364862833881742
1935-01-31,4.303962705544325,0.36608649341967425
1935-02-28,4.244440237504179,0.37149496372981355
1935-03-31,4.143300000861947,0.3802580837177661
1935-04-30,4.098201351080073,0.38057582510171734
1935-05-31,4.12893022737851,0.37411214648768415
1935-06-30,4.114020627676168,0.37106405287380095
1935-07-31,4.4678339856202385,0.38185685462190544
1935-08-31,4.537146237652289,0.3792807184166284
1935-09-30,4.554519063445281,0.3793275905528193
1935-10-31,4.4672623081558465,0.3891038682952971
1935-11-30,4.502115000572859,0.3861740326244691
1935-12-31,4.643664324778124,0.37598187157678675
1936-01-31,4.746330853253395,0.3689609020003951
1936-02-29,4.913382866983299,0.3563739078436105
1936-03-31,4.97715728871034,0.35227349163855326
1936-04-30,4.907161692111402,0.36077304482175854
1936-05-31,4.800269624919791,0.3661927614564901
1936-06-30,4.805002957505378,0.366403311734722
1936-07-31,4.426950950346184,0.3930208227526663
1936-08-31,4.492313147722359,0.38954663833870196
1936-09-30,4.568028606915597,0.3846661994659911
1936-10-31,4.597999454769734,0.3834631749505196
1936-11-30,4.583960607842238,0.3819776759972024
1936-12-31,4.625022107459197,0.38044626166420303
1937-01-31,4.780587491904147,0.3696664547649763
1937-02-28,4.826883170765896,0.3710850257371988
1937-03-31,4.922033712814287,0.36578720318954433
1937-04-30,5.0365751960714835,0.3579536349883187
1937-05-31,4.986601796728956,0.3587099308858289
1937-06-30,4.911668568344373,0.36249431907738455
1937-07-31,5.680295307138406,0.30425978350444244
1937-08-31,5.710824458511368,0.3042303255030618
1937-09-30,5.6438377637064425,0.3093053356051952
1937-10-31,5.38911606446483,0.3184370560641229
1937-11-30,5.337386944866104,0.3164027565889842
1937-12-31,5.328697177273613,0.3132092534929597
1938-01-31,5.22733812907199,0.3154848085722485
1938-02-28,5.23070388162603,0.31918239954068756
1938-03-31,5.246283292956947,0.31965640108795385
1938-04-30,5.100160229331055,0.32437565834410226
1938-05-31,5.178560141866164,0.3195342545151823
1938-06-30,5.102595414644263,0.3224662930686672
1938-07-31,4.121467683353189,0.3858777272553827
1938-08-31,4.1687314333234875,0.3874430445662708
1938-09-30,4.04908795876351,0.3994780263026088
1938-10-31,4.007372416516966,0.40182396840766094
1938-11-30,4.116478234243989,0.39786582046308366
1938-12-31,4.096128067918859,0.3975069310607024
1939-01-31,4.148634454561925,0.3931768747860893
1939-02-28,4.093729018051638,0.39392297762679007
1939-03-31,4.147663700866246,0.39012017068349847
1939-04-30,3.97272629151386,0.3963467274405969
1939-05-31,3.9617763995251143,0.39604417817503945
1939-06-30,3.9858449125742217,0.3960434107848022
1939-07-31,4.239894968203962,0.3887707683166958
1939-08-31,4.265112845007924,0.39090704463246567
1939-09-30,4.1720623110185775,0.3948061376320331
1939-10-31,4.478777978089531,0.3791586652660034
1939-11-30,4.447514570623396,0.38117312752375826
1939-12-31,4.331237482360347,0.38695036199330546
1940-01-31,4.297686475018707,0.39068521005487244
1940-02-29,4.266753439209582,0.39216600261603163
1940-03-31,4.297666464627575,0.38962399543991116
1940-04-30,4.300398316617098,0.3915300088511879
1940-05-31,4.314464807464504,0.39109460609606894
1940-06-30,4.21274007257201,0.39328986824495993
1940-07-31,4.220484276996188,0.3933561262161501
1940-08-31,4.216242387935612,0.3957033522423463
1940-09-30,4.201150900999532,0.3985987477993815
1940-10-31,4.167027210846968,0.40314956408481467
1940-11-30,4.316915524011029,0.3915015905147485
1940-12-31,4.364184753323046,0.3861856112464515
1941-01-31,4.345721195309129,0.3854760160297038
1941-02-28,4.406106791464399,0.37957316772570615
1941-03-31,4.409916433437305,0.3792581448889507
1941-04-30,4.43385614075797,0.3780137525175182
1941-05-31,4.487334172039674,0.3743665970192217
1941-06-30,4.514564881123698,0.3720100692719759
1941-07-31,4.576960938721951,0.3625889722621912
1941-08-31,4.71580267910499,0.3564343942280664
1941-09-30,4.674708252995684,0.35949654444986695
1941-10-31,4.619240330000857,0.3646815386285692
1941-11-30,4.685046782260019,0.35711596670545714
1941-12-31,4.697423633246315,0.3561285174005066
1942-01-31,4.588617105390756,0.3636264761063495
1942-02-28,4.777957173750632,0.3509824503830326
1942-03-31,4.789551166584731,0.3501320120049361
1942-04-30,4.778592979223506,0.3539394101828772
1942-05-31,4.755344190259425,0.3578211964679649
1942-06-30,4.624809720268937,0.3664838991343742
1942-07-31,4.2153822446467775,0.3788046366879493
1942-08-31,4.259946870000989,0.37328312003124064
1942-09-30,4.285669691120439,0.37071894557063617
1942-10-31,4.280083938513658,0.37212893890793924
1942-11-30,4.381844481241096,0.3659627251717698
1942-12-31,4.295066361209774,0.3699154604636093
1943-01-31,4.2777767285317525,0.3732097229468502
1943-02-28,4.3703174314980355,0.36877153316612676
1943-03-31,4.483394570863538,0.3596325407090505
1943-04-30,4.6197617575888765,0.35221272827630506
1943-05-31,4.678760914162464,0.34715764676709443
1943-06-30,4.722702997134008,0.34612046492067133
1943-07-31,4.653355340002848,0.36145241248219623
1943-08-31,4.649978812597657,0.35854209913134955
1943-09-30,4.6073143605952565,0.3608382575661476
1943-10-31,4.61818764914831,0.36162837131484793
1943-11-30,4.648910125907131,0.35927625802260377
1943-12-31,4.538977728295651,0.36419549936572126
1944-01-31,4.595687958504947,0.3621950918225635
1944-02-29,4.663036480660245,0.35865516005174863
1944-03-31,4.694848104101488,0.3571201430577221
1944-04-30,4.708563457762243,0.3581711041270553
1944-05-31,4.677746431259715,0.3596466651080021
1944-06-30,4.714765097541,0.35799144030064567
1944-07-31,4.9538134908029345,0.34604177917090473
1944-08-31,4.979634274096407,0.3443731207965516
1944-09-30,4.995094826178684,0.34531502011681603
1944-10-31,4.9856607305512375,0.34716722752941787
1944-11-30,4.986444742346838,0.3454698150018024
1944-12-31,5.015274258969297,0.3436368112922062
1945-01-31,5.1155381492695655,0.33886438950713443
1945-02-28,5.193138776881537,0.3358932875078876
1945-03-31,5.278908305384873,0.3324369335084175
1945-04-30,5.238343669663777,0.33302080305363246
1945-05-31,5.2959199384914,0.3323613219326778
1945-06-30,5.2952692906755665,0.3322734245911406
1945-07-31,6.267611035109069,0.3030298713432631
1945-08-31,6.185850662317599,0.3060419388028569
1945-09-30,6.077211481766428,0.31403965330704736
1945-10-31,6.113678672960641,0.31494395528573477
1945-11-30,6.228870355433691,0.30925506302866074
1945-12-31,6.468823962865253,0.2999639900419816
1946-01-31,6.5249302634263,0.29724350879723815
1946-02-28,6.599286718409545,0.29685838877857834
1946-03-31,6.559469683843536,0.2968988932540082
1946-04-30,6.637831916242815,0.29319350215311546
1946-05-31,6.692366202056324,0.29066009395851466
1946-06-30,6.828571775103822,0.2864152164858438
1946-07-31,7.705782272776385,0.23826695334872652
1946-08-31,7.6099291847305235,0.2397177434056271
1946-09-30,7.530398179946398,0.24089715142130044
1946-10-31,7.381022957687097,0.24213989255290919
1946-11-30,7.40233532729441,0.2400749429169427
1946-12-31,7.414664676986971,0.23899788859663249
1947-01-31,7.527657823218607,0.23373752210067167
1947-02-28,7.524029819631691,0.23668760629792562
1947-03-31,7.492195358154865,0.23996450913024314
1947-04-30,7.422315784543464,0.24149958074614247
1947-05-31,7.308983466151261,0.24159524019417644
1947-06-30,7.207211665711222,0.24220618598415755
1947-07-31,6.033804428715086,0.2930364509444481
1947-08-31,6.110032439384314,0.2911901513718881
1947-09-30,6.101713534393653,0.29107090820696185
1947-10-31,6.135792590752036,0.2903613470060244
1947-11-30,6.178557197201773,0.2881142129715789
1947-12-31,6.141457198437756,0.2884051988426519
1948-01-31,6.178596891862775,0.2837356259507229
1948-02-29,6.236015856952153,0.2804041086132609
1948-03-31,6.186380318528275,0.2792717296701544
1948-04-30,6.291289492186485,0.27634394876882296
1948-05-31,6.342361890070896,0.27166132838552065
1948-06-30,6.35407889306704,0.27439885394415936
1948-07-31,6.114908744369463,0.3090936509129385
1948-08-31,6.1134173426135625,0.30884077287173867
1948-09-30,6.081348493849001,0.3110421500681918
1948-10-31,6.015588793947494,0.312798435978741
1948-11-30,5.988946960848095,0.3140574721052464
1948-12-31,5.89043846114511,0.31693485708809505
1949-01-31,5.790890466823226,0.3215655241965473
1949-02-28,5.803342056229244,0.32375197378783716
1949-03-31,5.781228984092204,0.3239214336483838
1949-04-30,5.79967592530836,0.3250820129954758
1949-05-31,5.7647907061123265,0.3253411435848956
1949-06-30,5.698326653860666,0.3283841309555957
1949-07-31,4.7162724086902585,0.3726224352545114
1949-08-31,4.732844053690789,0.3729235312136295
1949-09-30,4.727935478721276,0.37313282210808074
1949-10-31,4.768129897686343,0.37206329375640607
1949-11-30,4.738879161448987,0.3740491456021585
1949-12-31,4.701026757373111,0.37794839999313173
1950-01-31,4.731226721374567,0.3759746741469118
1950-02-28,4.785810300565525,0.374109135397105
1950-03-31,4.775552197104311,0.3759054268098636
1950-04-30,4.731942579149703,0.37783273219890345
1950-05-31,4.703663473170254,0.3819779670315819
1950-06-30,4.662705958419743,0.38381461010539003
1950-07-31,4.97880255589428,0.37038531369780103
1950-08-31,5.318848262832462,0.35096404028430733
1950-09-30,5.255803765288151,0.35560800702938866
1950-10-31,5.2463508315498,0.3573571259530397
1950-11-30,5.224300813596675,0.35889715063203975
1950-12-31,5.267413373038264,0.3569558167359136
1951-01-31,5.422465080546457,0.3460653432298435
1951-02-28,5.513227617179556,0.34295035990587747
1951-03-31,5.460011854376239,0.3457937305982479
1951-04-30,5.3429878685172305,0.3514033963175139
1951-05-31,5.38115337369178,0.34997142157263006
1951-06-30,5.363501879361688,0.3504164355007354
1951-07-31,5.2078512357828615,0.3525276184770409
1951-08-31,5.218278933665302,0.35249632728438185
1951-09-30,5.239895369573272,0.3506438853411761
1951-10-31,5.2769993006775255,0.3501442104604494
1951-11-30,5.331722437403559,0.34352771447717834
1951-12-31,5.330816206816922,0.34387728219184915
1952-01-31,5.249674602745743,0.34523772272002834
1952-02-29,5.321121878505642,0.33916603576929266
1952-03-31,5.326349607985905,0.3398394222720097
1952-04-30,5.310826389730494,0.3406578121174695
1952-05-31,5.299865455133058,0.34087236845720376
1952-06-30,5.271008920099963,0.34345420753946876
1952-07-31,5.026318132727039,0.35064055675565275
1952-08-31,5.018667415665134,0.3515634422702862
1952-09-30,5.033917476857277,0.35147159490188
1952-10-31,5.023191534815033,0.3525333024776176
1952-11-30,5.019134596287706,0.3515953571150664
1952-12-31,4.990669763412334,0.35540468541204684
1953-01-31,5.014487597964792,0.3521635229746293
1953-02-28,5.079858378043001,0.3494349613220736
1953-03-31,5.110661516853777,0.3478499511699717
1953-04-30,5.093944633860539,0.34862030464172356
1953-05-31,5.109596535473739,0.3483004499133241
1953-06-30,5.111741023671925,0.34879827612958964
1953-07-31,4.597700100511699,0.3604526967022101
1953-08-31,4.5548396613258,0.3618551824846229
1953-09-30,4.500440891345178,0.3651902323456486
1953-10-31,4.439837925404564,0.3686298364010829
1953-11-30,4.422112422196728,0.3712165284244996
1953-12-31,4.390495086514591,0.3747133972968481
1954-01-31,4.354133399355796,0.37448131801943
1954-02-28,4.42939448060696,0.36826151896218867
1954-03-31,4.426853921785792,0.36840249059614105
1954-04-30,4.3871795631075265,0.3714705168286824
1954-05-31,4.323207988300101,0.3757669961781907
1954-06-30,4.355622327006576,0.3751251124350314
1954-07-31,4.310506466053337,0.3857552834619531
1954-08-31,4.374021347883873,0.3812468653494506
1954-09-30,4.403200662389943,0.3778506468421467
1954-10-31,4.363395439025028,0.3812502112549016
1954-11-30,4.402703490776992,0.3783506260596785
1954-12-31,4.413940886928028,0.3809557464723668
1955-01-31,4.528461792088948,0.3703894396727649
1955-02-28,4.557236591580775,0.3680716304035204
1955-03-31,4.565339944680933,0.3689115271133656
1955-04-30,4.56940947625081,0.369145927554521
1955-05-31,4.525369494382462,0.3743267497211594
1955-06-30,4.473986812125031,0.38010553405502584
1955-07-31,4.405308243544668,0.41159488489758045
1955-08-31,4.38743175363242,0.41068122678848934
1955-09-30,4.3827347633233895,0.41224167104052645
1955-10-31,4.352242322945514,0.41369254155891627
1955-11-30,4.388774244382201,0.40989475888586824
1955-12-31,4.344605275291905,0.4136711009768508
1956-01-31,4.38257044918943,0.41047606957234173
1956-02-29,4.447648719116351,0.4037282111284508
1956-03-31,4.389050545036687,0.4090132257813738
1956-04-30,4.360844618497721,0.40974275254364817
1956-05-31,4.409149531157395,0.4047456520883365
1956-06-30,4.414640247073033,0.4050266096607418
1956-07-31,3.7421011490361513,0.4711910665264326
1956-08-31,3.7500452231202215,0.46954281479376075
1956-09-30,3.7537931924605235,0.46950989075907934
1956-10-31,3.8214363799716446,0.4627765662302425
1956-11-30,3.8090951507806925,0.4637554362464839
1956-12-31,3.85897486802433,0.45886241271865064
1957-01-31,3.8826996370370304,0.4558461793740815
1957-02-28,3.966607255286834,0.44884176661841263
1957-03-31,3.9547212047359315,0.4493816203754303
1957-04-30,3.9369139755268066,0.4509552073291859
1957-05-31,3.88448575403287,0.45530945046970284
1957-06-30,3.8089594855380886,0.4617135484785625
1957-07-31,3.927174362896232,0.43851197038082745
1957-08-31,3.8987551996476193,0.441118294466251
1957-09-30,3.9236689313587823,0.4380161946712549
1957-10-31,3.9632865213772988,0.4335714462743878
1957-11-30,3.925819463925406,0.435601720851086
1957-12-31,3.9006552281706277,0.43763861815273997
1958-01-31,3.9479325741367983,0.4334214522751561
1958-02-28,4.054217054219115,0.4262818223220144
1958-03-31,4.083299112809413,0.4234442127344016
1958-04-30,4.082084684209329,0.42353015866684973
1958-05-31,4.082004682365378,0.4232822326388311
1958-06-30,4.112893401225012,0.4208422212312034
1958-07-31,3.924339867627666,0.44614141236695426
1958-08-31,3.9034142870935997,0.4497530710602852
1958-09-30,3.9156224264535644,0.4494412599763151
1958-10-31,3.9103682234141903,0.4501575825215629
1958-11-30,3.92592381744822,0.4487938934843347
1958-12-31,3.9304993871352982,0.449190733385081
1959-01-31,3.935425393327119,0.4464890851944066
1959-02-28,4.037058848723557,0.43800374205894194
1959-03-31,4.071200384722859,0.4363089028530393
1959-04-30,4.051754933143208,0.43830875460944935
1959-05-31,3.9723321797441646,0.44625692868853023
1959-06-30,3.9134780489998047,0.45179103110648683
1959-07-31,4.364302540534145,0.40328716127005204
1959-08-31,4.313926787555379,0.40704599969198924
1959-09-30,4.318392040342965,0.4065511190797737
1959-10-31,4.317122344633688,0.40638387599268133
1959-11-30,4.3341027217448875,0.4051005265323462
1959-12-31,4.2432916294516945,0.4146080591970164
1960-01-31,4.255904992980188,0.4129542225718767
1960-02-29,4.378298982975213,0.4026075902850951
1960-03-31,4.3453605601669905,0.4060710906845188
1960-04-30,4.2855054484190145,0.41023221413658884
1960-05-31,4.263524809980622,0.4125335411878209
1960-06-30,4.175171945553885,0.4201365554980462
1960-07-31,4.262989064842751,0.40856960578900453
1960-08-31,4.33047804613729,0.4010595765045072
1960-09-30,4.346178312037215,0.3990902502804531
1960-10-31,4.391555065960953,0.39408349938498427
1960-11-30,4.380480836072239,0.39348808916047856
1960-12-31,4.371846306315778,0.3954634532643908
1961-01-31,4.41340189853152,0.3885522944445315
1961-02-28,4.49676038883617,0.38095672417201215
1961-03-31,4.524573454915054,0.38147559518224833
1961-04-30,4.569275618999516,0.37654411870823407
1961-05-31,4.599544348264874,0.3726725748248455
1961-06-30,4.605248626943066,0.3750588809821173
1961-07-31,4.64309779260434,0.3255869658320687
1961-08-31,4.603219320440409,0.32242874482677936
1961-09-30,4.570923115241207,0.3275631251031437
1961-10-31,4.522628897650295,0.3319748235055143
1961-11-30,4.530316802211001,0.33394190252966865
1961-12-31,4.51426775366695,0.3302188176625994
1962-01-31,4.550283440631786,0.3238562276089236
1962-02-28,4.645549140426346,0.31620108268341474
1962-03-31,4.641398281936122,0.3160092861138938
1962-04-30,4.619736778268086,0.3187072922804551
1962-05-31,4.618579433456794,0.3138076030393156
1962-06-30,4.629224856477876,0.31527645073889987
1962-07-31,4.9236430001552005,0.3316490600583461
1962-08-31,4.855679899815747,0.3361938822549555
1962-09-30,4.844751751619721,0.33811205195766275
1962-10-31,4.836976929855875,0.3372675137168157
1962-11-30,4.769247835653811,0.34081607019884186
1962-12-31,4.829772038011755,0.3397798476920569
1963-01-31,4.796071700445949,0.3399214686021443
1963-02-28,4.819855894537026,0.34074110912690886
1963-03-31,4.854731352296204,0.3374656073543752
1963-04-30,4.838991281800854,0.3384472517756798
1963-05-31,4.839801526673481,0.3388106961030088
1963-06-30,4.8448067935826975,0.3430569664970586
1963-07-31,4.3689349560995945,0.37801708560757363
1963-08-31,4.334704853024109,0.3792410056420314
1963-09-30,4.339992207338024,0.38083259545898956
1963-10-31,4.323704570263004,0.38088133746869995
1963-11-30,4.22592930227049,0.3903976201677456
1963-12-31,4.253255943865035,0.38475496031504797
1964-01-31,4.237480936294792,0.3858992947318751
1964-02-29,4.1941741405597535,0.3881487729750443
1964-03-31,4.220423869477015,0.3872865803440863
1964-04-30,4.270792799244278,0.38519633052620866
1964-05-31,4.251086978313128,0.38464499310562905
1964-06-30,4.259402325712689,0.3863654760230645
1964-07-31,4.30666455201347,0.387512132157212
1964-08-31,4.303881049811702,0.3896766623338223
1964-09-30,4.3123239711531,0.38957538755991344
1964-10-31,4.335090523530949,0.39024321001115947
1964-11-30,4.350507333848481,0.3886694747859298
1964-12-31,4.358409621756827,0.3880117151792594
1965-01-31,4.311380541477544,0.3894940481863741
1965-02-28,4.31341130943768,0.3933117423131909
1965-03-31,4.348807947217357,0.39197416967281234
1965-04-30,4.3727634988379505,0.39126778336851625
1965-05-31,4.342111099931407,0.3958010834053651
1965-06-30,4.3411810811551605,0.3939232494741859
1965-07-31,4.247449818992363,0.40054614124885063
1965-08-31,4.278682437877269,0.4004458181501499
1965-09-30,4.291803862016932,0.4018523145639483
1965-10-31,4.270480401615915,0.40476949888942476
1965-11-30,4.296145094936341,0.4061781015426593
1965-12-31,4.363762365701375,0.4038458192688599
1966-01-31,4.424661227388295,0.401709841105934
1966-02-28,4.518669447420648,0.39716952319763205
1966-03-31,4.5678683445956585,0.39598810743241253
1966-04-30,4.541904102339273,0.39886800528637395
1966-05-31,4.569368014959248,0.3978397254236152
1966-06-30,4.482311550093413,0.40187216886693394
1966-07-31,5.113075538431961,0.36887165386874227
1966-08-31,5.126235168366014,0.3673206399798784
1966-09-30,5.078313080740273,0.36869311484036926
1966-10-31,5.085156997388311,0.3672145250269929
1966-11-30,5.080047571903067,0.36248389147587456
1966-12-31,5.043024277417449,0.36896773240470293
1967-01-31,5.13729256190303,0.3629819748162281
1967-02-28,5.2391127602338745,0.36105509009592907
1967-03-31,5.198610508804205,0.3654248132438944
1967-04-30,5.215081991743189,0.3656246271093631
1967-05-31,5.105040116172341,0.37495305527271683
1967-06-30,5.1863148230661755,0.37066308472172727
1967-07-31,5.512315099035409,0.3257203330236808
1967-08-31,5.553837974430297,0.3254596432836123
1967-09-30,5.5704569535037995,0.326292347114806
1967-10-31,5.522472798642246,0.3284033515613209
1967-11-30,5.385297799590352,0.3377415548503215
1967-12-31,5.355608231959722,0.34055605569089903
1968-01-31,5.47114733564994,0.33696305111361347
1968-02-29,5.5787624938255975,0.3291786819949628
1968-03-31,5.510594764203083,0.33081885977340925
1968-04-30,5.405501309130272,0.33877660914131397
1968-05-31,5.405178509765104,0.3454006177577359
1968-06-30,5.480354307858901,0.34553860681153714
1968-07-31,6.753456748630353,0.29890338684720974
1968-08-31,6.835202043777698,0.29093937071354703
1968-09-30,6.873288092467104,0.29052398850364863
1968-10-31,7.000962824453475,0.2851440515258883
1968-11-30,7.096182767172191,0.2786644226447669
1968-12-31,7.119126809539831,0.2807813776713651
1969-01-31,7.295066540538193,0.2754068320735644
1969-02-28,7.342679205695773,0.271986106287944
1969-03-31,7.14978024824355,0.27796780731603526
1969-04-30,7.075592769867722,0.28108659924463475
1969-05-31,6.969569514409048,0.2858482350848442
1969-06-30,6.9664851846793265,0.2849786021314761
1969-07-31,8.055233168877868,0.23450376202789516
1969-08-31,7.899878040797869,0.2404825702520907
1969-09-30,7.839067187676621,0.24589914245668515
1969-10-31,7.769328810127305,0.25113010475779657
1969-11-30,7.820290933526082,0.25273085584389043
1969-12-31,7.692939127509886,0.2579984921082142
1970-01-31,7.506343170456697,0.2676061467977852
1970-02-28,7.577298646157719,0.26518361111458616
1970-03-31,7.656086112533983,0.2595980925792733
1970-04-30,7.699346464584622,0.2543711171003483
1970-05-31,7.577638989381884,0.25373298078690115
1970-06-30,7.5538416003248665,0.24873472112242817
1970-07-31,6.161079269909055,0.30662304612543506
1970-08-31,6.245368639616967,0.2985066995574532
1970-09-30,6.294610039957088,0.29697539977134124
1970-10-31,6.312917548900898,0.3043726309813889
1970-11-30,6.148988496592772,0.3096756933005134
1970-12-31,6.105697496556121,0.31043259520226457
1971-01-31,6.230014467868169,0.30701500136693605
1971-02-28,6.367210838965348,0.30381351904971166
1971-03-31,6.362428880157026,0.3065048641981805
1971-04-30,6.346157256521515,0.31058603341579466
1971-05-31,6.352299404580341,0.31074196549390437
1971-06-30,6.282280228076424,0.31563024342647444
1971-07-31,5.160888327696006,0.38889746266555864
1971-08-31,5.1249025259744165,0.3901623279389488
1971-09-30,5.084560998512557,0.394701282758301
1971-10-31,5.033941828343913,0.39791581373397583
1971-11-30,4.991813519038684,0.39999893004991127
1971-12-31,4.90332991631687,0.40464261784110583
1972-01-31,4.9889857779222515,0.40100083371085626
1972-02-29,5.011774042487726,0.4017024759916213
1972-03-31,4.910690629397671,0.408346654886494
1972-04-30,4.807974993012369,0.41548425222932445
1972-05-31,4.7773707945488235,0.4173102500719147
1972-06-30,4.648419570654474,0.42478442930653776
1972-07-31,4.991801843010669,0.39811280701390495
1972-08-31,4.848500068585739,0.406426281907212
1972-09-30,4.976032207219806,0.39654118519485765
1972-10-31,4.900112350542693,0.4000943965222356
1972-11-30,4.8777799057914875,0.40059853372164084
1972-12-31,5.061232798889326,0.3888299466950263
1973-01-31,4.904011389756195,0.39873585376252435
1973-02-28,4.803424323402936,0.40319708389554326
1973-03-31,4.656342022751514,0.41236304077462493
1973-04-30,4.647259136945043,0.4115943569968201
1973-05-31,4.696863954125778,0.4061326848259949
1973-06-30,4.523912125562794,0.41665387789647207
1973-07-31,4.541378446324957,0.4249570842186815
1973-08-31,4.586962142128204,0.42462924219837006
1973-09-30,4.594617668371581,0.42419468863938525
1973-10-31,4.920080925639709,0.4040779721183334
1973-11-30,4.871253267328913,0.4073851262575395
1973-12-31,4.703922425623634,0.4151864975367791
1974-01-31,4.862563702682618,0.4035733670691155
1974-02-28,5.040414477611854,0.3954208041997649
1974-03-31,5.107479050668941,0.391613130751408
1974-04-30,5.0510074939927225,0.39523366262588
1974-05-31,4.924802648437789,0.40272894521562214
1974-06-30,4.70283371053986,0.41582608354217865
1974-07-31,3.789230484163987,0.4764044864372496
1974-08-31,3.9930563459056216,0.4592356743486801
1974-09-30,4.048595215069762,0.4542352831420421
1974-10-31,4.296208918307699,0.43512397484338416
1974-11-30,4.0144554314721885,0.4560779359616059
1974-12-31,4.053536023477738,0.4532468633483341
1975-01-31,4.088534432735187,0.44816687345034134
1975-02-28,4.3665232301603405,0.42978935442625976
1975-03-31,4.164698335513817,0.4455483480354522
1975-04-30,4.198002893411229,0.4450193643650359
1975-05-31,4.144686956853303,0.44940210218063803
1975-06-30,4.1597668387615485,0.4477143409498952
1975-07-31,3.9190334202940886,0.4629922265765012
1975-08-31,4.029370955781747,0.4535813415206
1975-09-30,3.9900425990372184,0.4562794586582017
1975-10-31,4.024805800090673,0.452187522950382
1975-11-30,3.952525878443148,0.45764895709477926
1975-12-31,3.942490629812755,0.45927129861352006
1976-01-31,4.007891492896846,0.4532117158000832
1976-02-29,4.110563503084856,0.44774904117337005
1976-03-31,4.288674285616243,0.4351984027844571
1976-04-30,4.25181497057752,0.4370242070973613
1976-05-31,4.30625567489819,0.4319959002505312
1976-06-30,4.277766420222971,0.4330834488271336
1976-07-31,4.779169903214627,0.4018700142656401
1976-08-31,4.834178760870966,0.397878347398356
1976-09-30,4.812515211090987,0.39814089556954724
1976-10-31,4.852879631455158,0.39449131353799505
1976-11-30,4.863693486929225,0.39333416970043933
1976-12-31,5.015701833287903,0.38485595081282725
1977-01-31,5.143330626343953,0.3772990695715754
1977-02-28,5.3875549930321025,0.3624607972138088
1977-03-31,5.34848176448129,0.36536630560390926
1977-04-30,5.4164449324197355,0.362196195966707
1977-05-31,5.562894086973905,0.353283629645178
1977-06-30,5.633228300930126,0.34877399026921785
1977-07-31,5.951176245084943,0.34306473597456444
1977-08-31,5.947416620937172,0.34337873209018216
1977-09-30,5.8080000365111,0.3522160955545604
1977-10-31,5.877181658347988,0.34867548762571277
1977-11-30,5.9222149419320615,0.3467970453491843
1977-12-31,6.024148126707284,0.34385441292860486
1978-01-31,6.072614585569141,0.3409607881292691
1978-02-28,6.125587507441775,0.3395284970473115
1978-03-31,6.286324512330044,0.33249017193120695
1978-04-30,6.4434211125475755,0.3259609583153128
1978-05-31,6.2092317954348015,0.3370036400599406
1978-06-30,6.2938403946787975,0.3349562424092088
1978-07-31,7.843465341399346,0.2618195666265611
1978-08-31,7.763196641074901,0.2669388638962612
1978-09-30,7.905057142490044,0.2635078093049977
1978-10-31,7.993000830122705,0.25711219430894894
1978-11-30,7.557346520849165,0.26567875671003566
1978-12-31,7.6297037851232785,0.2635056968116369
1979-01-31,7.566224909086974,0.2676969888808997
1979-02-28,7.7185640161320235,0.2623906827297106
1979-03-31,7.727930520110499,0.26051319858446736
1979-04-30,7.85817199303091,0.2578444158388295
1979-05-31,7.904242230271026,0.25636007979136866
1979-06-30,7.930538482926112,0.2552264008602951
1979-07-31,8.140960411638135,0.22852093315150782
1979-08-31,8.251053923614373,0.2238178312236925
1979-09-30,8.320404497482269,0.22426810984737297
1979-10-31,8.301110237651923,0.2207459642302729
1979-11-30,8.115531933955866,0.22312590089995882
1979-12-31,8.232248345024114,0.22067728566965156
1980-01-31,8.388419613909837,0.21868136987494127
1980-02-29,8.469682503275656,0.21399009976694705
1980-03-31,8.420851546200957,0.20678067966467054
1980-04-30,8.013887704398572,0.21870643409805535
1980-05-31,8.10774964270702,0.21496706868215365
1980-06-30,8.213932812635756,0.2131167836601152
1980-07-31,8.608442375755159,0.19170676624881894
1980-08-31,8.643721123259805,0.19002720833787634
1980-09-30,8.755471153981711,0.18785035792101754
1980-10-31,8.684746411563719,0.19288244260838067
1980-11-30,8.642335041562047,0.19685429019360803
1980-12-31,8.35573119800845,0.2046097459853816
1981-01-31,8.459484004669127,0.1991412475210765
1981-02-28,8.705891675127605,0.19250461194758114
1981-03-31,8.672896324240904,0.19326910981803222
1981-04-30,8.881379489205534,0.19168519999050918
1981-05-31,9.154520146996783,0.18556188525831305
1981-06-30,9.331359783627748,0.18083101173491828
1981-07-31,9.239114551169383,0.19888821739490484
1981-08-31,8.989407970587163,0.2030290812833459
1981-09-30,9.019162780341054,0.20369410240406338
1981-10-31,9.08690366730242,0.20343317561226265
1981-11-30,9.077605597053733,0.20811564570621496
1981-12-31,9.01641010328422,0.20631640753516822
1982-01-31,9.110661327373016,0.20532590934141925
1982-02-28,9.004235303141924,0.21021632823503528
1982-03-31,9.20734114910663,0.20525278410855347
1982-04-30,9.294781004092624,0.20151821702588993
1982-05-31,9.229665917654204,0.20697176184655555
1982-06-30,9.230362174363993,0.2053488517275667
1982-07-31,9.227687045626139,0.1767491147518808
1982-08-31,9.168181001284502,0.18210828719579247
1982-09-30,9.087399815223009,0.1819634813895536
1982-10-31,9.169156832645164,0.18189900648986743
1982-11-30,9.266937565905819,0.18193501733650003
1982-12-31,9.392108037445041,0.18605354202868973
1983-01-31,9.386059028208905,0.18873458932026535
1983-02-28,9.399647661429901,0.18561724787242018
1983-03-31,9.54391883411185,0.1848369481970465
1983-04-30,9.592508244822028,0.18499049937316717
1983-05-31,9.604084973087973,0.18374478418933346
1983-06-30,9.937396703857406,0.18060508812521892
1983-07-31,10.231339193692564,0.19914648242895036
1983-08-31,10.313688958302627,0.1959314250789457
1983-09-30,10.19142542099628,0.19411102777766287
1983-10-31,10.219471382121975,0.19641968678740318
1983-11-30,10.061078361366159,0.19675433299426712
1983-12-31,10.24365042214419,0.19380268855386334
1984-01-31,10.18460647546618,0.19579534909890603
1984-02-29,10.221810183417933,0.18726217692816366
1984-03-31,10.084031896673674,0.1958361277658928
1984-04-30,10.062239786801726,0.19668890189909843
1984-05-31,9.920346647537922,0.19897092325880933
1984-06-30,9.901199930740699,0.19920830628929173
1984-07-31,10.62068410538461,0.17863254655766905
1984-08-31,10.418698005195704,0.18359007740854594
1984-09-30,10.49130866538788,0.18232565534530296
1984-10-31,10.517890019217978,0.17884398545308325
1984-11-30,10.486904740067764,0.1797060799683343
1984-12-31,10.500350987745547,0.17872291779643196
1985-01-31,10.505321013336973,0.17891161853506365
1985-02-28,10.59947547598584,0.18152733123928544
1985-03-31,10.62679560781227,0.17913522103846144
1985-04-30,10.622259452474434,0.17718641570140625
1985-05-31,10.624106319353094,0.17504426887243965
1985-06-30,10.543226189405582,0.1763490625885199
1985-07-31,9.917231668528714,0.1997051740523384
1985-08-31,9.949297930675128,0.202340540756236
1985-09-30,9.978244394212998,0.20013205215135968
1985-10-31,9.917761849815523,0.20058715089105988
1985-11-30,9.919032345040458,0.198065428848169
1985-12-31,9.836526315119645,0.20506846960416944
1986-01-31,9.719137532602465,0.20943763884819136
1986-02-28,9.795731238034504,0.20915105032707387
1986-03-31,9.785419325393375,0.20982764656514066
1986-04-30,9.765733245201117,0.21108090551157196
1986-05-31,9.732129580222244,0.21549938665249949
1986-06-30,9.695470841223162,0.21608630332786358
1986-07-31,9.283009930720342,0.2284776949546335
1986-08-31,9.226536137619323,0.22571397122409423
1986-09-30,9.229610455827963,0.22104587835009792
1986-10-31,9.433337624515948,0.21582023145987866
1986-11-30,9.352462435475886,0.21646187407612297
1986-12-31,9.220595300139905,0.21924008166912715
1987-01-31,9.168441451789489,0.220523480872355
1987-02-28,9.057515379328414,0.222681992630166
1987-03-31,9.003241021309078,0.23102422361061847
1987-04-30,9.007676642830582,0.2300368200905285
1987-05-31,8.896605351044096,0.2316803920002844
1987-06-30,8.805337070078291,0.23514967718652113
1987-07-31,9.152784587132818,0.21652264570107202
1987-08-31,9.08335869919875,0.22085971162202483
1987-09-30,8.97437052349378,0.22342855299023154
1987-10-31,9.01668531778916,0.22295464635153997
1987-11-30,8.659655282528428,0.22597731817360844
1987-12-31,8.834079916409324,0.22163138167994278
1988-01-31,8.828660772717138,0.22421958814187676
1988-02-29,8.889790622785663,0.219060575784781
1988-03-31,8.99998351980549,0.2189815444312604
1988-04-30,9.306457697495157,0.2129530557312467
1988-05-31,9.33517197051247,0.20999438951939017
1988-06-30,9.228524065768044,0.2105579920689549
1988-07-31,8.643010483899962,0.23807199412345625
1988-08-31,8.61546873293799,0.2384055260961926
1988-09-30,8.636942535273025,0.23929698117252465
1988-10-31,8.535062615203787,0.2425612076892298
1988-11-30,8.436027821656225,0.24357116299907905
1988-12-31,8.350929225183972,0.24464271873944904
1989-01-31,8.433894079953932,0.24330688621554689
1989-02-28,8.298712810929178,0.24808304746262394
1989-03-31,8.438089077565099,0.24567171350260306
1989-04-30,8.404588939276874,0.24705868591767563
1989-05-31,8.314235472285635,0.25008705159650857
1989-06-30,8.261588245139485,0.2543497717728401
1989-07-31,9.169126609774509,0.19261827225172504
1989-08-31,8.965082524179001,0.1978119289734589
1989-09-30,9.036276978356865,0.194205785462487
1989-10-31,9.01398268543062,0.19643883991781774
1989-11-30,8.849635828521208,0.2026092118153182
1989-12-31,8.779239342935142,0.20390779577032003
1990-01-31,8.733960763154153,0.20328937042498016
1990-02-28,8.718943459294435,0.2002103984701802
1990-03-31,8.783614389932785,0.19728028923215804
1990-04-30,8.78097836492629,0.19924173599265335
1990-05-31,8.613272812672315,0.2058068637537786
1990-06-30,8.478976469121971,0.21070084372487496
1990-07-31,7.309149740455619,0.257207363552976
1990-08-31,7.183145814891726,0.2585529480191475
1990-09-30,7.020399622176817,0.2617318792022973
1990-10-31,6.847666982061976,0.26378773678880857
1990-11-30,6.6831435821553145,0.27098163680945614
1990-12-31,6.714085400475665,0.27032876019974583
1991-01-31,6.733743169251026,0.27112876696737287
1991-02-28,6.8042734020827025,0.27198186522365836
1991-03-31,6.843396799842954,0.27415927012842817
1991-04-30,6.888944575760567,0.27670276900802454
1991-05-31,6.913536126099208,0.27590180722831853
1991-06-30,6.944159660412626,0.2763692601568985
1991-07-31,5.979927177224254,0.3006161590087715
1991-08-31,5.920773657817148,0.30529771371044223
1991-09-30,5.894403310139528,0.3105697478519839
1991-10-31,5.992184117983944,0.30427764169600197
1991-11-30,6.022742912056446,0.3039280601250135
1991-12-31,5.926037812687191,0.31265428058402295
1992-01-31,5.779287889208627,0.32355054527180627
1992-02-29,6.006560170928198,0.31570064128234754
1992-03-31,6.128608943916359,0.31267336237675414
1992-04-30,6.199573240287865,0.3086130096425876
1992-05-31,6.1636042088593115,0.30366129400008635
1992-06-30,6.140625955655671,0.30543298470978386
1992-07-31,6.916266171662825,0.2758523798229932
1992-08-31,6.862137898879653,0.27851746678233336
1992-09-30,6.7529881319621285,0.28326158513949223
1992-10-31,6.816710462810975,0.2806188363688093
1992-11-30,6.841761513176394,0.2836493504017571
1992-12-31,6.945909774192228,0.28259896095073517
1993-01-31,7.133701717165782,0.2746937253400586
1993-02-28,7.36054150932188,0.2655045340165441
1993-03-31,7.416656557827407,0.25646337742024483
1993-04-30,7.534513186302305,0.25114802814610016
1993-05-31,7.640794465307223,0.2429488708508707
1993-06-30,7.664840681430653,0.24352252038477012
1993-07-31,7.747811371557612,0.24521435612281073
1993-08-31,7.882609309054044,0.23834681157199247
1993-09-30,7.919758723355988,0.23792643421820875
1993-10-31,8.07865739652882,0.2334662248088331
1993-11-30,7.947603006670187,0.24119118041794047
1993-12-31,7.80816654621311,0.24861878487419134
1994-01-31,7.958858025260678,0.24426858461689646
1994-02-28,7.981200091472057,0.2409987239631982
1994-03-31,8.035804924651869,0.2422701451668053
1994-04-30,8.048536603612082,0.2410507991840255
1994-05-31,8.029195791736594,0.24197898704480852
1994-06-30,7.948601701674153,0.24230981945249946
1994-07-31,6.771729808918565,0.3044294148535108
1994-08-31,6.744728897208822,0.30532922635109694
1994-09-30,6.742809400168877,0.3068928129636546
1994-10-31,6.676198974254368,0.31212811372925625
1994-11-30,6.598515275624511,0.3143453079433826
1994-12-31,6.513193281523974,0.31972682328025037
1995-01-31,6.517013786599596,0.3198657839325959
1995-02-28,6.445603438003106,0.3221924210696127
1995-03-31,6.4713314230038055,0.3214203191231688
1995-04-30,6.450390304231356,0.3210296282943062
1995-05-31,6.435640319393152,0.3217809608626539
1995-06-30,6.392042105618981,0.32287358515747916
1995-07-31,6.345642313845318,0.3265142004927494
1995-08-31,6.426904638692783,0.3242334615204367
1995-09-30,6.531570928024166,0.32090114889418875
1995-10-31,6.4458245010560775,0.32504991588120374
1995-11-30,6.287264789440466,0.32995114882801047
1995-12-31,6.287653953387543,0.33063054411873166
1996-01-31,6.279654322245216,0.3311673811750116
1996-02-29,6.156083630171853,0.3358793635936249
1996-03-31,6.2495026743497935,0.33150079230511775
1996-04-30,6.344733985791461,0.32755076192755644
1996-05-31,6.421657112504608,0.32539360933233824
1996-06-30,6.374213460828811,0.3292181831264354
1996-07-31,5.417829055719849,0.3759625656009849
1996-08-31,5.376462885765302,0.3766774931709408
1996-09-30,5.501793348737115,0.37066694279557283
1996-10-31,5.402930954887688,0.37623011551358937
1996-11-30,5.404098526871833,0.37506927618264113
1996-12-31,5.340210596504483,0.3773513263122104
1997-01-31,5.409926037143378,0.37504152268296775
1997-02-28,5.260639819427496,0.3826898143160475
1997-03-31,5.21484440257124,0.38550347619050324
1997-04-30,5.258285834156269,0.3810455903795261
1997-05-31,5.042839412485826,0.3927061952211176
1997-06-30,5.073740128721595,0.3917154305101427
1997-07-31,5.204101554924796,0.36873067780452035
1997-08-31,5.156981959035041,0.36924058428983697
1997-09-30,5.357585898899796,0.35943773515324956
1997-10-31,5.425919331587437,0.35618644065099075
1997-11-30,5.378216532540332,0.3585315512039735
1997-12-31,5.231625499303929,0.3650767821099463
1998-01-31,5.247772240940872,0.36437099873314216
1998-02-28,5.073668218917826,0.37563734440324487
1998-03-31,5.094558407810199,0.37417412121126764
1998-04-30,5.106715034695249,0.3746968791236897
1998-05-31,5.092712959971809,0.375260508776876
1998-06-30,5.061416848857156,0.37547422246604417
1998-07-31,4.266354767776973,0.4358071407506565
1998-08-31,4.100889466092054,0.4461438083255484
1998-09-30,3.910082673464644,0.4612778396712518
1998-10-31,3.8226334399964963,0.46980206590414875
1998-11-30,3.773521036437275,0.47262410487627027
1998-12-31,3.664750471038814,0.4821864622549077
1999-01-31,3.5402252323126726,0.49483639871241897
1999-02-28,3.389295644932612,0.5085965985638207
1999-03-31,3.4187728583549757,0.5040161375165012
1999-04-30,3.362942252504878,0.5094119494407361
1999-05-31,3.5062827880899654,0.4950610587300937
1999-06-30,3.5760652173415393,0.4895253569001002
1999-07-31,2.8493793992977183,0.5623502782183256
1999-08-31,2.833934256896848,0.5646067404575166
1999-09-30,2.7561805765398777,0.5742338844203206
1999-10-31,2.7281542988616696,0.5781267472215806
1999-11-30,2.704168109205592,0.579178855752895
1999-12-31,2.649921690026602,0.5872920524461337
2000-01-31,2.5892123334153467,0.5975441181471479
2000-02-29,2.598875709090367,0.5963565044762585
2000-03-31,2.6581506971891273,0.5912192763924474
2000-04-30,2.590002826746878,0.5988627031576034
2000-05-31,2.572989791349402,0.6010212882400824
2000-06-30,2.5968599553012943,0.5979789606129634
2000-07-31,2.0641753888116297,0.6866141225169868
2000-08-31,2.099478622306445,0.6801303551444351
2000-09-30,2.096862724100556,0.6806006476326729
2000-10-31,2.145173978948119,0.6721739849558677
2000-11-30,2.1455520659652683,0.6716739750617041
2000-12-31,2.1899735031063368,0.6641084879185113
2001-01-31,2.291408295758912,0.6473530758405704
2001-02-28,2.2826451228804876,0.6486306093275784
2001-03-31,2.4038649506808625,0.6297542155814255
2001-04-30,2.487956649313674,0.6170795072574623
2001-05-31,2.438674647658616,0.6243687187205459
2001-06-30,2.49076898932407,0.6171656610993121
2001-07-31,2.8853290070314146,0.5691880506983565
2001-08-31,2.853024291510727,0.5723984511351169
2001-09-30,2.8804483570536683,0.5690713779600206
2001-10-31,2.777344817379977,0.5810039152392498
2001-11-30,2.7582709397911236,0.5840173597723594
2001-12-31,2.7650801902326028,0.5833278394200881
2002-01-31,2.8437397985980173,0.5741545490872314
2002-02-28,2.8225053925458847,0.5767295260752218
2002-03-31,2.840255856583605,0.574037048003255
2002-04-30,2.9119237476310307,0.5658692051753073
2002-05-31,3.068180831865803,0.548733161673684
2002-06-30,3.0591580745832196,0.5491776508103354
2002-07-31,3.529234723445665,0.5000104044716561
2002-08-31,3.3760048864221583,0.513860161634555
2002-09-30,3.4170321098003913,0.5101059206700786
2002-10-31,3.464114754622457,0.5064332465546011
2002-11-30,3.344740260747526,0.5176008230770641
2002-12-31,3.378851717698982,0.5151739175434029
2003-01-31,3.4163039099637267,0.5117941955675713
2003-02-28,3.4224570905360356,0.5110303187589814
2003-03-31,3.3777762596259513,0.5153059804016112
2003-04-30,3.3427944436190957,0.5188061468548908
2003-05-31,3.3892948818939397,0.5142358704665404
2003-06-30,3.5069304063342717,0.5040167081231368
2003-07-31,4.078669380363733,0.44822518318675236
2003-08-31,4.170793615049342,0.44049830989904704
2003-09-30,4.236466383765921,0.4365824952153645
2003-10-31,4.1966730070934135,0.4395485529089824
2003-11-30,4.3261213446285804,0.4291033528280755
2003-12-31,4.388526361335702,0.42562294478475526
2004-01-31,4.350535828711573,0.4277122579618544
2004-02-29,4.393522580614155,0.42611555355437697
2004-03-31,4.415518773871471,0.4247293375986805
2004-04-30,4.484142000321682,0.42053111927121656
2004-05-31,4.310379300208361,0.4327222300613263
2004-06-30,4.331471564475343,0.430876182611823
2004-07-31,4.767437241181284,0.4022991445931785
2004-08-31,4.779082551380322,0.39860030064226
2004-09-30,4.794889375304601,0.3965145498356064
2004-10-31,4.903397863624543,0.3905665966743593
2004-11-30,4.895766209562716,0.39150996180797737
2004-12-31,5.032274222041719,0.38466488821970807
2005-01-31,5.0269909018844725,0.38631950215331845
2005-02-28,5.05003643416973,0.3845299114807331
2005-03-31,5.115612842628314,0.3794566405553211
2005-04-30,5.09269928078101,0.38199339037339103
2005-05-31,4.98928652671573,0.38700370824983515
2005-06-30,5.012166901916298,0.3875399798853236
2005-07-31,6.240015422831723,0.3163435091473601
2005-08-31,6.236821488966987,0.31865250350566465
2005-09-30,6.26752647919585,0.3176878057214715
2005-10-31,6.334386845847791,0.3139376245525594
2005-11-30,6.23348333018711,0.3194775561686483
2005-12-31,6.245451246210786,0.3190935783786801
2006-01-31,6.27927028539538,0.31733652989745065
2006-02-28,6.435157427507729,0.31189469759672556
2006-03-31,6.430027862512543,0.3111511351259326
2006-04-30,6.520190114490272,0.30758563455998034
2006-05-31,6.613995825798011,0.3023754994011985
2006-06-30,6.544199008638504,0.30417944649673845
2006-07-31,6.583753199379343,0.2994977940208752
2006-08-31,6.5353850309459585,0.29777452791430453
2006-09-30,6.47100588540204,0.3021437577744111
2006-10-31,6.447775481965073,0.3026824077543111
2006-11-30,6.491539051227563,0.3022238951488628
2006-12-31,6.5538856078858565,0.2996506456620123
2007-01-31,6.5869862378067365,0.29658833055604195
2007-02-28,6.566791457954505,0.29900146798881033
2007-03-31,6.623506372631721,0.2973872323612489
2007-04-30,6.631969326063396,0.29696951789457016
2007-05-31,6.599253705484928,0.298730385833626
2007-06-30,6.622938576271969,0.29770424850279326
2007-07-31,6.886818358592828,0.2852790498804263
2007-08-31,6.717069185854409,0.29156723079846397
2007-09-30,6.6449597497201305,0.293762169265663
2007-10-31,6.523613177687006,0.2993860957982217
2007-11-30,6.416901626153935,0.3051104664012682
2007-12-31,6.279127620369258,0.3103803772981429
2008-01-31,6.235955056418318,0.31248184486431385
2008-02-29,6.325179846037364,0.3062474856194041
2008-03-31,6.288476196197463,0.3081661019948832
2008-04-30,6.31599340452569,0.30522760119250103
2008-05-31,6.328445304829472,0.30584151504647916
2008-06-30,6.3480846338954935,0.30786612136518315
2008-07-31,5.559220203705978,0.3301380574779175
2008-08-31,5.628417660960435,0.32809321749648535
2008-09-30,5.675528996424465,0.3256470373808468
2008-10-31,5.683409207011052,0.3238948720670953
2008-11-30,5.472406670694065,0.3307689094778928
2008-12-31,5.322136067047155,0.33359440716602995
2009-01-31,5.3592614757519605,0.33267021844378436
2009-02-28,5.099530259209142,0.3503651663999837
2009-03-31,4.967279481630469,0.359620954722523
2009-04-30,5.097854464086114,0.35037630423917754
2009-05-31,5.334598667475052,0.3399037430741791
2009-06-30,5.346370597898483,0.3376478153206831
2009-07-31,4.745564766650904,0.3905739309347984
2009-08-31,4.85502935155426,0.3833984198135377
2009-09-30,5.013421864885944,0.37388200670709343
2009-10-31,5.126243384590411,0.36912048189484414
2009-11-30,4.980159252390653,0.3752628532431086
2009-12-31,4.887938618397728,0.3805070437492313
2010-01-31,5.013179151573181,0.3734282355703702
2010-02-28,5.061967185236713,0.3701742379751264
2010-03-31,5.165580556657027,0.36676867519561895
2010-04-30,5.271651011332191,0.36106679482783793
2010-05-31,5.382989908228707,0.355048932555096
2010-06-30,5.376679625996401,0.35611453389759756
2010-07-31,6.100929259148798,0.32566890172869234
2010-08-31,6.072849048619473,0.3274746721770125
2010-09-30,5.985176170162827,0.33061797999543124
2010-10-31,5.989291871977277,0.3324269955582766
2010-11-30,5.909118486741801,0.33647048449913225
2010-12-31,6.035519921318089,0.33106345353694205
2011-01-31,6.178693963745431,0.3247412266802373
2011-02-28,6.220627747362207,0.32224669085295937
2011-03-31,6.311258546042562,0.317911411480852
2011-04-30,6.337289397687711,0.31765614640732076
2011-05-31,6.282168996735155,0.31997962020814047
2011-06-30,6.2252619632798405,0.3228543760453205
2011-07-31,6.8909656047451024,0.2637394894565029
2011-08-31,6.74748869651322,0.2706855424606474
2011-09-30,6.5588228752509,0.2769681367383357
2011-10-31,6.353827564018595,0.28177074627086096
2011-11-30,6.486672624393267,0.27691196903947346
2011-12-31,6.4289742717094365,0.2773488551585471
2012-01-31,6.441386787444333,0.2744534179023946
2012-02-29,6.440226096876376,0.2802262083691844
2012-03-31,6.422782332955199,0.28274752390669156
2012-04-30,6.3850111331304165,0.2855152981125781
2012-05-31,6.3386734172667545,0.2878521298581483
2012-06-30,6.296759403770333,0.28785571771579976
2012-07-31,5.605132937018049,0.3378973281722608
2012-08-31,5.530962568424141,0.3399854179456251
2012-09-30,5.5799115127530365,0.33780937568456515
2012-10-31,5.625618667497726,0.3350725875413384
2012-11-30,5.700394159659995,0.3308722424361385
2012-12-31,5.683317944844182,0.33277449329355097
2013-01-31,5.824482393512137,0.3257860590247309
2013-02-28,5.966441286006629,0.31784063078240216
2013-03-31,5.972784954045524,0.3176279894633976
2013-04-30,5.989596171663129,0.3177556758914573
2013-05-31,5.937525761099073,0.32015614838841494
2013-06-30,6.048582631122101,0.31513037962610246
2013-07-31,6.671495943136826,0.2433613746372075
2013-08-31,6.73165958784637,0.24478993982064837
2013-09-30,6.700694471806215,0.24800450707126362
2013-10-31,6.7404442135848655,0.24939107031951466
2013-11-30,6.677337536879214,0.25166148675158156
2013-12-31,6.668081992932373,0.25196682258926056
2014-01-31,6.663828607097647,0.2523404906775992
2014-02-28,6.6641537780955975,0.2509958617347406
2014-03-31,6.6240586253192495,0.2542131007499332
2014-04-30,6.703914112709143,0.24825975105829615
2014-05-31,6.672720383469993,0.2535697842991041
2014-06-30,6.629825128149207,0.25715002271175663
2014-07-31,6.9706577181628395,0.23792507334864216
2014-08-31,6.865413331926752,0.24129571185842932
2014-09-30,6.86058432857758,0.24195609928311082
2014-10-31,6.742649296827876,0.24435372826424168
2014-11-30,6.767153040478811,0.24496667869014432
2014-12-31,6.668662058935621,0.24774917225813226
2015-01-31,6.728894406573024,0.24643253493490444
2015-02-28,6.645362423886368,0.24877932116018098
2015-03-31,6.653591230340684,0.24838649678914346
2015-04-30,6.743222355030345,0.2469986793028478
2015-05-31,6.694740041564235,0.24852513247369284
2015-06-30,6.71610370517553,0.24646874453553583
2015-07-31,6.232915049765246,0.2806028470967711
2015-08-31,6.132263471708311,0.28321391490938713
2015-09-30,6.133544296524659,0.2838820885365966
2015-10-31,6.048364538907941,0.2875840737237544
2015-11-30,5.971599597562879,0.28907672023652
2015-12-31,6.0220988484736475,0.2876369350486346
2016-01-31,5.916984812423731,0.2905808644756997
2016-02-29,5.808234930520304,0.29065142072372124
2016-03-31,5.79478458075678,0.2928868045362074
2016-04-30,5.844110324543828,0.291310815152804
2016-05-31,5.9606815185702136,0.28653844323563277
2016-06-30,5.969245641662319,0.2850981610996265
2016-07-31,5.710867289136918,0.3174260531859882
2016-08-31,5.661061126090441,0.3218842133480329
2016-09-30,5.745754915540513,0.3182747135779738
2016-10-31,5.718278688401378,0.32023875619272096
2016-11-30,5.72608729567419,0.3188134236665742
2016-12-31,5.97193315237613,0.30691103462445035
2017-01-31,6.018681593749135,0.30425255196151046
2017-02-28,5.942129666508744,0.30798682652942044
2017-03-31,5.886359471429899,0.31181437733631534
2017-04-30,5.822960996934611,0.31529867889510377
2017-05-31,5.758075921670242,0.3180500387582613
2017-06-30,5.628201647325288,0.3238214010722858
2017-07-31,6.008572907938793,0.29229387584859573
2017-08-31,5.98777339157819,0.2950432100846892
2017-09-30,5.910776917593461,0.30032152239228266
2017-10-31,6.0377097595498155,0.29482001705033767
2017-11-30,5.971802215220624,0.3004957027182025
2017-12-31,5.981210763233991,0.3007941199452735
2018-01-31,5.98169565626093,0.2996796909705139
2018-02-28,5.873948733228524,0.3062429107229678
2018-03-31,5.796716702050057,0.31328560401741284
2018-04-30,5.884680080593953,0.31098230952635103
2018-05-31,5.880130426708499,0.3104266649144296
2018-06-30,5.8338668200737525,0.3153493074305807
2018-07-31,5.105067425187368,0.3698603049067341
2018-08-31,5.104736507590669,0.36815169194991193
2018-09-30,4.992508763979762,0.3771833725001692
2018-10-31,4.932448479299991,0.3803702912533794
2018-11-30,4.972896873836995,0.3742183168794955
2018-12-31,5.000479541484295,0.3720618400101156
2019-01-31,4.896829504282525,0.3765477647098772
2019-02-28,4.946161304164085,0.3755858289636882
2019-03-31,4.939813771160009,0.3772533079627043
2019-04-30,4.807356961424893,0.3861313189096241
2019-05-31,4.80125603961595,0.38723874233566075
2019-06-30,4.793767059585007,0.38659605420532506
2019-07-31,4.483823976746537,0.4031661322038357
2019-08-31,4.463106516141288,0.4044727027988917
2019-09-30,4.325093722143509,0.41434412387213054
2019-10-31,4.4055347963796505,0.40800825900257565
2019-11-30,4.363220026605033,0.4113773793285326
2019-12-31,4.371256752478379,0.41049342327181854
2020-01-31,4.339804454778354,0.4139384919995475
2020-02-29,4.188773559092869,0.4249446839474875
2020-03-31,4.116260147550869,0.43055190251853054
2020-04-30,3.7640203962481014,0.456730799324723
2020-05-31,3.736656562165959,0.45980728594874526
2020-06-30,3.7312902945164232,0.46061337499868776
2020-07-31,3.612557826204978,0.47263591647448133
2020-08-31,3.5369680967949058,0.47997104262080786
2020-09-30,3.393879785093919,0.4943461716432605
2020-10-31,3.4315320423733415,0.49058620292839666
2020-11-30,3.545708282303857,0.4787154146983817
2020-12-31,3.638217250284642,0.4726301341123235
2021-01-31,3.6403059570324943,0.47481390045129807
2021-02-28,3.692244128917983,0.4709727435806981
2021-03-31,3.894418014659977,0.4542411229726718
2021-04-30,3.9600751233546663,0.4477405302968869
2021-05-31,3.9024310434713545,0.4516288762145682
2021-06-30,3.9904023211710755,0.4440998475442338
2021-07-31,3.9844274141594633,0.4465479240714444
2021-08-31,3.862275771032138,0.4548559725120914
2021-09-30,3.836067192314717,0.45602936010952433
2021-10-31,3.904283988949035,0.4518658060132175
2021-11-30,3.7866169873581392,0.4621285054280343
2021-12-31,3.6410338923013756,0.47546267877357284
2022-01-31,3.6885544542020345,0.47028161986880435
2022-02-28,3.8084513685804753,0.4599023125177441
2022-03-31,3.8759789299641083,0.45591107219459076
2022-04-30,3.7920275640213865,0.46250683782507196
2022-05-31,3.8776555361639575,0.4550666584536755
2022-06-30,4.021086020251132,0.44309061068125155
2022-07-31,3.999363073416697,0.45294168997050815
2022-08-31,3.8616767520626154,0.46586672136113366
2022-09-30,3.951981721055472,0.45818354163118696
2022-10-31,3.9866266545430196,0.45379363221195534
2022-11-30,4.1141874523290305,0.4437012401518119
2022-12-31,4.1020261033109,0.4437818156547612
2023-01-31,4.204697347979888,0.43458108688356833
2023-02-28,4.144224314824249,0.44215203705882605
2023-03-31,4.086888731872063,0.44676111973248306
2023-04-30,3.791210288417284,0.4697080184596997
2023-05-31,3.771945478018181,0.4706131815769435
2023-06-30,3.53033594056171,0.4929059964113116
2023-07-31,3.1534217190909737,0.5345727647784411
2023-08-31,3.216633270972139,0.5279926327562207
2023-09-30,3.1539464960647576,0.5339734233816074
2023-10-31,3.1933980010105123,0.5292535959502058
2023-11-30,3.0925973173525936,0.539932745348802
2023-12-31,3.057886420876468,0.5442683279706138
2024-01-31,3.1471341035513567,0.5355813578150669
2024-02-29,3.0851233766504076,0.5414719494440202
2024-03-31,3.053907677612949,0.5448364884138237
2024-04-30,3.1346086502914043,0.5360265001933253
2024-05-31,3.121692185939481,0.5366821775398796
2024-06-30,3.069211102582847,0.5425184910176128
2024-07-31,2.7676557640950867,0.5780276052619481
2024-08-31,2.8800899193981935,0.5648598753297951
2024-09-30,2.861432246902386,0.5664855171944712
2024-10-31,2.8466792524086526,0.567875494403105
2024-11-30,2.850169187843222,0.5676329008544755
2024-12-31,2.874218423948835,0.5652579128638633
2025-01-31,2.726564374133553,0.5832836634657157
2025-02-28,2.7909388231667283,0.5744781739501388
2025-03-31,2.820982038640142,0.5703473006314176
2025-04-30,2.8894698326728903,0.561620823129394
2025-05-31,2.7893297909755623,0.5740266444801979
2025-06-30,2.730159544037817,0.5815888481450171
2025-07-31,2.5245650537278914,0.6105851013456702
2025-08-31,2.484189347224769,0.6164664432125233
2025-09-30,2.5229903770632016,0.6112782387997665
2025-10-31,2.4529968787775567,0.6214628233508445
2025-11-30,2.399234729648089,0.6294834559355305
2025-12-31,2.437892343321994,0.6238183278850524
2026-01-31,2.4589872731957105,0.6207348315621373
2026-02-28,2.524945251451633,0.6113747337438045
2026-03-31,2.610781411812671,0.5994394893250171
2026-04-30,2.6372246182640544,0.5957929363255606
2026-05-31,2.56698493983208,0.605959025793765
2026-06-30,2.5371526063431222,0.6099596656774068
