,stlfsi,nfci
1971-01-08,,0.599
1971-01-15,,0.632
1971-01-22,,0.669
1971-01-29,,0.709
1971-02-05,,0.752
1971-02-12,,0.795
1971-02-19,,0.837
1971-02-26,,0.879
1971-03-05,,0.922
1971-03-12,,0.969
1971-03-19,,1.02
1971-03-26,,1.079
1971-04-02,,1.146
1971-04-09,,1.218
1971-04-16,,1.293
1971-04-23,,1.363
1971-04-30,,1.421
1971-05-07,,1.46
1971-05-14,,1.471
1971-05-21,,1.449
1971-05-28,,1.397
1971-06-04,,1.318
1971-06-11,,1.219
1971-06-18,,1.118
1971-06-25,,1.031
1971-07-02,,0.974
1971-07-09,,0.962
1971-07-16,,1.005
1971-07-23,,1.105
1971-07-30,,1.257
1971-08-06,,1.447
1971-08-13,,1.654
1971-08-20,,1.857
1971-08-27,,2.031
1971-09-03,,2.159
1971-09-10,,2.229
1971-09-17,,2.239
1971-09-24,,2.192
1971-10-01,,2.1
1971-10-08,,1.976
1971-10-15,,1.837
1971-10-22,,1.7
1971-10-29,,1.579
1971-11-05,,1.484
1971-11-12,,1.417
1971-11-19,,1.379
1971-11-26,,1.363
1971-12-03,,1.36
1971-12-10,,1.363
1971-12-17,,1.36
1971-12-24,,1.344
1971-12-31,,1.311
1972-01-07,,1.253
1972-01-14,,1.178
1972-01-21,,1.087
1972-01-28,,0.986
1972-02-04,,0.884
1972-02-11,,0.784
1972-02-18,,0.691
1972-02-25,,0.608
1972-03-03,,0.536
1972-03-10,,0.476
1972-03-17,,0.424
1972-03-24,,0.379
1972-03-31,,0.336
1972-04-07,,0.292
1972-04-14,,0.246
1972-04-21,,0.197
1972-04-28,,0.15
1972-05-05,,0.105
1972-05-12,,0.068
1972-05-19,,0.042
1972-05-26,,0.032
1972-06-02,,0.039
1972-06-09,,0.065
1972-06-16,,0.106
1972-06-23,,0.158
1972-06-30,,0.213
1972-07-07,,0.265
1972-07-14,,0.306
1972-07-21,,0.33
1972-07-28,,0.333
1972-08-04,,0.315
1972-08-11,,0.276
1972-08-18,,0.222
1972-08-25,,0.157
1972-09-01,,0.089
1972-09-08,,0.024
1972-09-15,,-0.032
1972-09-22,,-0.078
1972-09-29,,-0.112
1972-10-06,,-0.135
1972-10-13,,-0.153
1972-10-20,,-0.166
1972-10-27,,-0.179
1972-11-03,,-0.195
1972-11-10,,-0.212
1972-11-17,,-0.232
1972-11-24,,-0.253
1972-12-01,,-0.271
1972-12-08,,-0.28
1972-12-15,,-0.277
1972-12-22,,-0.255
1972-12-29,,-0.209
1973-01-05,,-0.136
1973-01-12,,-0.034
1973-01-19,,0.096
1973-01-26,,0.247
1973-02-02,,0.415
1973-02-09,,0.589
1973-02-16,,0.758
1973-02-23,,0.913
1973-03-02,,1.044
1973-03-09,,1.147
1973-03-16,,1.218
1973-03-23,,1.261
1973-03-30,,1.278
1973-04-06,,1.275
1973-04-13,,1.259
1973-04-20,,1.234
1973-04-27,,1.207
1973-05-04,,1.179
1973-05-11,,1.154
1973-05-18,,1.135
1973-05-25,,1.125
1973-06-01,,1.125
1973-06-08,,1.139
1973-06-15,,1.169
1973-06-22,,1.218
1973-06-29,,1.287
1973-07-06,,1.376
1973-07-13,,1.483
1973-07-20,,1.603
1973-07-27,,1.733
1973-08-03,,1.865
1973-08-10,,1.994
1973-08-17,,2.114
1973-08-24,,2.221
1973-08-31,,2.309
1973-09-07,,2.373
1973-09-14,,2.411
1973-09-21,,2.424
1973-09-28,,2.414
1973-10-05,,2.382
1973-10-12,,2.337
1973-10-19,,2.285
1973-10-26,,2.234
1973-11-02,,2.19
1973-11-09,,2.156
1973-11-16,,2.133
1973-11-23,,2.115
1973-11-30,,2.092
1973-12-07,,2.053
1973-12-14,,1.989
1973-12-21,,1.894
1973-12-28,,1.765
1974-01-04,,1.605
1974-01-11,,1.422
1974-01-18,,1.227
1974-01-25,,1.032
1974-02-01,,0.849
1974-02-08,,0.69
1974-02-15,,0.564
1974-02-22,,0.48
1974-03-01,,0.443
1974-03-08,,0.458
1974-03-15,,0.526
1974-03-22,,0.646
1974-03-29,,0.816
1974-04-05,,1.032
1974-04-12,,1.288
1974-04-19,,1.58
1974-04-26,,1.901
1974-05-03,,2.244
1974-05-10,,2.602
1974-05-17,,2.969
1974-05-24,,3.336
1974-05-31,,3.695
1974-06-07,,4.037
1974-06-14,,4.353
1974-06-21,,4.634
1974-06-28,,4.869
1974-07-05,,5.047
1974-07-12,,5.162
1974-07-19,,5.214
1974-07-26,,5.208
1974-08-02,,5.153
1974-08-09,,5.057
1974-08-16,,4.935
1974-08-23,,4.794
1974-08-30,,4.645
1974-09-06,,4.49
1974-09-13,,4.332
1974-09-20,,4.172
1974-09-27,,4.004
1974-10-04,,3.829
1974-10-11,,3.648
1974-10-18,,3.467
1974-10-25,,3.296
1974-11-01,,3.14
1974-11-08,,3.007
1974-11-15,,2.899
1974-11-22,,2.812
1974-11-29,,2.742
1974-12-06,,2.679
1974-12-13,,2.615
1974-12-20,,2.542
1974-12-27,,2.453
1975-01-03,,2.343
1975-01-10,,2.212
1975-01-17,,2.064
1975-01-24,,1.905
1975-01-31,,1.741
1975-02-07,,1.577
1975-02-14,,1.421
1975-02-21,,1.274
1975-02-28,,1.137
1975-03-07,,1.011
1975-03-14,,0.895
1975-03-21,,0.787
1975-03-28,,0.685
1975-04-04,,0.585
1975-04-11,,0.488
1975-04-18,,0.393
1975-04-25,,0.299
1975-05-02,,0.209
1975-05-09,,0.124
1975-05-16,,0.048
1975-05-23,,-0.019
1975-05-30,,-0.074
1975-06-06,,-0.115
1975-06-13,,-0.144
1975-06-20,,-0.162
1975-06-27,,-0.17
1975-07-04,,-0.172
1975-07-11,,-0.169
1975-07-18,,-0.163
1975-07-25,,-0.156
1975-08-01,,-0.146
1975-08-08,,-0.133
1975-08-15,,-0.116
1975-08-22,,-0.095
1975-08-29,,-0.07
1975-09-05,,-0.04
1975-09-12,,-0.007
1975-09-19,,0.028
1975-09-26,,0.062
1975-10-03,,0.094
1975-10-10,,0.12
1975-10-17,,0.14
1975-10-24,,0.152
1975-10-31,,0.155
1975-11-07,,0.148
1975-11-14,,0.131
1975-11-21,,0.103
1975-11-28,,0.064
1975-12-05,,0.014
1975-12-12,,-0.046
1975-12-19,,-0.113
1975-12-26,,-0.185
1976-01-02,,-0.261
1976-01-09,,-0.336
1976-01-16,,-0.407
1976-01-23,,-0.473
1976-01-30,,-0.532
1976-02-06,,-0.584
1976-02-13,,-0.628
1976-02-20,,-0.664
1976-02-27,,-0.694
1976-03-05,,-0.717
1976-03-12,,-0.733
1976-03-19,,-0.742
1976-03-26,,-0.743
1976-04-02,,-0.736
1976-04-09,,-0.72
1976-04-16,,-0.696
1976-04-23,,-0.664
1976-04-30,,-0.627
1976-05-07,,-0.587
1976-05-14,,-0.548
1976-05-21,,-0.512
1976-05-28,,-0.484
1976-06-04,,-0.466
1976-06-11,,-0.459
1976-06-18,,-0.463
1976-06-25,,-0.477
1976-07-02,,-0.5
1976-07-09,,-0.528
1976-07-16,,-0.56
1976-07-23,,-0.592
1976-07-30,,-0.622
1976-08-06,,-0.65
1976-08-13,,-0.674
1976-08-20,,-0.693
1976-08-27,,-0.707
1976-09-03,,-0.717
1976-09-10,,-0.722
1976-09-17,,-0.725
1976-09-24,,-0.724
1976-10-01,,-0.72
1976-10-08,,-0.714
1976-10-15,,-0.706
1976-10-22,,-0.698
1976-10-29,,-0.688
1976-11-05,,-0.679
1976-11-12,,-0.671
1976-11-19,,-0.666
1976-11-26,,-0.666
1976-12-03,,-0.671
1976-12-10,,-0.684
1976-12-17,,-0.703
1976-12-24,,-0.729
1976-12-31,,-0.761
1977-01-07,,-0.797
1977-01-14,,-0.834
1977-01-21,,-0.869
1977-01-28,,-0.9
1977-02-04,,-0.925
1977-02-11,,-0.941
1977-02-18,,-0.948
1977-02-25,,-0.945
1977-03-04,,-0.933
1977-03-11,,-0.913
1977-03-18,,-0.886
1977-03-25,,-0.853
1977-04-01,,-0.816
1977-04-08,,-0.776
1977-04-15,,-0.734
1977-04-22,,-0.693
1977-04-29,,-0.651
1977-05-06,,-0.612
1977-05-13,,-0.577
1977-05-20,,-0.546
1977-05-27,,-0.522
1977-06-03,,-0.504
1977-06-10,,-0.493
1977-06-17,,-0.488
1977-06-24,,-0.488
1977-07-01,,-0.492
1977-07-08,,-0.498
1977-07-15,,-0.504
1977-07-22,,-0.509
1977-07-29,,-0.511
1977-08-05,,-0.51
1977-08-12,,-0.505
1977-08-19,,-0.496
1977-08-26,,-0.484
1977-09-02,,-0.469
1977-09-09,,-0.45
1977-09-16,,-0.428
1977-09-23,,-0.402
1977-09-30,,-0.375
1977-10-07,,-0.347
1977-10-14,,-0.319
1977-10-21,,-0.292
1977-10-28,,-0.267
1977-11-04,,-0.246
1977-11-11,,-0.23
1977-11-18,,-0.219
1977-11-25,,-0.214
1977-12-02,,-0.214
1977-12-09,,-0.219
1977-12-16,,-0.229
1977-12-23,,-0.243
1977-12-30,,-0.258
1978-01-06,,-0.274
1978-01-13,,-0.287
1978-01-20,,-0.295
1978-01-27,,-0.296
1978-02-03,,-0.289
1978-02-10,,-0.274
1978-02-17,,-0.25
1978-02-24,,-0.217
1978-03-03,,-0.176
1978-03-10,,-0.128
1978-03-17,,-0.075
1978-03-24,,-0.018
1978-03-31,,0.042
1978-04-07,,0.104
1978-04-14,,0.167
1978-04-21,,0.231
1978-04-28,,0.295
1978-05-05,,0.358
1978-05-12,,0.418
1978-05-19,,0.475
1978-05-26,,0.526
1978-06-02,,0.571
1978-06-09,,0.607
1978-06-16,,0.633
1978-06-23,,0.649
1978-06-30,,0.653
1978-07-07,,0.645
1978-07-14,,0.627
1978-07-21,,0.6
1978-07-28,,0.568
1978-08-04,,0.534
1978-08-11,,0.504
1978-08-18,,0.484
1978-08-25,,0.481
1978-09-01,,0.502
1978-09-08,,0.552
1978-09-15,,0.633
1978-09-22,,0.747
1978-09-29,,0.891
1978-10-06,,1.057
1978-10-13,,1.239
1978-10-20,,1.424
1978-10-27,,1.602
1978-11-03,,1.758
1978-11-10,,1.886
1978-11-17,,1.979
1978-11-24,,2.028
1978-12-01,,2.038
1978-12-08,,2.008
1978-12-15,,1.942
1978-12-22,,1.847
1978-12-29,,1.728
1979-01-05,,1.59
1979-01-12,,1.441
1979-01-19,,1.288
1979-01-26,,1.135
1979-02-02,,0.987
1979-02-09,,0.848
1979-02-16,,0.721
1979-02-23,,0.606
1979-03-02,,0.507
1979-03-09,,0.422
1979-03-16,,0.354
1979-03-23,,0.302
1979-03-30,,0.265
1979-04-06,,0.244
1979-04-13,,0.238
1979-04-20,,0.245
1979-04-27,,0.265
1979-05-04,,0.297
1979-05-11,,0.339
1979-05-18,,0.392
1979-05-25,,0.453
1979-06-01,,0.523
1979-06-08,,0.598
1979-06-15,,0.677
1979-06-22,,0.758
1979-06-29,,0.839
1979-07-06,,0.92
1979-07-13,,1.001
1979-07-20,,1.084
1979-07-27,,1.171
1979-08-03,,1.263
1979-08-10,,1.362
1979-08-17,,1.468
1979-08-24,,1.582
1979-08-31,,1.702
1979-09-07,,1.826
1979-09-14,,1.952
1979-09-21,,2.077
1979-09-28,,2.194
1979-10-05,,2.301
1979-10-12,,2.392
1979-10-19,,2.462
1979-10-26,,2.506
1979-11-02,,2.523
1979-11-09,,2.509
1979-11-16,,2.466
1979-11-23,,2.396
1979-11-30,,2.305
1979-12-07,,2.2
1979-12-14,,2.09
1979-12-21,,1.984
1979-12-28,,1.888
1980-01-04,,1.812
1980-01-11,,1.766
1980-01-18,,1.755
1980-01-25,,1.788
1980-02-01,,1.872
1980-02-08,,2.007
1980-02-15,,2.193
1980-02-22,,2.425
1980-02-29,,2.693
1980-03-07,,2.978
1980-03-14,,3.265
1980-03-21,,3.53
1980-03-28,,3.751
1980-04-04,,3.915
1980-04-11,,4.003
1980-04-18,,4.01
1980-04-25,,3.938
1980-05-02,,3.791
1980-05-09,,3.579
1980-05-16,,3.32
1980-05-23,,3.027
1980-05-30,,2.714
1980-06-06,,2.396
1980-06-13,,2.084
1980-06-20,,1.786
1980-06-27,,1.513
1980-07-04,,1.275
1980-07-11,,1.079
1980-07-18,,0.932
1980-07-25,,0.831
1980-08-01,,0.776
1980-08-08,,0.762
1980-08-15,,0.78
1980-08-22,,0.821
1980-08-29,,0.881
1980-09-05,,0.954
1980-09-12,,1.034
1980-09-19,,1.124
1980-09-26,,1.224
1980-10-03,,1.337
1980-10-10,,1.466
1980-10-17,,1.619
1980-10-24,,1.794
1980-10-31,,1.993
1980-11-07,,2.212
1980-11-14,,2.438
1980-11-21,,2.665
1980-11-28,,2.882
1980-12-05,,3.066
1980-12-12,,3.207
1980-12-19,,3.3
1980-12-26,,3.325
1981-01-02,,3.292
1981-01-09,,3.202
1981-01-16,,3.067
1981-01-23,,2.896
1981-01-30,,2.705
1981-02-06,,2.504
1981-02-13,,2.309
1981-02-20,,2.131
1981-02-27,,1.972
1981-03-06,,1.844
1981-03-13,,1.749
1981-03-20,,1.69
1981-03-27,,1.669
1981-04-03,,1.686
1981-04-10,,1.737
1981-04-17,,1.822
1981-04-24,,1.93
1981-05-01,,2.059
1981-05-08,,2.208
1981-05-15,,2.369
1981-05-22,,2.536
1981-05-29,,2.71
1981-06-05,,2.879
1981-06-12,,3.043
1981-06-19,,3.191
1981-06-26,,3.319
1981-07-03,,3.42
1981-07-10,,3.491
1981-07-17,,3.532
1981-07-24,,3.541
1981-07-31,,3.524
1981-08-07,,3.482
1981-08-14,,3.421
1981-08-21,,3.348
1981-08-28,,3.271
1981-09-04,,3.193
1981-09-11,,3.122
1981-09-18,,3.054
1981-09-25,,2.992
1981-10-02,,2.936
1981-10-09,,2.881
1981-10-16,,2.827
1981-10-23,,2.773
1981-10-30,,2.713
1981-11-06,,2.643
1981-11-13,,2.566
1981-11-20,,2.481
1981-11-27,,2.392
1981-12-04,,2.306
1981-12-11,,2.225
1981-12-18,,2.148
1981-12-25,,2.079
1982-01-01,,2.017
1982-01-08,,1.966
1982-01-15,,1.931
1982-01-22,,1.911
1982-01-29,,1.911
1982-02-05,,1.922
1982-02-12,,1.945
1982-02-19,,1.976
1982-02-26,,2.01
1982-03-05,,2.04
1982-03-12,,2.067
1982-03-19,,2.091
1982-03-26,,2.113
1982-04-02,,2.132
1982-04-09,,2.155
1982-04-16,,2.184
1982-04-23,,2.221
1982-04-30,,2.27
1982-05-07,,2.332
1982-05-14,,2.41
1982-05-21,,2.502
1982-05-28,,2.599
1982-06-04,,2.695
1982-06-11,,2.787
1982-06-18,,2.864
1982-06-25,,2.924
1982-07-02,,2.964
1982-07-09,,2.989
1982-07-16,,3.006
1982-07-23,,3.025
1982-07-30,,3.057
1982-08-06,,3.109
1982-08-13,,3.182
1982-08-20,,3.267
1982-08-27,,3.355
1982-09-03,,3.428
1982-09-10,,3.47
1982-09-17,,3.462
1982-09-24,,3.388
1982-10-01,,3.244
1982-10-08,,3.034
1982-10-15,,2.769
1982-10-22,,2.472
1982-10-29,,2.163
1982-11-05,,1.863
1982-11-12,,1.586
1982-11-19,,1.343
1982-11-26,,1.138
1982-12-03,,0.97
1982-12-10,,0.833
1982-12-17,,0.72
1982-12-24,,0.623
1982-12-31,,0.535
1983-01-07,,0.454
1983-01-14,,0.378
1983-01-21,,0.307
1983-01-28,,0.242
1983-02-04,,0.185
1983-02-11,,0.137
1983-02-18,,0.098
1983-02-25,,0.069
1983-03-04,,0.048
1983-03-11,,0.033
1983-03-18,,0.023
1983-03-25,,0.013
1983-04-01,,0.001
1983-04-08,,-0.016
1983-04-15,,-0.038
1983-04-22,,-0.064
1983-04-29,,-0.094
1983-05-06,,-0.124
1983-05-13,,-0.152
1983-05-20,,-0.174
1983-05-27,,-0.189
1983-06-03,,-0.196
1983-06-10,,-0.195
1983-06-17,,-0.187
1983-06-24,,-0.173
1983-07-01,,-0.155
1983-07-08,,-0.136
1983-07-15,,-0.116
1983-07-22,,-0.1
1983-07-29,,-0.087
1983-08-05,,-0.08
1983-08-12,,-0.077
1983-08-19,,-0.08
1983-08-26,,-0.084
1983-09-02,,-0.09
1983-09-09,,-0.094
1983-09-16,,-0.096
1983-09-23,,-0.092
1983-09-30,,-0.083
1983-10-07,,-0.067
1983-10-14,,-0.046
1983-10-21,,-0.019
1983-10-28,,0.008
1983-11-04,,0.036
1983-11-11,,0.061
1983-11-18,,0.082
1983-11-25,,0.098
1983-12-02,,0.107
1983-12-09,,0.109
1983-12-16,,0.102
1983-12-23,,0.085
1983-12-30,,0.058
1984-01-06,,0.025
1984-01-13,,-0.014
1984-01-20,,-0.056
1984-01-27,,-0.097
1984-02-03,,-0.134
1984-02-10,,-0.164
1984-02-17,,-0.185
1984-02-24,,-0.195
1984-03-02,,-0.193
1984-03-09,,-0.176
1984-03-16,,-0.145
1984-03-23,,-0.096
1984-03-30,,-0.031
1984-04-06,,0.051
1984-04-13,,0.148
1984-04-20,,0.258
1984-04-27,,0.38
1984-05-04,,0.508
1984-05-11,,0.64
1984-05-18,,0.768
1984-05-25,,0.887
1984-06-01,,0.994
1984-06-08,,1.083
1984-06-15,,1.152
1984-06-22,,1.196
1984-06-29,,1.213
1984-07-06,,1.201
1984-07-13,,1.159
1984-07-20,,1.094
1984-07-27,,1.013
1984-08-03,,0.922
1984-08-10,,0.829
1984-08-17,,0.738
1984-08-24,,0.653
1984-08-31,,0.575
1984-09-07,,0.505
1984-09-14,,0.441
1984-09-21,,0.381
1984-09-28,,0.323
1984-10-05,,0.267
1984-10-12,,0.212
1984-10-19,,0.157
1984-10-26,,0.106
1984-11-02,,0.057
1984-11-09,,0.011
1984-11-16,,-0.034
1984-11-23,,-0.076
1984-11-30,,-0.119
1984-12-07,,-0.16
1984-12-14,,-0.201
1984-12-21,,-0.242
1984-12-28,,-0.282
1985-01-04,,-0.319
1985-01-11,,-0.351
1985-01-18,,-0.375
1985-01-25,,-0.389
1985-02-01,,-0.392
1985-02-08,,-0.385
1985-02-15,,-0.37
1985-02-22,,-0.35
1985-03-01,,-0.328
1985-03-08,,-0.306
1985-03-15,,-0.288
1985-03-22,,-0.276
1985-03-29,,-0.271
1985-04-05,,-0.275
1985-04-12,,-0.288
1985-04-19,,-0.309
1985-04-26,,-0.335
1985-05-03,,-0.365
1985-05-10,,-0.395
1985-05-17,,-0.423
1985-05-24,,-0.446
1985-05-31,,-0.462
1985-06-07,,-0.47
1985-06-14,,-0.468
1985-06-21,,-0.459
1985-06-28,,-0.441
1985-07-05,,-0.417
1985-07-12,,-0.388
1985-07-19,,-0.355
1985-07-26,,-0.318
1985-08-02,,-0.28
1985-08-09,,-0.242
1985-08-16,,-0.206
1985-08-23,,-0.173
1985-08-30,,-0.148
1985-09-06,,-0.131
1985-09-13,,-0.124
1985-09-20,,-0.129
1985-09-27,,-0.145
1985-10-04,,-0.17
1985-10-11,,-0.203
1985-10-18,,-0.238
1985-10-25,,-0.272
1985-11-01,,-0.301
1985-11-08,,-0.323
1985-11-15,,-0.336
1985-11-22,,-0.339
1985-11-29,,-0.332
1985-12-06,,-0.319
1985-12-13,,-0.302
1985-12-20,,-0.285
1985-12-27,,-0.269
1986-01-03,,-0.257
1986-01-10,,-0.25
1986-01-17,,-0.249
1986-01-24,,-0.253
1986-01-31,,-0.262
1986-02-07,,-0.272
1986-02-14,,-0.283
1986-02-21,,-0.293
1986-02-28,,-0.301
1986-03-07,,-0.309
1986-03-14,,-0.317
1986-03-21,,-0.326
1986-03-28,,-0.338
1986-04-04,,-0.355
1986-04-11,,-0.376
1986-04-18,,-0.4
1986-04-25,,-0.424
1986-05-02,,-0.446
1986-05-09,,-0.463
1986-05-16,,-0.475
1986-05-23,,-0.479
1986-05-30,,-0.478
1986-06-06,,-0.471
1986-06-13,,-0.462
1986-06-20,,-0.452
1986-06-27,,-0.447
1986-07-04,,-0.448
1986-07-11,,-0.456
1986-07-18,,-0.472
1986-07-25,,-0.495
1986-08-01,,-0.52
1986-08-08,,-0.545
1986-08-15,,-0.567
1986-08-22,,-0.583
1986-08-29,,-0.59
1986-09-05,,-0.589
1986-09-12,,-0.58
1986-09-19,,-0.568
1986-09-26,,-0.555
1986-10-03,,-0.544
1986-10-10,,-0.538
1986-10-17,,-0.537
1986-10-24,,-0.539
1986-10-31,,-0.544
1986-11-07,,-0.549
1986-11-14,,-0.554
1986-11-21,,-0.555
1986-11-28,,-0.552
1986-12-05,,-0.546
1986-12-12,,-0.536
1986-12-19,,-0.524
1986-12-26,,-0.512
1987-01-02,,-0.502
1987-01-09,,-0.495
1987-01-16,,-0.491
1987-01-23,,-0.489
1987-01-30,,-0.488
1987-02-06,,-0.485
1987-02-13,,-0.478
1987-02-20,,-0.462
1987-02-27,,-0.436
1987-03-06,,-0.398
1987-03-13,,-0.342
1987-03-20,,-0.267
1987-03-27,,-0.174
1987-04-03,,-0.064
1987-04-10,,0.057
1987-04-17,,0.184
1987-04-24,,0.307
1987-05-01,,0.416
1987-05-08,,0.507
1987-05-15,,0.572
1987-05-22,,0.612
1987-05-29,,0.62
1987-06-05,,0.6
1987-06-12,,0.559
1987-06-19,,0.496
1987-06-26,,0.423
1987-07-03,,0.343
1987-07-10,,0.262
1987-07-17,,0.183
1987-07-24,,0.11
1987-07-31,,0.049
1987-08-07,,0.007
1987-08-14,,-0.015
1987-08-21,,-0.005
1987-08-28,,0.039
1987-09-04,,0.116
1987-09-11,,0.22
1987-09-18,,0.348
1987-09-25,,0.49
1987-10-02,,0.64
1987-10-09,,0.786
1987-10-16,,0.916
1987-10-23,,1.023
1987-10-30,,1.1
1987-11-06,,1.141
1987-11-13,,1.152
1987-11-20,,1.141
1987-11-27,,1.109
1987-12-04,,1.061
1987-12-11,,0.996
1987-12-18,,0.92
1987-12-25,,0.833
1988-01-01,,0.738
1988-01-08,,0.64
1988-01-15,,0.544
1988-01-22,,0.451
1988-01-29,,0.364
1988-02-05,,0.286
1988-02-12,,0.221
1988-02-19,,0.171
1988-02-26,,0.136
1988-03-04,,0.115
1988-03-11,,0.109
1988-03-18,,0.117
1988-03-25,,0.133
1988-04-01,,0.158
1988-04-08,,0.186
1988-04-15,,0.212
1988-04-22,,0.234
1988-04-29,,0.248
1988-05-06,,0.255
1988-05-13,,0.258
1988-05-20,,0.257
1988-05-27,,0.257
1988-06-03,,0.26
1988-06-10,,0.268
1988-06-17,,0.282
1988-06-24,,0.303
1988-07-01,,0.331
1988-07-08,,0.36
1988-07-15,,0.389
1988-07-22,,0.413
1988-07-29,,0.43
1988-08-05,,0.436
1988-08-12,,0.433
1988-08-19,,0.42
1988-08-26,,0.398
1988-09-02,,0.37
1988-09-09,,0.338
1988-09-16,,0.307
1988-09-23,,0.279
1988-09-30,,0.255
1988-10-07,,0.234
1988-10-14,,0.216
1988-10-21,,0.2
1988-10-28,,0.187
1988-11-04,,0.176
1988-11-11,,0.167
1988-11-18,,0.16
1988-11-25,,0.156
1988-12-02,,0.151
1988-12-09,,0.148
1988-12-16,,0.145
1988-12-23,,0.143
1988-12-30,,0.142
1989-01-06,,0.144
1989-01-13,,0.151
1989-01-20,,0.165
1989-01-27,,0.189
1989-02-03,,0.225
1989-02-10,,0.275
1989-02-17,,0.338
1989-02-24,,0.409
1989-03-03,,0.487
1989-03-10,,0.562
1989-03-17,,0.63
1989-03-24,,0.683
1989-03-31,,0.716
1989-04-07,,0.726
1989-04-14,,0.712
1989-04-21,,0.674
1989-04-28,,0.62
1989-05-05,,0.554
1989-05-12,,0.485
1989-05-19,,0.42
1989-05-26,,0.364
1989-06-02,,0.322
1989-06-09,,0.294
1989-06-16,,0.276
1989-06-23,,0.266
1989-06-30,,0.257
1989-07-07,,0.247
1989-07-14,,0.234
1989-07-21,,0.22
1989-07-28,,0.208
1989-08-04,,0.201
1989-08-11,,0.204
1989-08-18,,0.216
1989-08-25,,0.239
1989-09-01,,0.27
1989-09-08,,0.304
1989-09-15,,0.337
1989-09-22,,0.364
1989-09-29,,0.381
1989-10-06,,0.384
1989-10-13,,0.371
1989-10-20,,0.343
1989-10-27,,0.302
1989-11-03,,0.253
1989-11-10,,0.2
1989-11-17,,0.148
1989-11-24,,0.103
1989-12-01,,0.066
1989-12-08,,0.041
1989-12-15,,0.027
1989-12-22,,0.023
1989-12-29,,0.026
1990-01-05,,0.036
1990-01-12,,0.048
1990-01-19,,0.058
1990-01-26,,0.065
1990-02-02,,0.067
1990-02-09,,0.064
1990-02-16,,0.059
1990-02-23,,0.053
1990-03-02,,0.048
1990-03-09,,0.048
1990-03-16,,0.053
1990-03-23,,0.064
1990-03-30,,0.079
1990-04-06,,0.095
1990-04-13,,0.107
1990-04-20,,0.114
1990-04-27,,0.111
1990-05-04,,0.096
1990-05-11,,0.07
1990-05-18,,0.036
1990-05-25,,-0.005
1990-06-01,,-0.048
1990-06-08,,-0.088
1990-06-15,,-0.121
1990-06-22,,-0.144
1990-06-29,,-0.154
1990-07-06,,-0.151
1990-07-13,,-0.136
1990-07-20,,-0.109
1990-07-27,,-0.072
1990-08-03,,-0.027
1990-08-10,,0.023
1990-08-17,,0.076
1990-08-24,,0.131
1990-08-31,,0.185
1990-09-07,,0.239
1990-09-14,,0.29
1990-09-21,,0.338
1990-09-28,,0.381
1990-10-05,,0.414
1990-10-12,,0.437
1990-10-19,,0.451
1990-10-26,,0.457
1990-11-02,,0.457
1990-11-09,,0.456
1990-11-16,,0.456
1990-11-23,,0.461
1990-11-30,,0.471
1990-12-07,,0.484
1990-12-14,,0.498
1990-12-21,,0.513
1990-12-28,,0.52
1991-01-04,,0.512
1991-01-11,,0.491
1991-01-18,,0.451
1991-01-25,,0.392
1991-02-01,,0.324
1991-02-08,,0.249
1991-02-15,,0.174
1991-02-22,,0.103
1991-03-01,,0.038
1991-03-08,,-0.019
1991-03-15,,-0.07
1991-03-22,,-0.112
1991-03-29,,-0.148
1991-04-05,,-0.177
1991-04-12,,-0.201
1991-04-19,,-0.22
1991-04-26,,-0.234
1991-05-03,,-0.242
1991-05-10,,-0.245
1991-05-17,,-0.244
1991-05-24,,-0.24
1991-05-31,,-0.236
1991-06-07,,-0.234
1991-06-14,,-0.238
1991-06-21,,-0.249
1991-06-28,,-0.269
1991-07-05,,-0.298
1991-07-12,,-0.334
1991-07-19,,-0.374
1991-07-26,,-0.414
1991-08-02,,-0.451
1991-08-09,,-0.483
1991-08-16,,-0.509
1991-08-23,,-0.527
1991-08-30,,-0.54
1991-09-06,,-0.547
1991-09-13,,-0.553
1991-09-20,,-0.556
1991-09-27,,-0.56
1991-10-04,,-0.563
1991-10-11,,-0.567
1991-10-18,,-0.573
1991-10-25,,-0.58
1991-11-01,,-0.589
1991-11-08,,-0.598
1991-11-15,,-0.608
1991-11-22,,-0.617
1991-11-29,,-0.627
1991-12-06,,-0.638
1991-12-13,,-0.648
1991-12-20,,-0.656
1991-12-27,,-0.662
1992-01-03,,-0.664
1992-01-10,,-0.665
1992-01-17,,-0.662
1992-01-24,,-0.659
1992-01-31,,-0.656
1992-02-07,,-0.654
1992-02-14,,-0.653
1992-02-21,,-0.653
1992-02-28,,-0.654
1992-03-06,,-0.657
1992-03-13,,-0.662
1992-03-20,,-0.67
1992-03-27,,-0.682
1992-04-03,,-0.698
1992-04-10,,-0.717
1992-04-17,,-0.738
1992-04-24,,-0.76
1992-05-01,,-0.783
1992-05-08,,-0.804
1992-05-15,,-0.824
1992-05-22,,-0.843
1992-05-29,,-0.859
1992-06-05,,-0.873
1992-06-12,,-0.888
1992-06-19,,-0.901
1992-06-26,,-0.914
1992-07-03,,-0.924
1992-07-10,,-0.931
1992-07-17,,-0.936
1992-07-24,,-0.937
1992-07-31,,-0.936
1992-08-07,,-0.931
1992-08-14,,-0.923
1992-08-21,,-0.912
1992-08-28,,-0.897
1992-09-04,,-0.879
1992-09-11,,-0.858
1992-09-18,,-0.832
1992-09-25,,-0.804
1992-10-02,,-0.773
1992-10-09,,-0.742
1992-10-16,,-0.715
1992-10-23,,-0.694
1992-10-30,,-0.682
1992-11-06,,-0.68
1992-11-13,,-0.689
1992-11-20,,-0.707
1992-11-27,,-0.734
1992-12-04,,-0.769
1992-12-11,,-0.808
1992-12-18,,-0.846
1992-12-25,,-0.88
1993-01-01,,-0.909
1993-01-08,,-0.929
1993-01-15,,-0.944
1993-01-22,,-0.953
1993-01-29,,-0.956
1993-02-05,,-0.957
1993-02-12,,-0.956
1993-02-19,,-0.955
1993-02-26,,-0.955
1993-03-05,,-0.957
1993-03-12,,-0.961
1993-03-19,,-0.967
1993-03-26,,-0.974
1993-04-02,,-0.981
1993-04-09,,-0.987
1993-04-16,,-0.992
1993-04-23,,-0.993
1993-04-30,,-0.993
1993-05-07,,-0.99
1993-05-14,,-0.986
1993-05-21,,-0.982
1993-05-28,,-0.981
1993-06-04,,-0.983
1993-06-11,,-0.991
1993-06-18,,-1.003
1993-06-25,,-1.019
1993-07-02,,-1.036
1993-07-09,,-1.054
1993-07-16,,-1.069
1993-07-23,,-1.082
1993-07-30,,-1.09
1993-08-06,,-1.095
1993-08-13,,-1.096
1993-08-20,,-1.094
1993-08-27,,-1.089
1993-09-03,,-1.083
1993-09-10,,-1.074
1993-09-17,,-1.063
1993-09-24,,-1.05
1993-10-01,,-1.035
1993-10-08,,-1.019
1993-10-15,,-1.001
1993-10-22,,-0.983
1993-10-29,,-0.965
1993-11-05,,-0.95
1993-11-12,,-0.939
1993-11-19,,-0.934
1993-11-26,,-0.937
1993-12-03,,-0.945
1993-12-10,,-0.958
1993-12-17,,-0.974
1993-12-24,,-0.99
1993-12-31,-0.2903,-1.003
1994-01-07,-0.3673,-1.013
1994-01-14,-0.1063,-1.019
1994-01-21,-0.344,-1.018
1994-01-28,-0.2129,-1.011
1994-02-04,-0.5149,-0.997
1994-02-11,-0.3081,-0.976
1994-02-18,-0.2971,-0.949
1994-02-25,-0.2666,-0.919
1994-03-04,-0.1996,-0.885
1994-03-11,-0.2226,-0.851
1994-03-18,-0.1422,-0.819
1994-03-25,-0.2257,-0.79
1994-04-01,-0.1009,-0.764
1994-04-08,-0.0833,-0.745
1994-04-15,-0.0191,-0.732
1994-04-22,-0.1666,-0.723
1994-04-29,-0.0833,-0.72
1994-05-06,-0.3748,-0.718
1994-05-13,-0.1443,-0.718
1994-05-20,-0.047,-0.72
1994-05-27,-0.1878,-0.721
1994-06-03,-0.0438,-0.72
1994-06-10,0.0417,-0.719
1994-06-17,-0.1874,-0.717
1994-06-24,-0.0885,-0.716
1994-07-01,-0.1476,-0.718
1994-07-08,0.0038,-0.724
1994-07-15,-0.0933,-0.736
1994-07-22,-0.0681,-0.752
1994-07-29,-0.2092,-0.77
1994-08-05,-0.1239,-0.786
1994-08-12,-0.3044,-0.8
1994-08-19,-0.3376,-0.807
1994-08-26,-0.3122,-0.806
1994-09-02,-0.1963,-0.797
1994-09-09,-0.2883,-0.779
1994-09-16,-0.2848,-0.753
1994-09-23,-0.3273,-0.724
1994-09-30,-0.2071,-0.694
1994-10-07,-0.2246,-0.666
1994-10-14,0.0011,-0.641
1994-10-21,-0.1603,-0.62
1994-10-28,-0.2053,-0.6
1994-11-04,-0.1664,-0.58
1994-11-11,-0.2404,-0.558
1994-11-18,-0.4001,-0.532
1994-11-25,-0.1891,-0.503
1994-12-02,-0.1918,-0.473
1994-12-09,-0.1848,-0.444
1994-12-16,-0.2123,-0.421
1994-12-23,-0.1566,-0.407
1994-12-30,-0.0249,-0.405
1995-01-06,-0.2679,-0.416
1995-01-13,-0.0259,-0.439
1995-01-20,-0.3508,-0.469
1995-01-27,-0.3401,-0.505
1995-02-03,-0.3545,-0.541
1995-02-10,-0.4386,-0.574
1995-02-17,-0.2078,-0.601
1995-02-24,-0.2413,-0.621
1995-03-03,-0.1893,-0.633
1995-03-10,-0.1131,-0.638
1995-03-17,-0.2198,-0.64
1995-03-24,-0.3518,-0.639
1995-03-31,-0.4503,-0.639
1995-04-07,-0.3146,-0.641
1995-04-14,-0.2752,-0.648
1995-04-21,-0.2321,-0.658
1995-04-28,-0.4248,-0.672
1995-05-05,-0.283,-0.686
1995-05-12,-0.1631,-0.699
1995-05-19,-0.3575,-0.707
1995-05-26,-0.3195,-0.711
1995-06-02,-0.0764,-0.708
1995-06-09,-0.1995,-0.701
1995-06-16,-0.1579,-0.69
1995-06-23,-0.153,-0.68
1995-06-30,-0.2647,-0.672
1995-07-07,-0.2518,-0.667
1995-07-14,-0.127,-0.668
1995-07-21,-0.4319,-0.672
1995-07-28,-0.2789,-0.679
1995-08-04,-0.2358,-0.689
1995-08-11,-0.2579,-0.698
1995-08-18,-0.3678,-0.706
1995-08-25,-0.2146,-0.711
1995-09-01,-0.1441,-0.712
1995-09-08,-0.2369,-0.71
1995-09-15,-0.3326,-0.707
1995-09-22,-0.2817,-0.702
1995-09-29,-0.4009,-0.697
1995-10-06,-0.0609,-0.696
1995-10-13,-0.2181,-0.698
1995-10-20,-0.1907,-0.704
1995-10-27,-0.1342,-0.713
1995-11-03,-0.195,-0.724
1995-11-10,-0.3196,-0.736
1995-11-17,-0.3237,-0.745
1995-11-24,-0.4579,-0.751
1995-12-01,-0.306,-0.753
1995-12-08,-0.3818,-0.751
1995-12-15,-0.4068,-0.747
1995-12-22,-0.2933,-0.743
1995-12-29,-0.0564,-0.743
1996-01-05,-0.4482,-0.749
1996-01-12,-0.1946,-0.76
1996-01-19,-0.2103,-0.775
1996-01-26,-0.3884,-0.792
1996-02-02,-0.3618,-0.808
1996-02-09,-0.2654,-0.819
1996-02-16,-0.2534,-0.824
1996-02-23,-0.4422,-0.819
1996-03-01,-0.4031,-0.806
1996-03-08,-0.0378,-0.787
1996-03-15,-0.2394,-0.763
1996-03-22,-0.1447,-0.74
1996-03-29,-0.1014,-0.719
1996-04-05,-0.133,-0.701
1996-04-12,-0.0848,-0.689
1996-04-19,0.0159,-0.684
1996-04-26,-0.1969,-0.685
1996-05-03,-0.194,-0.691
1996-05-10,-0.1126,-0.699
1996-05-17,-0.1771,-0.708
1996-05-24,-0.2386,-0.714
1996-05-31,-0.2865,-0.716
1996-06-07,-0.2263,-0.714
1996-06-14,-0.1868,-0.71
1996-06-21,-0.1968,-0.705
1996-06-28,-0.0385,-0.7
1996-07-05,-0.4034,-0.698
1996-07-12,0.0266,-0.698
1996-07-19,0.0117,-0.703
1996-07-26,-0.0824,-0.711
1996-08-02,-0.1896,-0.72
1996-08-09,0.1163,-0.731
1996-08-16,-0.257,-0.739
1996-08-23,-0.2861,-0.744
1996-08-30,-0.3359,-0.744
1996-09-06,-0.1755,-0.74
1996-09-13,-0.1448,-0.736
1996-09-20,-0.1758,-0.732
1996-09-27,-0.0719,-0.731
1996-10-04,-0.0829,-0.734
1996-10-11,-0.0689,-0.742
1996-10-18,-0.1388,-0.752
1996-10-25,-0.1884,-0.764
1996-11-01,-0.069,-0.775
1996-11-08,-0.2381,-0.782
1996-11-15,-0.2252,-0.784
1996-11-22,-0.3089,-0.78
1996-11-29,-0.2833,-0.77
1996-12-06,-0.1349,-0.754
1996-12-13,-0.0426,-0.737
1996-12-20,-0.1666,-0.72
1996-12-27,-0.0931,-0.706
1997-01-03,-0.3473,-0.696
1997-01-10,-0.0934,-0.691
1997-01-17,-0.3019,-0.693
1997-01-24,-0.3407,-0.699
1997-01-31,-0.2396,-0.709
1997-02-07,-0.2182,-0.719
1997-02-14,-0.3007,-0.729
1997-02-21,-0.3631,-0.734
1997-02-28,-0.3845,-0.735
1997-03-07,-0.2145,-0.729
1997-03-14,-0.2965,-0.719
1997-03-21,-0.2821,-0.706
1997-03-28,-0.3804,-0.69
1997-04-04,-0.0967,-0.674
1997-04-11,-0.0997,-0.66
1997-04-18,-0.2432,-0.648
1997-04-25,-0.2332,-0.638
1997-05-02,-0.2772,-0.633
1997-05-09,-0.2104,-0.629
1997-05-16,-0.1948,-0.627
1997-05-23,-0.2679,-0.627
1997-05-30,-0.2265,-0.628
1997-06-06,-0.1125,-0.629
1997-06-13,-0.2824,-0.632
1997-06-20,-0.2164,-0.636
1997-06-27,-0.0944,-0.64
1997-07-04,-0.3807,-0.646
1997-07-11,-0.1265,-0.65
1997-07-18,-0.2902,-0.654
1997-07-25,-0.3088,-0.657
1997-08-01,-0.4181,-0.658
1997-08-08,-0.3263,-0.657
1997-08-15,-0.247,-0.655
1997-08-22,-0.2239,-0.652
1997-08-29,-0.2377,-0.647
1997-09-05,-0.1843,-0.642
1997-09-12,-0.154,-0.634
1997-09-19,-0.1639,-0.625
1997-09-26,-0.1303,-0.613
1997-10-03,-0.1723,-0.598
1997-10-10,-0.2095,-0.579
1997-10-17,-0.2173,-0.557
1997-10-24,-0.1486,-0.534
1997-10-31,0.6552,-0.511
1997-11-07,-0.057,-0.493
1997-11-14,0.3462,-0.48
1997-11-21,-0.1586,-0.473
1997-11-28,-0.1174,-0.473
1997-12-05,-0.3136,-0.478
1997-12-12,-0.0352,-0.486
1997-12-19,-0.0847,-0.498
1997-12-26,0.1197,-0.513
1998-01-02,-0.4698,-0.529
1998-01-09,0.2658,-0.546
1998-01-16,-0.0569,-0.564
1998-01-23,-0.2329,-0.581
1998-01-30,-0.2246,-0.598
1998-02-06,-0.2862,-0.613
1998-02-13,-0.3334,-0.625
1998-02-20,-0.3266,-0.634
1998-02-27,-0.4666,-0.638
1998-03-06,-0.3141,-0.637
1998-03-13,-0.2447,-0.635
1998-03-20,-0.4081,-0.631
1998-03-27,-0.3313,-0.625
1998-04-03,-0.1855,-0.62
1998-04-10,-0.2031,-0.615
1998-04-17,-0.2959,-0.61
1998-04-24,-0.2055,-0.604
1998-05-01,-0.0979,-0.597
1998-05-08,-0.1185,-0.591
1998-05-15,-0.3565,-0.584
1998-05-22,-0.2516,-0.578
1998-05-29,-0.1581,-0.57
1998-06-05,-0.2029,-0.564
1998-06-12,-0.1938,-0.559
1998-06-19,-0.11,-0.557
1998-06-26,-0.1823,-0.555
1998-07-03,-0.4188,-0.555
1998-07-10,-0.1512,-0.552
1998-07-17,-0.4467,-0.546
1998-07-24,-0.1699,-0.532
1998-07-31,-0.1065,-0.51
1998-08-07,0.1499,-0.476
1998-08-14,0.2997,-0.431
1998-08-21,0.227,-0.376
1998-08-28,0.8852,-0.313
1998-09-04,1.1953,-0.248
1998-09-11,0.8566,-0.183
1998-09-18,0.5841,-0.122
1998-09-25,0.6563,-0.068
1998-10-02,1.0221,-0.025
1998-10-09,1.9094,0.005
1998-10-16,1.1344,0.018
1998-10-23,0.9018,0.013
1998-10-30,0.7677,-0.005
1998-11-06,0.4545,-0.031
1998-11-13,0.6348,-0.059
1998-11-20,0.3441,-0.088
1998-11-27,-0.026,-0.114
1998-12-04,0.5483,-0.135
1998-12-11,0.4712,-0.154
1998-12-18,0.531,-0.172
1998-12-25,0.1853,-0.19
1999-01-01,0.3812,-0.206
1999-01-08,0.1225,-0.221
1999-01-15,0.5417,-0.237
1999-01-22,0.5009,-0.253
1999-01-29,0.269,-0.272
1999-02-05,0.176,-0.292
1999-02-12,0.2497,-0.312
1999-02-19,0.0957,-0.333
1999-02-26,0.0607,-0.352
1999-03-05,0.0923,-0.369
1999-03-12,0.096,-0.383
1999-03-19,0.0811,-0.395
1999-03-26,0.1525,-0.403
1999-04-02,0.0743,-0.41
1999-04-09,0.1314,-0.415
1999-04-16,0.0041,-0.419
1999-04-23,0.0714,-0.422
1999-04-30,-0.0777,-0.425
1999-05-07,0.0134,-0.425
1999-05-14,0.0607,-0.42
1999-05-21,0.2074,-0.412
1999-05-28,0.3083,-0.4
1999-06-04,0.119,-0.385
1999-06-11,0.1244,-0.368
1999-06-18,0.1543,-0.35
1999-06-25,0.055,-0.33
1999-07-02,0.0807,-0.309
1999-07-09,0.113,-0.285
1999-07-16,0.2158,-0.26
1999-07-23,0.2331,-0.234
1999-07-30,0.2537,-0.211
1999-08-06,0.4102,-0.189
1999-08-13,0.2875,-0.172
1999-08-20,0.2134,-0.159
1999-08-27,0.1166,-0.149
1999-09-03,0.2327,-0.137
1999-09-10,0.318,-0.124
1999-09-17,0.3377,-0.112
1999-09-24,0.3895,-0.1
1999-10-01,0.3079,-0.089
1999-10-08,0.4368,-0.083
1999-10-15,0.5475,-0.085
1999-10-22,0.4231,-0.095
1999-10-29,0.1854,-0.11
1999-11-05,0.3293,-0.127
1999-11-12,0.1907,-0.145
1999-11-19,-0.0311,-0.159
1999-11-26,0.0503,-0.167
1999-12-03,0.1643,-0.169
1999-12-10,0.2163,-0.168
1999-12-17,0.0962,-0.167
1999-12-24,0.0526,-0.167
1999-12-31,0.2744,-0.171
2000-01-07,-0.0064,-0.181
2000-01-14,-0.0413,-0.192
2000-01-21,0.0112,-0.202
2000-01-28,0.073,-0.21
2000-02-04,-0.0553,-0.212
2000-02-11,0.0999,-0.209
2000-02-18,0.1632,-0.201
2000-02-25,0.2658,-0.189
2000-03-03,-0.0095,-0.172
2000-03-10,0.0574,-0.152
2000-03-17,0.009,-0.13
2000-03-24,-0.1354,-0.108
2000-03-31,0.2273,-0.088
2000-04-07,0.4505,-0.072
2000-04-14,0.4711,-0.058
2000-04-21,0.4328,-0.045
2000-04-28,0.3009,-0.031
2000-05-05,0.4692,-0.016
2000-05-12,0.4942,-0.001
2000-05-19,0.2493,0.013
2000-05-26,0.5864,0.025
2000-06-02,0.4665,0.032
2000-06-09,0.4187,0.033
2000-06-16,0.3951,0.029
2000-06-23,0.4357,0.017
2000-06-30,0.369,-0.001
2000-07-07,0.2899,-0.025
2000-07-14,0.1507,-0.054
2000-07-21,0.072,-0.085
2000-07-28,0.129,-0.115
2000-08-04,0.1363,-0.143
2000-08-11,-0.0139,-0.167
2000-08-18,0.0022,-0.185
2000-08-25,0.0228,-0.197
2000-09-01,-0.0626,-0.205
2000-09-08,0.07,-0.207
2000-09-15,0.0921,-0.206
2000-09-22,0.2606,-0.202
2000-09-29,0.1329,-0.196
2000-10-06,0.1883,-0.189
2000-10-13,0.68,-0.181
2000-10-20,0.4865,-0.174
2000-10-27,0.3186,-0.167
2000-11-03,0.1254,-0.157
2000-11-10,0.3116,-0.143
2000-11-17,0.4079,-0.126
2000-11-24,0.5508,-0.105
2000-12-01,0.5938,-0.085
2000-12-08,0.636,-0.07
2000-12-15,0.4621,-0.064
2000-12-22,0.9156,-0.069
2000-12-29,0.7071,-0.089
2001-01-05,0.9268,-0.119
2001-01-12,0.5039,-0.154
2001-01-19,0.2974,-0.19
2001-01-26,0.269,-0.223
2001-02-02,0.4117,-0.25
2001-02-09,0.3835,-0.268
2001-02-16,0.2948,-0.277
2001-02-23,0.6653,-0.276
2001-03-02,0.5563,-0.27
2001-03-09,0.4179,-0.262
2001-03-16,0.7984,-0.253
2001-03-23,1.0688,-0.249
2001-03-30,0.5423,-0.252
2001-04-06,1.0468,-0.262
2001-04-13,0.7417,-0.281
2001-04-20,0.6392,-0.305
2001-04-27,0.776,-0.332
2001-05-04,0.3179,-0.36
2001-05-11,0.4238,-0.385
2001-05-18,0.4393,-0.405
2001-05-25,0.3731,-0.421
2001-06-01,0.4204,-0.432
2001-06-08,0.3899,-0.44
2001-06-15,0.4703,-0.446
2001-06-22,0.511,-0.451
2001-06-29,0.3188,-0.458
2001-07-06,0.2875,-0.467
2001-07-13,0.5647,-0.478
2001-07-20,0.4542,-0.488
2001-07-27,0.3334,-0.497
2001-08-03,0.2592,-0.502
2001-08-10,0.2727,-0.497
2001-08-17,0.3856,-0.483
2001-08-24,0.4844,-0.46
2001-08-31,0.4065,-0.429
2001-09-07,0.5168,-0.396
2001-09-14,1.4936,-0.364
2001-09-21,2.0174,-0.342
2001-09-28,0.7543,-0.335
2001-10-05,1.1432,-0.337
2001-10-12,0.8784,-0.348
2001-10-19,0.7793,-0.364
2001-10-26,0.757,-0.38
2001-11-02,1.0638,-0.391
2001-11-09,0.8556,-0.397
2001-11-16,0.3987,-0.395
2001-11-23,0.5268,-0.385
2001-11-30,0.7008,-0.372
2001-12-07,0.7947,-0.359
2001-12-14,0.7906,-0.353
2001-12-21,0.7702,-0.355
2001-12-28,0.6062,-0.368
2002-01-04,0.5649,-0.388
2002-01-11,0.5501,-0.413
2002-01-18,0.6046,-0.439
2002-01-25,0.3696,-0.46
2002-02-01,0.5212,-0.475
2002-02-08,0.6824,-0.484
2002-02-15,0.3811,-0.489
2002-02-22,0.5603,-0.489
2002-03-01,0.3942,-0.489
2002-03-08,0.2029,-0.488
2002-03-15,0.1733,-0.488
2002-03-22,0.2972,-0.492
2002-03-29,0.3543,-0.501
2002-04-05,0.4518,-0.514
2002-04-12,0.4146,-0.533
2002-04-19,0.307,-0.555
2002-04-26,0.3908,-0.578
2002-05-03,0.276,-0.6
2002-05-10,0.368,-0.616
2002-05-17,0.1681,-0.627
2002-05-24,0.3754,-0.628
2002-05-31,0.3545,-0.622
2002-06-07,0.5382,-0.608
2002-06-14,0.6362,-0.588
2002-06-21,0.6626,-0.563
2002-06-28,0.9983,-0.536
2002-07-05,0.7895,-0.508
2002-07-12,0.9269,-0.481
2002-07-19,1.0517,-0.457
2002-07-26,1.5284,-0.437
2002-08-02,0.9383,-0.422
2002-08-09,1.3193,-0.411
2002-08-16,1.0689,-0.403
2002-08-23,0.8625,-0.395
2002-08-30,0.8541,-0.387
2002-09-06,1.3437,-0.376
2002-09-13,1.0135,-0.366
2002-09-20,1.3139,-0.356
2002-09-27,1.4501,-0.351
2002-10-04,1.2633,-0.35
2002-10-11,1.5604,-0.356
2002-10-18,0.7733,-0.368
2002-10-25,1.0034,-0.383
2002-11-01,1.2227,-0.401
2002-11-08,1.0739,-0.419
2002-11-15,1.0136,-0.434
2002-11-22,0.5309,-0.445
2002-11-29,0.689,-0.451
2002-12-06,0.8725,-0.454
2002-12-13,0.8882,-0.458
2002-12-20,0.6762,-0.462
2002-12-27,0.9138,-0.469
2003-01-03,0.9332,-0.48
2003-01-10,0.4785,-0.493
2003-01-17,0.6658,-0.505
2003-01-24,0.9506,-0.515
2003-01-31,0.9306,-0.522
2003-02-07,0.9588,-0.526
2003-02-14,0.9122,-0.528
2003-02-21,0.6854,-0.531
2003-02-28,0.6783,-0.535
2003-03-07,0.7405,-0.542
2003-03-14,0.8015,-0.552
2003-03-21,0.4678,-0.566
2003-03-28,0.6611,-0.586
2003-04-04,0.5622,-0.609
2003-04-11,0.4463,-0.635
2003-04-18,0.2673,-0.659
2003-04-25,0.2568,-0.68
2003-05-02,0.2139,-0.697
2003-05-09,0.2531,-0.706
2003-05-16,0.3561,-0.711
2003-05-23,0.5938,-0.711
2003-05-30,0.4082,-0.71
2003-06-06,0.3358,-0.708
2003-06-13,0.3875,-0.707
2003-06-20,0.2373,-0.708
2003-06-27,0.4506,-0.711
2003-07-04,0.3782,-0.714
2003-07-11,0.2527,-0.715
2003-07-18,0.1129,-0.714
2003-07-25,0.1367,-0.709
2003-08-01,0.2935,-0.699
2003-08-08,0.5566,-0.689
2003-08-15,0.1627,-0.68
2003-08-22,0.1733,-0.672
2003-08-29,0.0773,-0.667
2003-09-05,0.1093,-0.665
2003-09-12,0.2043,-0.667
2003-09-19,-0.08,-0.673
2003-09-26,0.0317,-0.679
2003-10-03,0.1268,-0.687
2003-10-10,-0.1674,-0.695
2003-10-17,-0.3413,-0.703
2003-10-24,-0.0907,-0.709
2003-10-31,-0.2312,-0.713
2003-11-07,-0.3013,-0.716
2003-11-14,-0.1981,-0.716
2003-11-21,-0.0666,-0.715
2003-11-28,-0.3513,-0.713
2003-12-05,-0.2666,-0.711
2003-12-12,-0.2357,-0.712
2003-12-19,-0.2408,-0.715
2003-12-26,-0.2265,-0.722
2004-01-02,-0.2719,-0.732
2004-01-09,-0.3598,-0.745
2004-01-16,-0.3442,-0.759
2004-01-23,-0.4507,-0.772
2004-01-30,-0.3795,-0.785
2004-02-06,-0.3637,-0.795
2004-02-13,-0.4423,-0.803
2004-02-20,-0.4752,-0.809
2004-02-27,-0.4994,-0.813
2004-03-05,-0.6563,-0.813
2004-03-12,-0.3022,-0.812
2004-03-19,-0.3439,-0.807
2004-03-26,-0.3027,-0.801
2004-04-02,-0.6536,-0.793
2004-04-09,-0.5793,-0.782
2004-04-16,-0.4619,-0.769
2004-04-23,-0.439,-0.754
2004-04-30,-0.3943,-0.739
2004-05-07,-0.396,-0.725
2004-05-14,-0.2987,-0.712
2004-05-21,-0.4503,-0.702
2004-05-28,-0.5762,-0.694
2004-06-04,-0.5496,-0.689
2004-06-11,-0.7368,-0.686
2004-06-18,-0.5101,-0.685
2004-06-25,-0.5336,-0.685
2004-07-02,-0.5019,-0.686
2004-07-09,-0.3936,-0.688
2004-07-16,-0.5502,-0.69
2004-07-23,-0.5395,-0.692
2004-07-30,-0.5293,-0.695
2004-08-06,-0.3158,-0.696
2004-08-13,-0.4798,-0.697
2004-08-20,-0.5004,-0.699
2004-08-27,-0.6255,-0.7
2004-09-03,-0.5432,-0.7
2004-09-10,-0.6534,-0.699
2004-09-17,-0.6067,-0.699
2004-09-24,-0.6315,-0.699
2004-10-01,-0.6129,-0.698
2004-10-08,-0.5986,-0.698
2004-10-15,-0.4393,-0.699
2004-10-22,-0.4905,-0.702
2004-10-29,-0.6633,-0.705
2004-11-05,-0.8003,-0.708
2004-11-12,-0.8355,-0.712
2004-11-19,-0.7638,-0.714
2004-11-26,-0.8276,-0.715
2004-12-03,-0.7113,-0.713
2004-12-10,-0.7053,-0.71
2004-12-17,-0.9008,-0.705
2004-12-24,-0.8355,-0.7
2004-12-31,-0.8332,-0.696
2005-01-07,-0.7261,-0.694
2005-01-14,-0.6989,-0.695
2005-01-21,-0.7101,-0.698
2005-01-28,-0.7818,-0.702
2005-02-04,-0.88,-0.708
2005-02-11,-0.8429,-0.712
2005-02-18,-0.9463,-0.712
2005-02-25,-0.9581,-0.709
2005-03-04,-0.9305,-0.702
2005-03-11,-0.9468,-0.692
2005-03-18,-0.7827,-0.679
2005-03-25,-0.7298,-0.664
2005-04-01,-0.7054,-0.65
2005-04-08,-0.7234,-0.637
2005-04-15,-0.6751,-0.626
2005-04-22,-0.6047,-0.616
2005-04-29,-0.7493,-0.609
2005-05-06,-0.7597,-0.604
2005-05-13,-0.6016,-0.6
2005-05-20,-0.5081,-0.598
2005-05-27,-0.7934,-0.598
2005-06-03,-0.6966,-0.599
2005-06-10,-0.6886,-0.6
2005-06-17,-0.7843,-0.601
2005-06-24,-0.672,-0.603
2005-07-01,-0.7875,-0.605
2005-07-08,-0.7261,-0.606
2005-07-15,-0.8923,-0.61
2005-07-22,-0.8392,-0.612
2005-07-29,-0.9283,-0.613
2005-08-05,-0.9127,-0.612
2005-08-12,-0.8806,-0.61
2005-08-19,-0.8058,-0.605
2005-08-26,-0.8126,-0.598
2005-09-02,-0.6407,-0.59
2005-09-09,-0.8308,-0.582
2005-09-16,-0.8377,-0.575
2005-09-23,-0.781,-0.569
2005-09-30,-0.8417,-0.566
2005-10-07,-0.704,-0.567
2005-10-14,-0.5695,-0.571
2005-10-21,-0.828,-0.577
2005-10-28,-0.8652,-0.583
2005-11-04,-0.9008,-0.587
2005-11-11,-0.8321,-0.588
2005-11-18,-0.7225,-0.585
2005-11-25,-0.7725,-0.58
2005-12-02,-0.7118,-0.574
2005-12-09,-0.7046,-0.567
2005-12-16,-0.7236,-0.562
2005-12-23,-0.6878,-0.561
2005-12-30,-0.6466,-0.563
2006-01-06,-0.8426,-0.569
2006-01-13,-0.9909,-0.579
2006-01-20,-0.8247,-0.59
2006-01-27,-0.9945,-0.602
2006-02-03,-1.0542,-0.613
2006-02-10,-0.9269,-0.622
2006-02-17,-1.0268,-0.629
2006-02-24,-1.111,-0.633
2006-03-03,-1.0732,-0.634
2006-03-10,-0.9616,-0.633
2006-03-17,-1.0146,-0.632
2006-03-24,-1.0523,-0.63
2006-03-31,-1.0429,-0.628
2006-04-07,-1.0183,-0.626
2006-04-14,-0.9492,-0.623
2006-04-21,-1.0359,-0.622
2006-04-28,-1.0944,-0.619
2006-05-05,-1.1017,-0.614
2006-05-12,-1.1094,-0.606
2006-05-19,-0.8796,-0.595
2006-05-26,-0.7853,-0.582
2006-06-02,-0.9176,-0.567
2006-06-09,-0.7942,-0.554
2006-06-16,-0.7264,-0.541
2006-06-23,-0.8005,-0.532
2006-06-30,-0.8529,-0.528
2006-07-07,-0.9812,-0.529
2006-07-14,-0.781,-0.535
2006-07-21,-0.7772,-0.545
2006-07-28,-0.9292,-0.558
2006-08-04,-0.8893,-0.572
2006-08-11,-0.9183,-0.585
2006-08-18,-1.0233,-0.596
2006-08-25,-0.9766,-0.603
2006-09-01,-0.9431,-0.606
2006-09-08,-0.9058,-0.606
2006-09-15,-0.9379,-0.605
2006-09-22,-0.8233,-0.605
2006-09-29,-0.7962,-0.606
2006-10-06,-0.8412,-0.609
2006-10-13,-1.0212,-0.615
2006-10-20,-0.9641,-0.621
2006-10-27,-1.0014,-0.627
2006-11-03,-0.8844,-0.631
2006-11-10,-1.0024,-0.632
2006-11-17,-0.9947,-0.63
2006-11-24,-0.9223,-0.627
2006-12-01,-0.7934,-0.622
2006-12-08,-0.911,-0.619
2006-12-15,-0.9857,-0.62
2006-12-22,-0.9285,-0.624
2006-12-29,-0.9625,-0.632
2007-01-05,-0.8773,-0.644
2007-01-12,-0.9861,-0.657
2007-01-19,-1.0922,-0.669
2007-01-26,-1.1273,-0.679
2007-02-02,-1.0871,-0.683
2007-02-09,-1.0882,-0.681
2007-02-16,-1.1038,-0.674
2007-02-23,-1.1272,-0.662
2007-03-02,-0.6856,-0.646
2007-03-09,-0.7836,-0.632
2007-03-16,-0.8417,-0.62
2007-03-23,-1.0121,-0.611
2007-03-30,-0.9483,-0.606
2007-04-06,-0.9502,-0.602
2007-04-13,-1.0218,-0.598
2007-04-20,-1.0305,-0.594
2007-04-27,-1.0046,-0.587
2007-05-04,-0.9096,-0.578
2007-05-11,-0.9611,-0.57
2007-05-18,-0.9268,-0.561
2007-05-25,-0.9702,-0.552
2007-06-01,-0.9183,-0.546
2007-06-08,-0.7961,-0.543
2007-06-15,-0.7175,-0.539
2007-06-22,-0.679,-0.534
2007-06-29,-0.5519,-0.521
2007-07-06,-0.7732,-0.496
2007-07-13,-0.6853,-0.451
2007-07-20,-0.6765,-0.383
2007-07-27,-0.1368,-0.289
2007-08-03,-0.0006,-0.177
2007-08-10,0.147,-0.058
2007-08-17,1.235,0.06
2007-08-24,1.3023,0.154
2007-08-31,1.0161,0.206
2007-09-07,1.4916,0.222
2007-09-14,1.5903,0.198
2007-09-21,0.7227,0.142
2007-09-28,0.7146,0.077
2007-10-05,0.6405,0.017
2007-10-12,0.3666,-0.023
2007-10-19,0.7409,-0.03
2007-10-26,0.8077,0.001
2007-11-02,0.4813,0.067
2007-11-09,1.1604,0.165
2007-11-16,1.1812,0.276
2007-11-23,1.9391,0.388
2007-11-30,2.0868,0.481
2007-12-07,1.9703,0.545
2007-12-14,1.9398,0.572
2007-12-21,1.7983,0.562
2007-12-28,1.3355,0.524
2008-01-04,1.6337,0.477
2008-01-11,1.3091,0.433
2008-01-18,0.9867,0.41
2008-01-25,1.6407,0.418
2008-02-01,0.9829,0.448
2008-02-08,1.5226,0.51
2008-02-15,1.3071,0.595
2008-02-22,1.1594,0.694
2008-02-29,1.4479,0.794
2008-03-07,2.475,0.885
2008-03-14,2.0527,0.946
2008-03-21,2.3927,0.97
2008-03-28,1.6929,0.949
2008-04-04,1.7446,0.896
2008-04-11,1.8996,0.821
2008-04-18,1.9258,0.738
2008-04-25,1.7126,0.652
2008-05-02,1.3882,0.577
2008-05-09,1.2696,0.522
2008-05-16,1.038,0.49
2008-05-23,0.9529,0.485
2008-05-30,0.98,0.507
2008-06-06,1.3312,0.553
2008-06-13,1.2474,0.607
2008-06-20,1.2914,0.663
2008-06-27,1.7604,0.715
2008-07-04,1.8544,0.747
2008-07-11,1.8082,0.756
2008-07-18,1.7757,0.746
2008-07-25,1.2091,0.718
2008-08-01,1.6769,0.687
2008-08-08,1.5628,0.672
2008-08-15,1.5462,0.68
2008-08-22,1.7961,0.736
2008-08-29,1.5687,0.843
2008-09-05,1.8396,1.01
2008-09-12,1.9973,1.23
2008-09-19,4.159,1.513
2008-09-26,4.5922,1.793
2008-10-03,7.2916,2.073
2008-10-10,9.6742,2.325
2008-10-17,9.6091,2.523
2008-10-24,8.1176,2.667
2008-10-31,7.7966,2.791
2008-11-07,6.2567,2.886
2008-11-14,6.0388,2.968
2008-11-21,7.7436,3.045
2008-11-28,6.8989,3.072
2008-12-05,6.9985,3.065
2008-12-12,6.592,3.001
2008-12-19,6.0086,2.877
2008-12-26,4.8275,2.718
2009-01-02,4.9573,2.565
2009-01-09,3.7577,2.413
2009-01-16,3.8478,2.29
2009-01-23,4.3513,2.201
2009-01-30,4.0662,2.141
2009-02-06,3.6067,2.112
2009-02-13,3.6203,2.113
2009-02-20,4.2042,2.13
2009-02-27,4.1887,2.146
2009-03-06,4.8101,2.15
2009-03-13,3.9644,2.112
2009-03-20,3.3643,2.04
2009-03-27,3.2367,1.935
2009-04-03,3.0556,1.81
2009-04-10,2.8248,1.669
2009-04-17,2.608,1.527
2009-04-24,2.86,1.387
2009-05-01,2.3538,1.251
2009-05-08,1.5927,1.127
2009-05-15,2.0679,1.026
2009-05-22,1.5948,0.942
2009-05-29,1.3845,0.882
2009-06-05,1.2317,0.835
2009-06-12,1.0267,0.798
2009-06-19,1.6137,0.768
2009-06-26,1.6704,0.73
2009-07-03,1.2273,0.685
2009-07-10,1.4862,0.629
2009-07-17,1.0189,0.562
2009-07-24,0.7929,0.491
2009-07-31,0.5357,0.422
2009-08-07,0.1812,0.362
2009-08-14,0.8091,0.313
2009-08-21,0.9817,0.272
2009-08-28,0.556,0.235
2009-09-04,0.7228,0.203
2009-09-11,0.3713,0.169
2009-09-18,0.0488,0.136
2009-09-25,0.1882,0.107
2009-10-02,0.4369,0.085
2009-10-09,0.2958,0.064
2009-10-16,0.1452,0.047
2009-10-23,0.2068,0.034
2009-10-30,0.4322,0.026
2009-11-06,0.4009,0.017
2009-11-13,0.0431,0.005
2009-11-20,0.1695,-0.009
2009-11-27,0.1659,-0.027
2009-12-04,0.0695,-0.052
2009-12-11,0.0064,-0.083
2009-12-18,-0.1418,-0.116
2009-12-25,-0.2372,-0.147
2010-01-01,-0.2109,-0.172
2010-01-08,-0.3904,-0.193
2010-01-15,-0.3498,-0.202
2010-01-22,-0.074,-0.201
2010-01-29,0.0583,-0.197
2010-02-05,-0.0501,-0.193
2010-02-12,0.115,-0.196
2010-02-19,-0.2134,-0.213
2010-02-26,-0.2222,-0.242
2010-03-05,-0.2637,-0.281
2010-03-12,-0.5612,-0.327
2010-03-19,-0.4287,-0.373
2010-03-26,-0.397,-0.414
2010-04-02,-0.3535,-0.442
2010-04-09,-0.4678,-0.454
2010-04-16,-0.4461,-0.442
2010-04-23,-0.4151,-0.407
2010-04-30,-0.1881,-0.348
2010-05-07,0.4255,-0.271
2010-05-14,0.355,-0.195
2010-05-21,0.9903,-0.122
2010-05-28,1.0297,-0.067
2010-06-04,0.8231,-0.036
2010-06-11,0.9794,-0.027
2010-06-18,0.5082,-0.041
2010-06-25,0.5946,-0.068
2010-07-02,0.9514,-0.103
2010-07-09,0.5674,-0.145
2010-07-16,0.3602,-0.185
2010-07-23,0.5111,-0.218
2010-07-30,0.176,-0.243
2010-08-06,0.2064,-0.257
2010-08-13,0.4233,-0.262
2010-08-20,0.4493,-0.264
2010-08-27,0.4673,-0.266
2010-09-03,0.2809,-0.273
2010-09-10,0.0608,-0.288
2010-09-17,0.0106,-0.307
2010-09-24,0.0938,-0.329
2010-10-01,0.1154,-0.353
2010-10-08,0.0109,-0.377
2010-10-15,-0.1968,-0.399
2010-10-22,-0.0675,-0.416
2010-10-29,-0.2245,-0.43
2010-11-05,-0.1328,-0.44
2010-11-12,-0.2417,-0.443
2010-11-19,0.0128,-0.445
2010-11-26,0.0336,-0.448
2010-12-03,-0.0111,-0.454
2010-12-10,-0.2857,-0.465
2010-12-17,-0.1982,-0.481
2010-12-24,-0.2409,-0.5
2010-12-31,-0.2388,-0.521
2011-01-07,-0.3221,-0.543
2011-01-14,-0.3047,-0.563
2011-01-21,-0.3205,-0.581
2011-01-28,-0.2629,-0.593
2011-02-04,-0.3834,-0.598
2011-02-11,-0.4583,-0.596
2011-02-18,-0.3054,-0.587
2011-02-25,-0.0858,-0.572
2011-03-04,-0.2324,-0.559
2011-03-11,-0.2368,-0.548
2011-03-18,0.0884,-0.543
2011-03-25,-0.3287,-0.548
2011-04-01,-0.3462,-0.558
2011-04-08,-0.4201,-0.572
2011-04-15,-0.3799,-0.585
2011-04-22,-0.3999,-0.595
2011-04-29,-0.5175,-0.599
2011-05-06,-0.3322,-0.595
2011-05-13,-0.3524,-0.586
2011-05-20,-0.3133,-0.574
2011-05-27,-0.2769,-0.56
2011-06-03,-0.2032,-0.546
2011-06-10,-0.1381,-0.534
2011-06-17,-0.1298,-0.525
2011-06-24,-0.1145,-0.518
2011-07-01,-0.3953,-0.511
2011-07-08,-0.3566,-0.499
2011-07-15,-0.0089,-0.476
2011-07-22,-0.2895,-0.441
2011-07-29,-0.2646,-0.392
2011-08-05,0.3542,-0.328
2011-08-12,1.3297,-0.257
2011-08-19,0.5374,-0.194
2011-08-26,0.875,-0.135
2011-09-02,0.5191,-0.092
2011-09-09,0.9186,-0.06
2011-09-16,0.7775,-0.043
2011-09-23,1.1152,-0.034
2011-09-30,1.1493,-0.037
2011-10-07,1.3882,-0.049
2011-10-14,0.4738,-0.07
2011-10-21,0.677,-0.088
2011-10-28,0.3156,-0.102
2011-11-04,0.8713,-0.104
2011-11-11,0.791,-0.096
2011-11-18,1.0344,-0.084
2011-11-25,1.2459,-0.071
2011-12-02,0.6862,-0.069
2011-12-09,0.6363,-0.076
2011-12-16,0.9057,-0.089
2011-12-23,0.6543,-0.114
2011-12-30,0.6604,-0.148
2012-01-06,0.5417,-0.189
2012-01-13,0.571,-0.235
2012-01-20,0.4334,-0.281
2012-01-27,0.323,-0.323
2012-02-03,0.2962,-0.355
2012-02-10,0.0951,-0.379
2012-02-17,0.2029,-0.395
2012-02-24,0.0672,-0.407
2012-03-02,0.0491,-0.418
2012-03-09,0.1691,-0.426
2012-03-16,-0.2046,-0.433
2012-03-23,-0.0778,-0.437
2012-03-30,0.0253,-0.434
2012-04-06,0.0684,-0.427
2012-04-13,0.2873,-0.414
2012-04-20,0.04,-0.398
2012-04-27,-0.0039,-0.377
2012-05-04,-0.0605,-0.35
2012-05-11,0.1091,-0.319
2012-05-18,0.4557,-0.286
2012-05-25,0.3634,-0.259
2012-06-01,0.46,-0.241
2012-06-08,0.4325,-0.234
2012-06-15,0.218,-0.239
2012-06-22,0.0549,-0.254
2012-06-29,0.1232,-0.274
2012-07-06,0.0347,-0.297
2012-07-13,0.1355,-0.321
2012-07-20,-0.0249,-0.345
2012-07-27,0.1118,-0.366
2012-08-03,-0.1319,-0.387
2012-08-10,-0.1737,-0.406
2012-08-17,-0.1062,-0.425
2012-08-24,-0.1571,-0.443
2012-08-31,-0.0669,-0.461
2012-09-07,-0.1968,-0.479
2012-09-14,-0.4759,-0.499
2012-09-21,-0.5247,-0.515
2012-09-28,-0.2133,-0.528
2012-10-05,-0.4315,-0.539
2012-10-12,-0.4646,-0.546
2012-10-19,-0.6017,-0.55
2012-10-26,-0.3458,-0.549
2012-11-02,-0.3318,-0.548
2012-11-09,-0.3068,-0.546
2012-11-16,-0.1939,-0.545
2012-11-23,-0.5345,-0.549
2012-11-30,-0.4773,-0.555
2012-12-07,-0.5208,-0.563
2012-12-14,-0.5806,-0.575
2012-12-21,-0.5652,-0.587
2012-12-28,-0.3651,-0.6
2013-01-04,-0.6308,-0.614
2013-01-11,-0.6163,-0.627
2013-01-18,-0.6325,-0.636
2013-01-25,-0.6656,-0.643
2013-02-01,-0.5701,-0.647
2013-02-08,-0.5298,-0.648
2013-02-15,-0.6662,-0.649
2013-02-22,-0.6221,-0.65
2013-03-01,-0.5079,-0.65
2013-03-08,-0.7507,-0.653
2013-03-15,-0.7865,-0.656
2013-03-22,-0.5722,-0.659
2013-03-29,-0.6251,-0.664
2013-04-05,-0.5506,-0.671
2013-04-12,-0.7217,-0.682
2013-04-19,-0.4878,-0.693
2013-04-26,-0.6849,-0.705
2013-05-03,-0.6637,-0.715
2013-05-10,-0.7679,-0.719
2013-05-17,-0.6137,-0.717
2013-05-24,-0.5311,-0.707
2013-05-31,-0.3671,-0.691
2013-06-07,-0.0862,-0.671
2013-06-14,-0.147,-0.652
2013-06-21,-0.1182,-0.637
2013-06-28,0.0717,-0.629
2013-07-05,-0.1455,-0.629
2013-07-12,-0.3064,-0.637
2013-07-19,-0.508,-0.649
2013-07-26,-0.4873,-0.66
2013-08-02,-0.3627,-0.669
2013-08-09,-0.4072,-0.673
2013-08-16,-0.3713,-0.672
2013-08-23,-0.1932,-0.668
2013-08-30,-0.1637,-0.664
2013-09-06,-0.25,-0.662
2013-09-13,-0.3247,-0.664
2013-09-20,-0.4448,-0.669
2013-09-27,-0.3397,-0.676
2013-10-04,-0.2577,-0.686
2013-10-11,-0.3908,-0.698
2013-10-18,-0.5549,-0.712
2013-10-25,-0.5749,-0.726
2013-11-01,-0.528,-0.738
2013-11-08,-0.5119,-0.749
2013-11-15,-0.5661,-0.757
2013-11-22,-0.6426,-0.764
2013-11-29,-0.5754,-0.769
2013-12-06,-0.4541,-0.773
2013-12-13,-0.5013,-0.776
2013-12-20,-0.5649,-0.778
2013-12-27,-0.6774,-0.779
2014-01-03,-0.559,-0.776
2014-01-10,-0.6364,-0.774
2014-01-17,-0.6406,-0.77
2014-01-24,-0.5254,-0.766
2014-01-31,-0.3338,-0.763
2014-02-07,-0.3589,-0.764
2014-02-14,-0.696,-0.768
2014-02-21,-0.5784,-0.772
2014-02-28,-0.6582,-0.776
2014-03-07,-0.6306,-0.779
2014-03-14,-0.5652,-0.78
2014-03-21,-0.6124,-0.779
2014-03-28,-0.6327,-0.776
2014-04-04,-0.6238,-0.774
2014-04-11,-0.5215,-0.771
2014-04-18,-0.6153,-0.769
2014-04-25,-0.7235,-0.769
2014-05-02,-0.6619,-0.77
2014-05-09,-0.6665,-0.773
2014-05-16,-0.6999,-0.777
2014-05-23,-0.7064,-0.783
2014-05-30,-0.7689,-0.789
2014-06-06,-0.7822,-0.793
2014-06-13,-0.8017,-0.793
2014-06-20,-0.8121,-0.79
2014-06-27,-0.8013,-0.783
2014-07-04,-0.7735,-0.773
2014-07-11,-0.7219,-0.761
2014-07-18,-0.6653,-0.749
2014-07-25,-0.6918,-0.739
2014-08-01,-0.5664,-0.73
2014-08-08,-0.3955,-0.725
2014-08-15,-0.6681,-0.724
2014-08-22,-0.7273,-0.724
2014-08-29,-0.6647,-0.721
2014-09-05,-0.6127,-0.715
2014-09-12,-0.518,-0.705
2014-09-19,-0.5242,-0.69
2014-09-26,-0.3555,-0.672
2014-10-03,-0.3087,-0.656
2014-10-10,-0.2892,-0.644
2014-10-17,0.1595,-0.637
2014-10-24,-0.4475,-0.638
2014-10-31,-0.4729,-0.643
2014-11-07,-0.4384,-0.65
2014-11-14,-0.4272,-0.655
2014-11-21,-0.3015,-0.655
2014-11-28,-0.4009,-0.648
2014-12-05,-0.2845,-0.636
2014-12-12,-0.0049,-0.616
2014-12-19,0.0895,-0.593
2014-12-26,-0.4807,-0.571
2015-01-02,-0.1019,-0.549
2015-01-09,0.1562,-0.53
2015-01-16,0.159,-0.516
2015-01-23,-0.0122,-0.508
2015-01-30,0.0139,-0.506
2015-02-06,-0.168,-0.508
2015-02-13,-0.26,-0.514
2015-02-20,-0.242,-0.522
2015-02-27,-0.2175,-0.53
2015-03-06,-0.2653,-0.537
2015-03-13,-0.1066,-0.542
2015-03-20,-0.1295,-0.546
2015-03-27,-0.1959,-0.549
2015-04-03,-0.1807,-0.551
2015-04-10,-0.3573,-0.554
2015-04-17,-0.3462,-0.555
2015-04-24,-0.3946,-0.557
2015-05-01,-0.3762,-0.557
2015-05-08,-0.3207,-0.556
2015-05-15,-0.2901,-0.555
2015-05-22,-0.2874,-0.555
2015-05-29,-0.1819,-0.554
2015-06-05,-0.1915,-0.552
2015-06-12,-0.2038,-0.551
2015-06-19,-0.1534,-0.548
2015-06-26,-0.3114,-0.545
2015-07-03,0.0787,-0.54
2015-07-10,-0.0041,-0.534
2015-07-17,-0.3359,-0.528
2015-07-24,-0.1759,-0.518
2015-07-31,-0.0851,-0.502
2015-08-07,-0.1337,-0.481
2015-08-14,-0.0408,-0.458
2015-08-21,0.1851,-0.433
2015-08-28,0.6802,-0.411
2015-09-04,0.2952,-0.397
2015-09-11,0.1891,-0.391
2015-09-18,0.2031,-0.391
2015-09-25,0.4333,-0.397
2015-10-02,0.7066,-0.407
2015-10-09,0.0835,-0.424
2015-10-16,0.1629,-0.44
2015-10-23,0.0375,-0.454
2015-10-30,0.0003,-0.464
2015-11-06,-0.0777,-0.468
2015-11-13,0.1367,-0.464
2015-11-20,0.1123,-0.454
2015-11-27,0.0563,-0.439
2015-12-04,0.1351,-0.419
2015-12-11,0.468,-0.395
2015-12-18,0.5459,-0.371
2015-12-25,0.3879,-0.349
2016-01-01,0.3243,-0.329
2016-01-08,0.7134,-0.312
2016-01-15,0.8811,-0.296
2016-01-22,0.9945,-0.284
2016-01-29,0.5494,-0.276
2016-02-05,0.7266,-0.272
2016-02-12,1.2667,-0.272
2016-02-19,0.5808,-0.283
2016-02-26,0.5629,-0.298
2016-03-04,0.2431,-0.318
2016-03-11,0.2801,-0.337
2016-03-18,0.1683,-0.355
2016-03-25,0.1716,-0.367
2016-04-01,0.3903,-0.377
2016-04-08,0.3475,-0.382
2016-04-15,0.1,-0.385
2016-04-22,-0.0161,-0.387
2016-04-29,0.0752,-0.386
2016-05-06,0.2794,-0.384
2016-05-13,0.1879,-0.381
2016-05-20,0.0815,-0.377
2016-05-27,0.0033,-0.372
2016-06-03,0.1354,-0.366
2016-06-10,0.1646,-0.36
2016-06-17,0.5778,-0.353
2016-06-24,0.2633,-0.349
2016-07-01,0.5962,-0.347
2016-07-08,0.2184,-0.35
2016-07-15,-0.0952,-0.356
2016-07-22,0.0985,-0.362
2016-07-29,0.2443,-0.367
2016-08-05,0.3635,-0.37
2016-08-12,0.2201,-0.371
2016-08-19,0.2003,-0.368
2016-08-26,0.278,-0.363
2016-09-02,0.2906,-0.356
2016-09-09,0.3015,-0.349
2016-09-16,0.5052,-0.345
2016-09-23,0.3412,-0.343
2016-09-30,0.3213,-0.346
2016-10-07,0.0939,-0.353
2016-10-14,0.2299,-0.362
2016-10-21,0.1896,-0.373
2016-10-28,0.1126,-0.386
2016-11-04,0.5009,-0.398
2016-11-11,-0.0092,-0.412
2016-11-18,-0.0356,-0.425
2016-11-25,-0.1108,-0.436
2016-12-02,0.0004,-0.446
2016-12-09,-0.2505,-0.454
2016-12-16,-0.1497,-0.461
2016-12-23,-0.0915,-0.467
2016-12-30,-0.0471,-0.473
2017-01-06,-0.0884,-0.479
2017-01-13,-0.1008,-0.484
2017-01-20,-0.0811,-0.489
2017-01-27,-0.1953,-0.493
2017-02-03,-0.1299,-0.495
2017-02-10,-0.1668,-0.496
2017-02-17,-0.2946,-0.496
2017-02-24,-0.2157,-0.493
2017-03-03,-0.3895,-0.491
2017-03-10,-0.4074,-0.489
2017-03-17,-0.3625,-0.486
2017-03-24,-0.231,-0.485
2017-03-31,-0.405,-0.486
2017-04-07,-0.3766,-0.489
2017-04-14,-0.2485,-0.495
2017-04-21,-0.2464,-0.503
2017-04-28,-0.5801,-0.513
2017-05-05,-0.5,-0.523
2017-05-12,-0.6073,-0.533
2017-05-19,-0.4663,-0.542
2017-05-26,-0.6523,-0.551
2017-06-02,-0.619,-0.558
2017-06-09,-0.7095,-0.563
2017-06-16,-0.706,-0.568
2017-06-23,-0.475,-0.571
2017-06-30,-0.5572,-0.574
2017-07-07,-0.5918,-0.577
2017-07-14,-0.5634,-0.58
2017-07-21,-0.6824,-0.582
2017-07-28,-0.719,-0.581
2017-08-04,-0.6186,-0.578
2017-08-11,-0.458,-0.573
2017-08-18,-0.4356,-0.567
2017-08-25,-0.4582,-0.563
2017-09-01,-0.5062,-0.561
2017-09-08,-0.4203,-0.561
2017-09-15,-0.6716,-0.563
2017-09-22,-0.7118,-0.568
2017-09-29,-0.6604,-0.573
2017-10-06,-0.7062,-0.58
2017-10-13,-0.6675,-0.587
2017-10-20,-0.7359,-0.593
2017-10-27,-0.7422,-0.599
2017-11-03,-0.7009,-0.603
2017-11-10,-0.6739,-0.605
2017-11-17,-0.6715,-0.606
2017-11-24,-0.8244,-0.607
2017-12-01,-0.7809,-0.608
2017-12-08,-0.7096,-0.609
2017-12-15,-0.6464,-0.611
2017-12-22,-0.6102,-0.615
2017-12-29,-0.5052,-0.619
2018-01-05,-0.6265,-0.622
2018-01-12,-0.7074,-0.622
2018-01-19,-0.6477,-0.618
2018-01-26,-0.6591,-0.609
2018-02-02,-0.5044,-0.595
2018-02-09,0.1003,-0.577
2018-02-16,-0.2616,-0.562
2018-02-23,-0.3407,-0.547
2018-03-02,-0.0689,-0.532
2018-03-09,-0.0956,-0.519
2018-03-16,-0.0229,-0.508
2018-03-23,0.2564,-0.501
2018-03-30,0.3415,-0.5
2018-04-06,0.3384,-0.503
2018-04-13,0.1378,-0.514
2018-04-20,-0.0662,-0.528
2018-04-27,-0.0317,-0.541
2018-05-04,0.0069,-0.553
2018-05-11,-0.2379,-0.562
2018-05-18,-0.2993,-0.567
2018-05-25,-0.2291,-0.567
2018-06-01,0.0671,-0.562
2018-06-08,-0.3935,-0.556
2018-06-15,-0.3404,-0.549
2018-06-22,-0.2722,-0.544
2018-06-29,-0.0593,-0.541
2018-07-06,-0.1898,-0.542
2018-07-13,-0.419,-0.547
2018-07-20,-0.4563,-0.555
2018-07-27,-0.5419,-0.564
2018-08-03,-0.4456,-0.573
2018-08-10,-0.5509,-0.582
2018-08-17,-0.4438,-0.589
2018-08-24,-0.6271,-0.595
2018-08-31,-0.6743,-0.599
2018-09-07,-0.6008,-0.601
2018-09-14,-0.7148,-0.601
2018-09-21,-0.8149,-0.598
2018-09-28,-0.7497,-0.593
2018-10-05,-0.7875,-0.586
2018-10-12,-0.4427,-0.576
2018-10-19,-0.5037,-0.565
2018-10-26,-0.2084,-0.551
2018-11-02,-0.2231,-0.536
2018-11-09,-0.4704,-0.52
2018-11-16,-0.0201,-0.501
2018-11-23,0.0585,-0.48
2018-11-30,-0.1425,-0.46
2018-12-07,0.2117,-0.441
2018-12-14,0.2685,-0.428
2018-12-21,0.5486,-0.422
2018-12-28,0.675,-0.425
2019-01-04,0.3194,-0.437
2019-01-11,-0.1765,-0.457
2019-01-18,-0.1446,-0.48
2019-01-25,-0.1202,-0.504
2019-02-01,-0.1398,-0.528
2019-02-08,-0.2858,-0.548
2019-02-15,-0.353,-0.565
2019-02-22,-0.519,-0.578
2019-03-01,-0.5806,-0.587
2019-03-08,-0.4619,-0.592
2019-03-15,-0.5655,-0.596
2019-03-22,-0.5761,-0.6
2019-03-29,-0.3117,-0.602
2019-04-05,-0.6715,-0.606
2019-04-12,-0.6523,-0.61
2019-04-19,-0.7717,-0.611
2019-04-26,-0.6298,-0.611
2019-05-03,-0.6697,-0.607
2019-05-10,-0.3754,-0.6
2019-05-17,-0.3502,-0.592
2019-05-24,-0.4721,-0.584
2019-05-31,-0.1764,-0.577
2019-06-07,-0.1994,-0.571
2019-06-14,-0.4272,-0.569
2019-06-21,-0.3359,-0.569
2019-06-28,-0.332,-0.571
2019-07-05,-0.5223,-0.575
2019-07-12,-0.4504,-0.577
2019-07-19,-0.3586,-0.576
2019-07-26,-0.487,-0.573
2019-08-02,-0.2593,-0.565
2019-08-09,0.2558,-0.554
2019-08-16,0.2051,-0.543
2019-08-23,-0.0872,-0.532
2019-08-30,-0.0452,-0.523
2019-09-06,-0.0939,-0.516
2019-09-13,-0.3508,-0.511
2019-09-20,-0.1492,-0.507
2019-09-27,0.1086,-0.507
2019-10-04,0.3719,-0.511
2019-10-11,0.1408,-0.52
2019-10-18,-0.1346,-0.532
2019-10-25,-0.1286,-0.546
2019-11-01,-0.064,-0.558
2019-11-08,-0.0988,-0.567
2019-11-15,-0.1033,-0.572
2019-11-22,-0.0494,-0.571
2019-11-29,-0.1888,-0.566
2019-12-06,-0.0927,-0.557
2019-12-13,-0.2683,-0.55
2019-12-20,-0.3675,-0.546
2019-12-27,-0.181,-0.551
2020-01-03,-0.2271,-0.564
2020-01-10,-0.3533,-0.584
2020-01-17,-0.5213,-0.606
2020-01-24,-0.4079,-0.619
2020-01-31,-0.1181,-0.617
2020-02-07,-0.4621,-0.591
2020-02-14,-0.569,-0.531
2020-02-21,-0.4432,-0.431
2020-02-28,0.6741,-0.293
2020-03-06,1.3482,-0.132
2020-03-13,3.5113,0.033
2020-03-20,5.6548,0.177
2020-03-27,5.3842,0.269
2020-04-03,3.1845,0.306
2020-04-10,2.6249,0.292
2020-04-17,1.8988,0.236
2020-04-24,2.4194,0.158
2020-05-01,1.2531,0.061
2020-05-08,0.9538,-0.038
2020-05-15,0.9267,-0.127
2020-05-22,0.442,-0.206
2020-05-29,0.2138,-0.269
2020-06-05,-0.0803,-0.314
2020-06-12,0.2858,-0.344
2020-06-19,0.4902,-0.366
2020-06-26,0.5157,-0.384
2020-07-03,0.4271,-0.401
2020-07-10,0.1281,-0.419
2020-07-17,0.081,-0.438
2020-07-24,-0.2101,-0.457
2020-07-31,-0.0618,-0.474
2020-08-07,-0.1918,-0.488
2020-08-14,-0.2578,-0.498
2020-08-21,-0.0557,-0.504
2020-08-28,-0.2573,-0.506
2020-09-04,-0.1054,-0.504
2020-09-11,0.0652,-0.5
2020-09-18,-0.1196,-0.497
2020-09-25,0.2642,-0.491
2020-10-02,-0.0644,-0.488
2020-10-09,-0.2264,-0.488
2020-10-16,-0.0767,-0.491
2020-10-23,0.0203,-0.497
2020-10-30,0.4001,-0.506
2020-11-06,-0.0619,-0.519
2020-11-13,-0.4712,-0.536
2020-11-20,-0.1482,-0.552
2020-11-27,-0.3863,-0.566
2020-12-04,-0.4346,-0.579
2020-12-11,-0.4087,-0.589
2020-12-18,-0.366,-0.597
2020-12-25,-0.4077,-0.603
2021-01-01,-0.4641,-0.608
2021-01-08,-0.4776,-0.613
2021-01-15,-0.5202,-0.615
2021-01-22,-0.5042,-0.617
2021-01-29,-0.255,-0.618
2021-02-05,-0.5675,-0.62
2021-02-12,-0.7524,-0.622
2021-02-19,-0.6448,-0.623
2021-02-26,-0.4365,-0.626
2021-03-05,-0.3962,-0.63
2021-03-12,-0.4901,-0.635
2021-03-19,-0.5357,-0.641
2021-03-26,-0.6118,-0.648
2021-04-02,-0.7068,-0.655
2021-04-09,-0.8033,-0.663
2021-04-16,-0.756,-0.67
2021-04-23,-0.7063,-0.676
2021-04-30,-0.7959,-0.681
2021-05-07,-0.795,-0.686
2021-05-14,-0.7388,-0.688
2021-05-21,-0.7029,-0.691
2021-05-28,-0.8002,-0.693
2021-06-04,-0.8385,-0.694
2021-06-11,-0.7821,-0.693
2021-06-18,-0.7627,-0.69
2021-06-25,-0.7939,-0.686
2021-07-02,-0.8337,-0.68
2021-07-09,-0.6993,-0.673
2021-07-16,-0.7929,-0.666
2021-07-23,-0.5574,-0.66
2021-07-30,-0.7558,-0.654
2021-08-06,-0.6669,-0.65
2021-08-13,-0.8562,-0.647
2021-08-20,-0.6085,-0.645
2021-08-27,-0.7596,-0.646
2021-09-03,-0.7517,-0.647
2021-09-10,-0.7044,-0.649
2021-09-17,-0.6692,-0.651
2021-09-24,-0.5367,-0.652
2021-10-01,-0.6264,-0.652
2021-10-08,-0.6309,-0.651
2021-10-15,-0.7234,-0.645
2021-10-22,-0.8991,-0.635
2021-10-29,-0.8028,-0.62
2021-11-05,-0.6739,-0.603
2021-11-12,-0.7802,-0.584
2021-11-19,-0.6839,-0.566
2021-11-26,-0.4817,-0.55
2021-12-03,-0.1578,-0.539
2021-12-10,-0.7002,-0.537
2021-12-17,-0.4914,-0.54
2021-12-24,-0.5748,-0.547
2021-12-31,-0.7638,-0.555
2022-01-07,-0.699,-0.561
2022-01-14,-0.6563,-0.56
2022-01-21,-0.3787,-0.554
2022-01-28,-0.1951,-0.54
2022-02-04,-0.5087,-0.521
2022-02-11,-0.5839,-0.495
2022-02-18,-0.1612,-0.466
2022-02-25,-0.0001,-0.437
2022-03-04,0.3037,-0.41
2022-03-11,0.1517,-0.39
2022-03-18,-0.3076,-0.378
2022-03-25,-0.6084,-0.372
2022-04-01,-0.469,-0.37
2022-04-08,-0.3677,-0.367
2022-04-15,-0.2787,-0.36
2022-04-22,-0.3833,-0.35
2022-04-29,0.1885,-0.335
2022-05-06,0.2119,-0.317
2022-05-13,0.5686,-0.298
2022-05-20,0.3122,-0.279
2022-05-27,0.2901,-0.257
2022-06-03,-0.1573,-0.234
2022-06-10,-0.0456,-0.209
2022-06-17,0.0297,-0.186
2022-06-24,0.3881,-0.17
2022-07-01,0.6207,-0.164
2022-07-08,0.435,-0.167
2022-07-15,0.0728,-0.18
2022-07-22,-0.2664,-0.199
2022-07-29,-0.1825,-0.217
2022-08-05,-0.4765,-0.23
2022-08-12,-0.4012,-0.238
2022-08-19,-0.3645,-0.236
2022-08-26,-0.2035,-0.223
2022-09-02,-0.1335,-0.202
2022-09-09,-0.3082,-0.177
2022-09-16,-0.4352,-0.149
2022-09-23,0.1341,-0.124
2022-09-30,0.5207,-0.105
2022-10-07,0.174,-0.097
2022-10-14,0.2887,-0.099
2022-10-21,-0.1473,-0.109
2022-10-28,-0.2866,-0.124
2022-11-04,-0.383,-0.141
2022-11-11,-0.3173,-0.158
2022-11-18,-0.2099,-0.171
2022-11-25,-0.2199,-0.179
2022-12-02,-0.1082,-0.184
2022-12-09,0.1327,-0.187
2022-12-16,0.0149,-0.194
2022-12-23,0.0269,-0.204
2022-12-30,-0.0392,-0.221
2023-01-06,-0.1564,-0.244
2023-01-13,-0.4117,-0.268
2023-01-20,-0.3829,-0.288
2023-01-27,-0.5079,-0.305
2023-02-03,-0.5455,-0.312
2023-02-10,-0.6121,-0.308
2023-02-17,-0.4694,-0.294
2023-02-24,-0.2302,-0.268
2023-03-03,-0.4447,-0.237
2023-03-10,-0.0826,-0.205
2023-03-17,1.1185,-0.174
2023-03-24,0.2765,-0.155
2023-03-31,-0.2692,-0.151
2023-04-07,-0.0834,-0.154
2023-04-14,-0.4826,-0.165
2023-04-21,-0.6587,-0.178
2023-04-28,-0.2834,-0.189
2023-05-05,-0.3268,-0.198
2023-05-12,-0.5086,-0.205
2023-05-19,-0.4452,-0.209
2023-05-26,-0.3232,-0.211
2023-06-02,-0.4647,-0.213
2023-06-09,-0.6949,-0.214
2023-06-16,-0.6086,-0.216
2023-06-23,-0.5835,-0.22
2023-06-30,-0.6935,-0.226
2023-07-07,-0.7508,-0.235
2023-07-14,-0.6866,-0.248
2023-07-21,-0.7313,-0.262
2023-07-28,-0.758,-0.278
2023-08-04,-0.7174,-0.295
2023-08-11,-0.6553,-0.311
2023-08-18,-0.6214,-0.323
2023-08-25,-0.6757,-0.332
2023-09-01,-0.6843,-0.337
2023-09-08,-0.7143,-0.336
2023-09-15,-0.709,-0.332
2023-09-22,-0.7167,-0.323
2023-09-29,-0.4985,-0.31
2023-10-06,-0.4271,-0.299
2023-10-13,-0.532,-0.29
2023-10-20,-0.3295,-0.284
2023-10-27,-0.3412,-0.283
2023-11-03,-0.5986,-0.288
2023-11-10,-0.722,-0.297
2023-11-17,-0.6151,-0.308
2023-11-24,-0.7271,-0.319
2023-12-01,-0.5241,-0.329
2023-12-08,-0.4906,-0.338
2023-12-15,-0.6006,-0.347
2023-12-22,-0.4277,-0.356
2023-12-29,-0.4121,-0.364
2024-01-05,-0.5572,-0.373
2024-01-12,-0.7058,-0.381
2024-01-19,-0.8064,-0.388
2024-01-26,-0.8294,-0.394
2024-02-02,-0.7482,-0.401
2024-02-09,-0.5995,-0.408
2024-02-16,-0.6438,-0.416
2024-02-23,-0.6697,-0.424
2024-03-01,-0.7861,-0.431
2024-03-08,-0.784,-0.434
2024-03-15,-0.9218,-0.436
2024-03-22,-0.9399,-0.434
2024-03-29,-0.928,-0.43
2024-04-05,-0.8442,-0.424
2024-04-12,-0.794,-0.418
2024-04-19,-0.4173,-0.413
2024-04-26,-0.8365,-0.411
2024-05-03,-0.8241,-0.41
2024-05-10,-0.9144,-0.411
2024-05-17,-0.9039,-0.411
2024-05-24,-0.9571,-0.41
2024-05-31,-0.8493,-0.406
2024-06-07,-0.8332,-0.4
2024-06-14,-0.8649,-0.393
2024-06-21,-0.825,-0.385
2024-06-28,-0.8329,-0.378
2024-07-05,-0.8263,-0.373
2024-07-12,-0.8227,-0.367
2024-07-19,-0.6583,-0.362
2024-07-26,-0.619,-0.359
2024-08-02,-0.3296,-0.357
2024-08-09,-0.1533,-0.358
2024-08-16,-0.732,-0.367
2024-08-23,-0.6412,-0.377
2024-08-30,-0.6454,-0.389
2024-09-06,-0.3834,-0.4
2024-09-13,-0.3074,-0.41
2024-09-20,-0.4388,-0.418
2024-09-27,-0.2672,-0.425
2024-10-04,-0.6082,-0.429
2024-10-11,-0.5901,-0.433
2024-10-18,-0.5286,-0.437
2024-10-25,-0.3839,-0.442
2024-11-01,-0.2908,-0.448
2024-11-08,-0.5602,-0.456
2024-11-15,-0.7983,-0.464
2024-11-22,-0.6073,-0.469
2024-11-29,-0.6089,-0.472
2024-12-06,-0.5219,-0.475
2024-12-13,-0.5769,-0.476
2024-12-20,-0.4963,-0.478
2024-12-27,-0.621,-0.481
2025-01-03,-0.6146,-0.486
2025-01-10,-0.7978,-0.492
2025-01-17,-0.8204,-0.497
2025-01-24,-0.9675,-0.502
2025-01-31,-0.7544,-0.505
2025-02-07,-0.777,-0.504
2025-02-14,-0.8255,-0.5
2025-02-21,-0.7544,-0.49
2025-02-28,-0.4428,-0.477
2025-03-07,-0.3469,-0.46
2025-03-14,-0.2083,-0.442
2025-03-21,-0.6378,-0.424
2025-03-28,-0.6192,-0.407
2025-04-04,0.1113,-0.392
2025-04-11,0.5861,-0.381
2025-04-18,-0.1926,-0.381
2025-04-25,-0.2597,-0.388
2025-05-02,-0.3321,-0.402
2025-05-09,-0.465,-0.419
2025-05-16,-0.8947,-0.437
2025-05-23,-0.4955,-0.451
2025-05-30,-0.5286,-0.463
2025-06-06,-0.8009,-0.473
2025-06-13,-0.7775,-0.48
2025-06-20,-0.6463,-0.486
2025-06-27,-0.6956,-0.493
2025-07-04,-0.8737,-0.5
2025-07-11,-0.7501,-0.506
2025-07-18,-0.7141,-0.511
2025-07-25,-0.7946,-0.515
2025-08-01,-0.6763,-0.518
2025-08-08,-0.5639,-0.519
2025-08-15,-0.8174,-0.522
2025-08-22,-0.751,-0.523
2025-08-29,-0.6038,-0.524
2025-09-05,-0.4187,-0.524
2025-09-12,-0.559,-0.524
2025-09-19,-0.5909,-0.523
2025-09-26,-0.5364,-0.522
2025-10-03,-0.4927,-0.521
2025-10-10,-0.483,-0.519
2025-10-17,-0.3623,-0.516
2025-10-24,-0.5063,-0.513
2025-10-31,-0.4597,-0.509
2025-11-07,-0.3111,-0.506
2025-11-14,-0.5043,-0.504
2025-11-21,-0.1281,-0.503
2025-11-28,-0.3883,-0.505
2025-12-05,-0.4226,-0.508
2025-12-12,-0.3554,-0.513
2025-12-19,-0.3334,-0.522
2025-12-26,-0.5746,-0.533
2026-01-02,-0.5584,-0.545
2026-01-09,-0.6577,-0.555
2026-01-16,-0.6445,-0.562
2026-01-23,-0.7076,-0.564
2026-01-30,-0.6712,-0.56
2026-02-06,-0.6509,-0.552
2026-02-13,-0.6103,-0.539
2026-02-20,-0.4808,-0.522
2026-02-27,-0.436,-0.503
2026-03-06,-0.4262,-0.484
2026-03-13,-0.2972,-0.468
2026-03-20,-0.3639,-0.459
2026-03-27,-0.1785,-0.456
2026-04-03,-0.2323,-0.46
2026-04-10,-0.6404,-0.47
2026-04-17,-0.751,-0.481
2026-04-24,-0.6735,-0.491
2026-05-01,-0.6681,-0.499
2026-05-08,-0.7583,-0.503
2026-05-15,-0.738,-0.503
2026-05-22,-0.7585,-0.502
2026-05-29,-0.6814,-0.501
2026-06-05,-0.8658,-0.501
2026-06-12,-0.7681,-0.502
2026-06-19,-0.9533,-0.505
2026-06-26,-0.6444,-0.51
2026-07-03,-0.724,-0.517
2026-07-10,-0.8829,-0.523
2026-07-17,-0.7011,-0.527
2026-07-24,-0.8264,-0.53
2026-07-31,-0.5063,-0.529
