date,europe_ex_uk,europe,uk,scandinavia,asia_pacific,all
1975-12-31,1.0,1.28,2.2,1.21,0.71,1.05
1976-12-31,0.85,0.89,0.99,1.18,0.6,0.79
1977-12-31,1.02,1.04,1.11,1.28,0.54,0.83
1978-12-31,1.07,1.0,0.89,1.64,0.61,0.85
1979-12-31,1.03,1.01,0.97,1.57,0.54,0.8
1980-12-31,1.07,1.08,1.1,1.24,0.53,0.82
1981-12-31,1.13,1.08,1.01,1.25,0.51,0.78
1982-12-31,1.22,1.11,0.98,0.94,0.5,0.77
1983-12-31,1.2,1.07,0.92,0.8,0.58,0.81
1984-12-31,0.91,0.88,0.84,0.53,0.5,0.66
1985-12-31,0.91,0.82,0.72,0.67,0.44,0.61
1986-12-31,0.62,0.64,0.68,0.62,0.4,0.53
1987-12-31,0.52,0.53,0.55,0.49,0.28,0.39
1988-12-31,0.76,0.68,0.58,0.66,0.26,0.42
1989-12-31,0.59,0.59,0.58,0.51,0.23,0.35
1990-12-31,0.55,0.54,0.52,0.48,0.23,0.35
1991-12-31,0.73,0.71,0.67,0.68,0.42,0.56
1992-12-31,0.7,0.64,0.56,0.71,0.43,0.54
1993-12-31,0.73,0.62,0.48,0.73,0.56,0.6
1994-12-31,0.53,0.48,0.41,0.5,0.45,0.48
1995-12-31,0.61,0.56,0.47,0.49,0.46,0.51
1996-12-31,0.57,0.51,0.41,0.52,0.45,0.49
1997-12-31,0.46,0.43,0.38,0.43,0.47,0.45
1998-12-31,0.36,0.35,0.32,0.36,0.59,0.42
1999-12-31,0.32,0.31,0.3,0.35,0.62,0.4
2000-12-31,0.26,0.26,0.27,0.19,0.39,0.3
2001-12-31,0.29,0.32,0.36,0.24,0.5,0.36
2002-12-31,0.42,0.44,0.47,0.35,0.63,0.49
2003-12-31,0.61,0.62,0.64,0.58,0.75,0.65
2004-12-31,0.48,0.49,0.5,0.51,0.6,0.52
2005-12-31,0.46,0.46,0.45,0.46,0.56,0.49
2006-12-31,0.43,0.42,0.4,0.38,0.48,0.43
2007-12-31,0.41,0.39,0.37,0.37,0.47,0.42
2008-12-31,0.42,0.41,0.39,0.37,0.52,0.44
2009-12-31,0.81,0.81,0.78,0.82,0.99,0.86
2010-12-31,0.61,0.58,0.5,0.56,0.71,0.61
2011-12-31,0.64,0.6,0.52,0.49,0.74,0.63
2012-12-31,0.84,0.76,0.61,0.66,0.93,0.79
2013-12-31,0.71,0.67,0.59,0.6,0.81,0.7
2014-12-31,0.59,0.56,0.5,0.5,0.66,0.59
2015-12-31,0.58,0.57,0.54,0.5,0.68,0.6
2016-12-31,0.56,0.55,0.54,0.48,0.73,0.62
2017-12-31,0.57,0.56,0.54,0.47,0.73,0.62
2018-12-31,0.52,0.51,0.48,0.45,0.64,0.55
2019-12-31,0.63,0.64,0.64,0.51,0.81,0.69
2020-12-31,0.53,0.53,0.56,0.43,0.73,0.6
2021-12-31,0.55,0.56,0.58,0.39,0.7,0.59
2022-12-31,0.43,0.44,0.49,0.31,0.68,0.51
2023-12-31,0.58,0.6,0.63,0.46,0.79,0.65
2024-12-31,0.53,0.55,0.6,0.45,0.72,0.59
2025-12-31,0.54,0.55,0.57,0.45,0.71,0.59
