,jp_y10,jp_bond10_ret,de_y10,de_bond10_ret
1956-05-31,,,6.4,
1956-06-30,,,6.8,-0.02243745927098677
1956-07-31,,,6.8,0.005666666666666667
1956-08-31,,,6.8,0.005666666666666667
1956-09-30,,,7.0,-0.0080732785515236
1956-10-31,,,7.0,0.005833333333333334
1956-11-30,,,7.2,-0.007769857718135061
1956-12-31,,,7.3,-0.0007658914632200067
1957-01-31,,,7.3,0.006083333333333333
1957-02-28,,,7.4,-0.0006489847867197484
1957-03-31,,,7.5,-0.0005323112521450206
1957-04-30,,,7.4,0.012978062849248233
1957-05-31,,,7.4,0.0061666666666666675
1957-06-30,,,7.4,0.0061666666666666675
1957-07-31,,,7.5,-0.0005323112521450206
1957-08-31,,,7.6,-0.0004158689211698276
1957-09-30,,,7.6,0.006333333333333333
1957-10-31,,,7.7,-0.00029965587358353197
1957-11-30,,,7.7,0.006416666666666667
1957-12-31,,,7.7,0.006416666666666667
1958-01-31,,,7.5,0.019801465182015098
1958-02-28,,,7.5,0.0062499999999999995
1958-03-31,,,7.4,0.012978062849248233
1958-04-30,,,7.4,0.0061666666666666675
1958-05-31,,,7.3,0.012928252957294066
1958-06-30,,,7.1,0.01973704802162264
1958-07-31,,,6.7,0.03375418456034697
1958-08-31,,,6.5,0.01965479583856682
1958-09-30,,,6.2,0.026838417813488245
1958-10-31,,,6.0,0.019599993421617497
1958-11-30,,,5.9,0.01225646258616398
1958-12-31,,,5.9,0.004916666666666667
1959-01-31,,,5.8,0.012210386189872004
1959-02-28,,,5.6,0.019565532654648166
1959-03-31,,,5.6,0.004666666666666666
1959-04-30,,,5.6,0.004666666666666666
1959-05-31,,,5.7,-0.0026697604602021058
1959-06-30,,,5.7,0.00475
1959-07-31,,,5.6,0.012119033995604909
1959-08-31,,,5.5,0.012073762756937657
1959-09-30,,,5.8,-0.017326046802952407
1959-10-31,,,6.0,-0.009620009263420921
1959-11-30,,,6.1,-0.0021876877637927927
1959-12-31,,,6.2,-0.002067825339093322
1960-01-31,,,6.5,-0.015974443908773905
1960-02-29,,,6.4,0.012490758299692869
1960-03-31,,,6.4,0.005333333333333333
1960-04-30,,,6.4,0.005333333333333333
1960-05-31,,,6.4,0.005333333333333333
1960-06-30,,,6.6,-0.008685945494509692
1960-07-31,,,6.7,-0.0014723383791278158
1960-08-31,,,6.5,0.01965479583856682
1960-09-30,,,6.5,0.005416666666666667
1960-10-31,,,6.3,0.019631342015300063
1960-11-30,,,6.2,0.012396266067228852
1960-12-31,,,6.2,0.005166666666666667
1961-01-31,,,6.1,0.012349404740343038
1961-02-28,,,6.0,0.012302802844996836
1961-03-31,,,5.9,0.01225646258616398
1961-04-30,,,5.7,0.01957334830449559
1961-05-31,,,5.6,0.012119033995604909
1961-06-30,,,5.6,0.004666666666666666
1961-07-31,,,5.7,-0.0026697604602021058
1961-08-31,,,5.9,-0.009777499111268196
1961-09-30,,,6.0,-0.0023078102651202205
1961-10-31,,,6.0,0.005
1961-11-30,,,6.0,0.005
1961-12-31,,,6.0,0.005
1962-01-31,,,5.9,0.01225646258616398
1962-02-28,,,5.7,0.01957334830449559
1962-03-31,,,5.6,0.012119033995604909
1962-04-30,,,5.6,0.004666666666666666
1962-05-31,,,5.8,-0.009935518623668455
1962-06-30,,,5.9,-0.0024281950556139173
1962-07-31,,,5.9,0.004916666666666667
1962-08-31,,,6.0,-0.0023078102651202205
1962-09-30,,,6.0,0.005
1962-10-31,,,6.2,-0.009306600705214347
1962-11-30,,,6.2,0.005166666666666667
1962-12-31,,,6.1,0.012349404740343038
1963-01-31,,,6.0,0.012302802844996836
1963-02-28,,,6.0,0.005
1963-03-31,,,6.0,0.005
1963-04-30,,,6.0,0.005
1963-05-31,,,6.1,-0.0021876877637927927
1963-06-30,,,6.1,0.005083333333333333
1963-07-31,,,6.1,0.005083333333333333
1963-08-31,,,6.1,0.005083333333333333
1963-09-30,,,6.1,0.005083333333333333
1963-10-31,,,6.1,0.005083333333333333
1963-11-30,,,6.0,0.012302802844996836
1963-12-31,,,6.0,0.005
1964-01-31,,,5.9,0.01225646258616398
1964-02-29,,,5.9,0.004916666666666667
1964-03-31,,,6.0,-0.0023078102651202205
1964-04-30,,,6.2,-0.009306600705214347
1964-05-31,,,6.3,-0.0019482207994116136
1964-06-30,,,6.3,0.00525
1964-07-31,,,6.3,0.00525
1964-08-31,,,6.3,0.00525
1964-09-30,,,6.4,-0.0018288719738497742
1964-10-31,,,6.4,0.005333333333333333
1964-11-30,,,6.4,0.005333333333333333
1964-12-31,,,6.4,0.005333333333333333
1965-01-31,,,6.4,0.005333333333333333
1965-02-28,,,6.5,-0.0017097767120089224
1965-03-31,,,6.5,0.005416666666666667
1965-04-30,,,6.6,-0.0015909328837785423
1965-05-31,,,6.9,-0.015218875578812355
1965-06-30,,,7.1,-0.007921328798737469
1965-07-31,,,7.2,-0.0008830332382764206
1965-08-31,,,7.3,-0.0007658914632200067
1965-09-30,,,7.4,-0.0006489847867197484
1965-10-31,,,7.5,-0.0005323112521450206
1965-11-30,,,7.5,0.0062499999999999995
1965-12-31,,,7.7,-0.007019543914261155
1966-01-31,,,7.6,0.013078378463040975
1966-02-28,,,7.6,0.006333333333333333
1966-03-31,,,7.7,-0.00029965587358353197
1966-04-30,,,8.0,-0.013200219186857386
1966-05-31,,,8.2,-0.006280613461313239
1966-06-30,,,8.4,-0.0059881241315387565
1966-07-31,,,8.6,-0.00569735309720126
1966-08-31,,,8.6,0.007166666666666666
1966-09-30,,,8.5,0.013540906180074974
1966-10-31,,,8.4,0.013488641167946168
1966-11-30,,,8.2,0.01993178953787554
1966-12-31,,,7.7,0.03992619156759584
1967-01-31,,,7.5,0.019801465182015098
1967-02-28,,,7.4,0.012978062849248233
1967-03-31,,,7.2,0.0197524476197368
1967-04-30,,,6.9,0.02667835813607079
1967-05-31,,,6.9,0.005750000000000001
1967-06-30,,,6.9,0.005750000000000001
1967-07-31,,,6.9,0.005750000000000001
1967-08-31,,,6.8,0.012682761210941638
1967-09-30,,,6.7,0.012634388447293265
1967-10-31,,,6.7,0.005583333333333333
1967-11-30,,,6.8,-0.001353991107899452
1967-12-31,,,6.8,0.005666666666666667
1968-01-31,,,6.7,0.012634388447293265
1968-02-29,,,6.7,0.005583333333333333
1968-03-31,,,6.7,0.005583333333333333
1968-04-30,,,6.6,0.01258626231548876
1968-05-31,,,6.4,0.019642816316826725
1968-06-30,,,6.4,0.005333333333333333
1968-07-31,,,6.4,0.005333333333333333
1968-08-31,,,6.3,0.012443384641517074
1968-09-30,,,6.3,0.00525
1968-10-31,,,6.3,0.00525
1968-11-30,,,6.3,0.00525
1968-12-31,,,6.3,0.00525
1969-01-31,,,6.3,0.00525
1969-02-28,,,6.3,0.00525
1969-03-31,,,6.4,-0.0018288719738497742
1969-04-30,,,6.5,-0.0017097767120089224
1969-05-31,,,6.5,0.005416666666666667
1969-06-30,,,6.7,-0.00853204035164276
1969-07-31,,,6.9,-0.0082257110082096
1969-08-31,,,6.9,0.005750000000000001
1969-09-30,,,7.2,-0.014659896386533486
1969-10-31,,,7.4,-0.007468335635371788
1969-11-30,,,7.4,0.0061666666666666675
1969-12-31,,,7.6,-0.007168680799141277
1970-01-31,,,7.6,0.006333333333333333
1970-02-28,,,7.8,-0.006870862292273096
1970-03-31,,,8.1,-0.013020819206165919
1970-04-30,,,8.1,0.00675
1970-05-31,,,8.4,-0.012486564914942648
1970-06-30,,,8.7,-0.011958115980549145
1970-07-31,,,8.7,0.0072499999999999995
1970-08-31,,,8.4,0.026452560553126836
1970-09-30,,,8.5,0.000622018896315064
1970-10-31,,,8.7,-0.005552603121604523
1970-11-30,,,8.6,0.013593383490667472
1970-12-31,,,8.2,0.03301070503639637
1971-01-31,,,7.7,0.03992619156759584
1971-02-28,,,7.7,0.006416666666666667
1971-03-31,,,7.9,-0.006722632158282514
1971-04-30,,,7.9,0.006583333333333333
1971-05-31,,,8.0,4.7626503060547965e-05
1971-06-30,,,8.2,-0.006280613461313239
1971-07-31,,,8.3,0.00039291275598059744
1971-08-31,,,8.3,0.006916666666666667
1971-09-30,,,8.1,0.019911838383705097
1971-10-31,,,8.0,0.013281739543381894
1971-11-30,,,7.9,0.013230562748831073
1971-12-31,,,7.9,0.006583333333333333
1972-01-31,,,7.6,0.026553867205063995
1972-02-29,,,7.3,0.026602997683447736
1972-03-31,,,7.4,-0.0006489847867197484
1972-04-30,,,7.7,-0.01374244197432201
1972-05-31,,,7.8,-0.00018367020710783005
1972-06-30,,,7.9,-6.791003721341305e-05
1972-07-31,,,8.0,4.7626503060547965e-05
1972-08-31,,,7.9,0.013230562748831073
1972-09-30,,,7.9,0.006583333333333333
1972-10-31,,,8.0,4.7626503060547965e-05
1972-11-30,,,8.4,-0.018987210874161563
1972-12-31,,,8.6,-0.00569735309720126
1973-01-31,,,8.6,0.007166666666666666
1973-02-28,,,8.6,0.007166666666666666
1973-03-31,,,8.6,0.007166666666666666
1973-04-30,,,8.8,-0.005408272202102156
1973-05-31,,,9.2,-0.017346655746963036
1973-06-30,,,9.9,-0.034121270036029216
1973-07-31,,,9.9,0.00825
1973-08-31,,,9.8,0.014239051763938047
1973-09-30,,,9.6,0.020255166557013465
1973-10-31,,,9.7,0.001979259854767831
1973-11-30,,,9.4,0.026383291347053518
1973-12-31,,,9.6,-0.004268304844291024
1974-01-31,,,9.6,0.008
1974-02-28,,,9.9,-0.009899589904664207
1974-03-31,,,10.5,-0.026567661964914415
1974-04-30,,,10.4,0.014572366446430719
1974-05-31,,,10.6,-0.002878203573466043
1974-06-30,,,10.7,0.0030889504895905942
1974-07-31,,,10.8,0.0031989173659941754
1974-08-31,,,10.8,0.009000000000000001
1974-09-30,,,10.8,0.009000000000000001
1974-10-31,,,10.8,0.009000000000000001
1974-11-30,,,10.5,0.026375112108823838
1974-12-31,,,9.9,0.044451782387227766
1975-01-31,,,9.4,0.038726996257173005
1975-02-28,,,8.9,0.039048437489993586
1975-03-31,,,8.9,0.007416666666666668
1975-04-30,,,8.8,0.013698968050238522
1975-05-31,,,8.6,0.020015905680761968
1975-06-30,,,8.4,0.019972992412832725
1975-07-31,,,8.5,0.000622018896315064
1975-08-31,,,8.5,0.007083333333333334
1975-09-30,,,8.5,0.007083333333333334
1975-10-31,,,8.5,0.007083333333333334
1975-11-30,,,8.6,0.0007362519034831619
1975-12-31,,,8.5,0.013540906180074974
1976-01-31,,,8.3,0.019952175407321582
1976-02-29,,,8.2,0.013384755093826448
1976-03-31,,,7.9,0.02651089720439093
1976-04-30,,,7.9,0.006583333333333333
1976-05-31,,,8.1,-0.00642751143039352
1976-06-30,,,8.2,0.00027803607581870055
1976-07-31,,,8.4,-0.0059881241315387565
1976-08-31,,,8.3,0.013436590213853463
1976-09-30,,,8.1,0.019911838383705097
1976-10-31,,,8.0,0.013281739543381894
1976-11-30,,,7.6,0.03328327506802193
1976-12-31,,,7.4,0.019784660111848873
1977-01-31,,,7.2,0.0197524476197368
1977-02-28,,,7.2,0.006000000000000001
1977-03-31,,,7.0,0.019722124799645444
1977-04-30,,,6.6,0.03381131290689326
1977-05-31,,,6.5,0.012538384898651516
1977-06-30,,,6.6,-0.0015909328837785423
1977-07-31,,,6.4,0.019642816316826725
1977-08-31,,,6.2,0.019620377212542305
1977-09-30,,,6.2,0.005166666666666667
1977-10-31,,,6.2,0.005166666666666667
1977-11-30,,,6.2,0.005166666666666667
1977-12-31,,,6.1,0.012349404740343038
1978-01-31,,,5.9,0.019590583195897137
1978-02-28,,,5.8,0.012210386189872004
1978-03-31,,,5.7,0.012164575903420625
1978-04-30,,,5.7,0.00475
1978-05-31,,,5.9,-0.009777499111268196
1978-06-30,,,6.0,-0.0023078102651202205
1978-07-31,,,6.2,-0.009306600705214347
1978-08-31,,,6.4,-0.008995257657891805
1978-09-30,,,6.3,0.012443384641517074
1978-10-31,,,6.4,-0.0018288719738497742
1978-11-30,,,6.6,-0.008685945494509692
1978-12-31,,,6.7,-0.0014723383791278158
1979-01-31,,,6.8,-0.001353991107899452
1979-02-28,,,7.1,-0.014845501989087179
1979-03-31,,,7.2,-0.0008830332382764206
1979-04-30,,,7.3,-0.0007658914632200067
1979-05-31,,,7.8,-0.026947995772987166
1979-06-30,,,8.0,-0.0065748497726020524
1979-07-31,,,7.9,0.013230562748831073
1979-08-31,,,7.6,0.026553867205063995
1979-09-30,,,7.5,0.0130281053284775
1979-10-31,,,7.7,-0.007019543914261155
1979-11-30,,,8.0,-0.013200219186857386
1979-12-31,,,7.9,0.013230562748831073
1980-01-31,,,8.0,4.7626503060547965e-05
1980-02-29,,,8.4,-0.018987210874161563
1980-03-31,,,9.4,-0.05414240107926561
1980-04-30,,,9.4,0.007833333333333333
1980-05-31,,,8.3,0.07831875033603065
1980-06-30,,,8.1,0.019911838383705097
1980-07-31,,,7.9,0.019873254705964297
1980-08-31,,,7.8,0.013179609060424835
1980-09-30,,,8.1,-0.013020819206165919
1980-10-31,,,8.3,-0.006134152229162272
1980-11-30,,,8.6,-0.012133629438497998
1980-12-31,,,8.8,-0.005408272202102156
1981-01-31,,,9.0,-0.005120853809241581
1981-02-28,,,9.8,-0.04048769971063109
1981-03-31,,,10.2,-0.015368134832997978
1981-04-30,,,10.0,0.020361903160554938
1981-05-31,,,10.5,-0.02067817567245148
1981-06-30,,,10.5,0.008749999999999999
1981-07-31,,,10.5,0.008749999999999999
1981-08-31,,,10.7,-0.0027412161511329958
1981-09-30,,,10.6,0.014684941522241661
1981-10-31,,,10.2,0.03231934118476151
1981-11-30,,,9.9,0.026371096705283075
1981-12-31,,,9.7,0.020281277271624456
1982-01-31,,,9.8,0.0020910713151591222
1982-02-28,,,9.7,0.014184158350130614
1982-03-31,,,9.4,0.026383291347053518
1982-04-30,,,8.9,0.039048437489993586
1982-05-31,,,8.7,0.02003799494930882
1982-06-30,,,9.1,-0.01754883369225487
1982-07-31,,,9.3,-0.00469278420520299
1982-08-31,,,9.0,0.02640364111961505
1982-09-30,,,8.6,0.032846433306180596
1982-10-31,,,8.3,0.026462925364939827
1982-11-30,,,8.2,0.013384755093826448
1982-12-31,,,7.9,0.02651089720439093
1983-01-31,,,7.8,0.013179609060424835
1983-02-28,,,7.8,0.0065
1983-03-31,,,7.6,0.019818730979901146
1983-04-30,,,7.7,-0.00029965587358353197
1983-05-31,,,7.8,-0.00018367020710783005
1983-06-30,,,8.2,-0.019405818337904925
1983-07-31,,,8.2,0.006833333333333333
1983-08-31,,,8.4,-0.0059881241315387565
1983-09-30,,,8.5,0.000622018896315064
1983-10-31,,,8.3,0.019952175407321582
1983-11-30,,,8.3,0.006916666666666667
1983-12-31,,,8.4,0.0005075731022260306
1984-01-31,,,8.4,0.007
1984-02-29,,,8.2,0.01993178953787554
1984-03-31,,,8.1,0.013333137600519181
1984-04-30,,,8.1,0.00675
1984-05-31,,,8.2,0.00027803607581870055
1984-06-30,,,8.2,0.006833333333333333
1984-07-31,,,8.2,0.006833333333333333
1984-08-31,,,8.1,0.013333137600519181
1984-09-30,,,7.8,0.0265245454877472
1984-10-31,,,7.6,0.019818730979901146
1984-11-30,,,7.4,0.019784660111848873
1984-12-31,,,7.2,0.0197524476197368
1985-01-31,,,7.3,-0.0007658914632200067
1985-02-28,,,7.6,-0.0139245425786423
1985-03-31,,,7.7,-0.00029965587358353197
1985-04-30,,,7.4,0.02658592682358894
1985-05-31,,,7.2,0.0197524476197368
1985-06-30,,,7.1,0.012829338754288612
1985-07-31,,,6.9,0.019707681958725083
1985-08-31,,,6.7,0.019680253629598514
1985-09-30,,,6.5,0.01965479583856682
1985-10-31,,,6.7,-0.00853204035164276
1985-11-30,,,6.8,-0.001353991107899452
1985-12-31,,,6.6,0.01966727634227417
1986-01-31,,,6.5,0.012538384898651516
1986-02-28,,,6.4,0.012490758299692869
1986-03-31,,,6.1,0.026864311046409017
1986-04-30,,,5.7,0.03437107641540838
1986-05-31,,,6.1,-0.024024239715947655
1986-06-30,,,6.2,-0.002067825339093322
1986-07-31,,,6.1,0.012349404740343038
1986-08-31,,,5.9,0.019590583195897137
1986-09-30,,,6.0,-0.0023078102651202205
1986-10-31,,,6.3,-0.016356738824264663
1986-11-30,,,6.4,-0.0018288719738497742
1986-12-31,,,6.2,0.019620377212542305
1987-01-31,,,6.1,0.012349404740343038
1987-02-28,,,6.1,0.005083333333333333
1987-03-31,,,6.0,0.012302802844996836
1987-04-30,,,5.8,0.0195816999946993
1987-05-31,,,5.7,0.012164575903420625
1987-06-30,,,6.0,-0.016935964226931485
1987-07-31,,,6.3,-0.016356738824264663
1987-08-31,,,6.5,-0.008840349854320471
1987-09-30,,,6.7,-0.00853204035164276
1987-10-31,,,6.9,-0.0082257110082096
1987-11-30,,,6.4,0.04106111813186056
1987-12-31,,,6.5,-0.0017097767120089224
1988-01-31,,,6.5,0.005416666666666667
1988-02-29,,,6.3,0.019631342015300063
1988-03-31,,,6.2,0.012396266067228852
1988-04-30,,,6.3,-0.0019482207994116136
1988-05-31,,,6.6,-0.015784433641412094
1988-06-30,,,6.6,0.0055000000000000005
1988-07-31,,,6.7,-0.0014723383791278158
1988-08-31,,,6.8,-0.001353991107899452
1988-09-30,,,6.6,0.01966727634227417
1988-10-31,,,6.4,0.019642816316826725
1988-11-30,,,6.4,0.005333333333333333
1988-12-31,,,6.5,-0.0017097767120089224
1989-01-31,4.8,,6.7,-0.00853204035164276
1989-02-28,4.894,-0.0031902578454497113,6.9,-0.0082257110082096
1989-03-31,5.147,-0.015030282304565094,7.0,-0.001118030003226399
1989-04-30,5.221,-0.0012753053961820748,6.9,0.012731378542895423
1989-05-31,5.174,0.00789210983988293,7.1,-0.007921328798737469
1989-06-30,5.225,0.00047779403758463384,6.9,0.019707681958725083
1989-07-31,5.04,0.018382887923022066,6.8,0.012682761210941638
1989-08-31,4.883,0.016204662587936576,6.8,0.005666666666666667
1989-09-30,5.096,-0.012059151013166142,7.0,-0.0080732785515236
1989-10-31,5.156,-0.00028010291973708294,7.2,-0.007769857718135061
1989-11-30,5.371,-0.011752416715164238,7.5,-0.014107332516454966
1989-12-31,5.52,-0.006558991107329423,7.5,0.0062499999999999995
1990-01-31,6.449,-0.061100393301157636,7.695,-0.006690837270398489
1990-02-28,6.778,-0.017488975732940948,8.575,-0.04957769966196431
1990-03-31,6.899,-0.002704697574351188,8.645,0.0027129178063775286
1990-04-30,6.906,0.005266273340437354,8.7625,-0.0001955187071484242
1990-05-31,6.508,0.03372278699314126,8.715,0.010298944323580628
1990-06-30,6.421,0.011571541687741087,8.8325,-0.00011219457040991611
1990-07-31,6.772,-0.01904977242078608,8.545,0.02563460034202355
1990-08-31,7.62,-0.05090204674906312,8.9975,-0.02107409454142242
1990-09-30,8.032,-0.020554370942436055,9.105,0.0008389962992145554
1990-10-31,7.6,0.035435393669075096,9.0675,0.009913647458619425
1990-11-30,7.08,0.04182081575552507,8.9325,0.015982413486170445
1990-12-31,6.454,0.04996197663128,8.845,0.01292905176301776
1991-01-31,6.432,0.006932542961761816,8.9275,0.0022170022290704575
1991-02-28,6.309,0.01410062382525323,8.35,0.044452468684402946
1991-03-31,6.591,-0.014522971645521987,8.4275,0.0019982358335374427
1991-04-30,6.64,0.002066246647811261,8.3575,0.011516350075897451
1991-05-31,6.637,0.005743100111585163,8.395,0.004561004235694873
1991-06-30,6.735,-0.0012899797431894595,8.4075,0.006195185639495594
1991-07-31,6.67,0.010148930864370161,8.6325,-0.00725659805555394
1991-08-31,6.414,0.023644257735482763,8.52,0.014357520333805208
1991-09-30,6.081,0.029264105956474325,8.455,0.011252785528161365
1991-10-31,5.885,0.019295746373555855,8.3475,0.013948997695634045
1991-11-30,5.927,0.0018591168253242912,8.315,0.009047056560179642
1991-12-31,5.719,0.02016675642653656,8.2125,0.01355485540656814
1992-01-31,5.449,0.02480365926462607,7.9475,0.024187414696777376
1992-02-29,5.578,-0.004983668392860158,7.92,0.008426636151857101
1992-03-31,5.531,0.008124806277086435,8.0275,-0.0004165513631967236
1992-04-30,5.71,-0.008519534949609832,8.035,0.006200377256207097
1992-05-31,5.739,0.0026355329909830676,8.075,0.004091595903364169
1992-06-30,5.64,0.012062874119054675,8.0675,0.007217571623909873
1992-07-31,5.408,0.021956979623174815,8.125,0.002988296312345273
1992-08-31,5.112,0.02685795482257726,8.04,0.012312203697332899
1992-09-30,5.021,0.01117009530459161,7.6525,0.032419438480105166
1992-10-31,5.015,0.004640068262093892,7.4525,0.01979342509108156
1992-11-30,4.868,0.015428474174217966,7.36,0.012446413062278828
1992-12-31,4.848,0.005589557682659225,7.32,0.008835824814736062
1993-01-31,4.723,0.013679416277748895,7.1325,0.018880208282438086
1993-02-28,4.409,0.02853194670114474,6.905,0.021625438351981368
1993-03-31,4.318,0.010843710581417119,6.6375,0.024439613771849635
1993-04-30,4.593,-0.017783928718644464,6.6775,0.0027396726403366486
1993-05-31,4.943,-0.022897189595702618,6.83,-0.00500051588544786
1993-06-30,4.836,0.012322480567174898,6.8075,0.007251368160415639
1993-07-31,4.517,0.028875667446255998,6.6075,0.019668232458570325
1993-08-31,4.407,0.01238937908675051,6.3725,0.022144898536045347
1993-09-30,4.016,0.034931006037035195,6.19,0.018354876703334022
1993-10-31,3.931,0.010182443217004282,5.985,0.019963525890566786
1993-11-30,3.762,0.01698489290000196,5.9825,0.005168211810934032
1993-12-31,3.396,0.03338304070403612,5.83,0.016088999992307666
1994-01-31,3.597,-0.013643560306167276,5.815,0.005951891736133518
1994-02-28,4.041,-0.032564728709367725,6.135,-0.01812807496860649
1994-03-31,4.453,-0.0289164075474819,6.345,-0.009799500027592885
1994-04-30,4.093,0.0323782851534701,6.607,-0.013074309047937594
1994-05-31,3.984,0.012151153670819877,6.6635,0.0015597390081133916
1994-06-30,4.278,-0.019923992967312176,7.0523809524,-0.021105199590154566
1994-07-31,4.531,-0.01616966345398944,6.8961904762,0.016650940125706726
1994-08-31,4.778,-0.015242124594104314,7.0895652174,-0.007478289409977873
1994-09-30,4.642,0.014513485023385174,7.5154545455,-0.0226227517016485
1994-10-31,4.684,0.0006207549934467158,7.5415,0.004522066602278892
1994-11-30,4.718,0.0012791002622642746,7.4914285714,0.009638735869907914
1994-12-31,4.561,0.016140439906729503,7.460952381,0.008287594676245815
1995-01-31,4.605,0.0003844465661845022,7.5959090909,-0.002781279158157986
1995-02-28,4.515,0.010855059921901526,7.424,0.017879377104611408
1995-03-31,4.113,0.03573387575977576,7.2773913043,0.01610927011202227
1995-04-30,3.545,0.049945448580199045,7.0883333333,0.01897926279508782
1995-05-31,3.386,0.016115022311665304,6.8623809524,0.02151536567103584
1995-06-30,3.024,0.03334561763073704,6.783,0.01122704902656932
1995-07-31,2.933,0.0102412598734178,6.8623809524,0.00016316812596085738
1995-08-31,3.215,-0.02115464119224402,6.7460869565,0.01380244552408679
1995-09-30,3.03,0.018287161428627262,6.5852380952,0.01689172796622847
1995-10-31,2.925,0.011437452635147291,6.5652380952,0.006891137459721965
1995-11-30,3.048,-0.007943236648255029,6.3418181818,0.021315125910164646
1995-12-31,2.983,0.00804088299522208,6.0747368421,0.024480607871883133
1996-01-31,3.12,-0.009032059795370282,5.8872727273,0.018669766868653244
1996-02-29,3.271,-0.00999238211576803,6.2042857143,-0.017772986208258557
1996-03-31,3.299,0.0003954465294931542,6.4452380952,-0.011854334383831865
1996-04-30,3.301,0.0025827459991598313,6.377,0.010204440979482463
1996-05-31,3.388,-0.00445705201938123,6.446,0.0004415902606174707
1996-06-30,3.252,0.014163107261762288,6.5589473684,-0.002559976390676007
1996-07-31,3.294,-0.0007867185708135975,6.4786956522,0.011120705339891129
1996-08-31,3.209,0.009850433150981264,6.3022727273,0.017937599724456892
1996-09-30,2.928,0.026501618801015474,6.2266666667,0.010648065860382128
1996-10-31,2.8,0.013377591733520275,6.0086363636,0.020915320922579306
1996-11-30,2.759,0.005845983171537216,5.8595238095,0.01584788246223073
1996-12-31,2.597,0.016293818998914425,5.79,0.009956989199924144
1997-01-31,2.632,-0.0008562603994495655,5.8040909091,0.0037970380542604347
1997-02-28,2.583,0.006431732325043092,5.5445,0.024008350278402146
1997-03-31,2.524,0.007272140509189304,5.7152631579,-0.007900455467863176
1997-04-30,2.382,0.014516617588937136,5.8668181818,-0.006262995391866961
1997-05-31,2.736,-0.028426918245773994,5.7611111111,0.012614215842896567
1997-06-30,2.684,0.006753099515964728,5.7185714286,0.007917308721769776
1997-07-31,2.505,0.01777656412442348,5.5565217391,0.016730810300230076
1997-08-31,2.354,0.015307260894881127,5.66,-0.0029768922629403844
1997-09-30,2.21,0.01466916934398336,5.5927272727,0.009676489322904002
1997-10-31,1.994,0.021124368797570618,5.5781818182,0.005734011872798
1997-11-30,1.941,0.006410727121405788,5.5565,0.006250277358668144
1997-12-31,1.939,0.0017967712572203001,5.3273684211,0.021745403519985704
1998-01-31,1.948,0.0008094750094987132,5.1123809524,0.020678878781702607
1998-02-28,2.0,-0.0030231111075177237,4.989,0.013643673312766056
1998-03-31,1.855,0.014715661070301802,4.8995454545,0.010993425824334635
1998-04-30,1.867,0.00046583931015072217,4.902,0.003895341116299145
1998-05-31,1.655,0.02084080919066811,4.9647368421,-0.0006956653157651867
1998-06-30,1.54,0.011912740966565897,4.7985,0.016903950908349275
1998-07-31,1.683,-0.011726097016576086,4.6847826087,0.012786086823755524
1998-08-31,1.502,0.018011079907541853,4.4252380952,0.0242223028652634
1998-09-30,1.103,0.0386456400946369,4.0609090909,0.03274861878943567
1998-10-31,0.879,0.022199950732436118,4.0645454545,0.0030936150005062063
1998-11-30,0.977,-0.00854121316351873,4.1204761905,-0.0010683260047933225
1998-12-31,1.488,-0.04624331404960729,3.8635,0.024158432858708445
1999-01-31,1.91,-0.036708030203359804,3.702,0.016362732963007495
1999-02-28,2.117,-0.016797002753265827,3.849,-0.008799295905012522
1999-03-31,1.816,0.028888748095377448,4.037826087,-0.011907688120429936
1999-04-30,1.563,0.02464109168776133,3.85,0.018528460407866997
1999-05-31,1.334,0.022508392154423306,4.0121052632,-0.009784478329410247
1999-06-30,1.632,-0.02609218165057864,4.3604761905,-0.024083614307869188
1999-07-31,1.703,-0.005090096769065775,4.6763636364,-0.020823202597532956
1999-08-31,1.878,-0.014331878428014002,4.8790909091,-0.011627697974639452
1999-09-30,1.759,0.012332727106944592,5.0404545455,-0.0081859306522977
1999-10-31,1.692,0.007552470981809992,5.2923809524,-0.014683959900201743
1999-11-30,1.817,-0.009876637267450118,5.04,0.023543038144945887
1999-12-31,1.767,0.006037902709929146,5.1476190476,-0.003924303077688646
2000-01-31,1.691,0.00837683420348055,5.5395238095,-0.024724828405074045
2000-02-29,1.796,-0.008081887447350212,5.5085714286,0.006908525342776459
2000-03-31,1.819,-0.0005789418589010535,5.3330434783,0.017700639062643044
2000-04-30,1.74,0.008673084674471867,5.2255555556,0.012519494548255036
2000-05-31,1.705,0.004627765817538212,5.3781818182,-0.007032030705875705
2000-06-30,1.664,0.005151754620790775,5.1913636364,0.018537358478757395
2000-07-31,1.689,-0.0008858064761489635,5.2661904762,-0.001287351669991172
2000-08-31,1.75,-0.004119429284705307,5.2104347826,0.008581402139375215
2000-09-30,1.876,-0.009881454657761628,5.2633333333,0.00037330721919038836
2000-10-31,1.815,0.007067323473787918,5.2071428571,0.008612432205397666
2000-11-30,1.764,0.006127458042170651,5.1536363636,0.008374967914330782
2000-12-31,1.624,0.014232025278300245,4.8905263158,0.024395703936334032
2001-01-31,1.508,0.011997434276456904,4.8031818182,0.010783861951860756
2001-02-28,1.415,0.0098357120469933,4.7775,0.005978250933295038
2001-03-31,1.169,0.024168821206458458,4.6677272727,0.012471493056617896
2001-04-30,1.315,-0.012584314979501802,4.8278947368,-0.008406919396429005
2001-05-31,1.25,0.007148428958273873,5.0468181818,-0.012596410729937878
2001-06-30,1.152,0.010215976764046657,5.0,0.0077653285751741125
2001-07-31,1.305,-0.013256930238924377,5.0159090909,0.002957796484696331
2001-08-31,1.343,-0.0024342379759951637,4.8239130435,0.0189036669374519
2001-09-30,1.346,0.0008412257818580485,4.813,0.0048579135733814865
2001-10-31,1.363,-0.0004519340406280025,4.5995652174,0.02057051804873456
2001-11-30,1.328,0.004381171254618802,4.4477272727,0.015711131086427084
2001-12-31,1.334,0.0005504034178963338,4.7358823529,-0.018532029104706207
2002-01-31,1.42,-0.006825979044608442,4.8627272727,-0.005773022065766374
2002-02-28,1.501,-0.006258882600252596,4.9195,-0.00028404875468783454
2002-03-31,1.421,0.008628650059726486,5.161,-0.014126569547284874
2002-04-30,1.394,0.0036785739174304225,5.1552380952,0.0047354617379992
2002-05-31,1.365,0.003845171291942591,5.1677272727,0.0033545041376002176
2002-06-30,1.328,0.004568253260804145,5.0175,0.015713313250057242
2002-07-31,1.296,0.004079200420383502,4.8673913043,0.01566866986296313
2002-08-31,1.255,0.00489716172701866,4.5895454545,0.025618364889172955
2002-09-30,1.129,0.01285496733834372,4.3852380952,0.019856451039733995
2002-10-31,1.095,0.004134976490366736,4.4639130435,-0.0025006462349126363
2002-11-30,0.979,0.011877153691229764,4.4776190476,0.002648690136523793
2002-12-31,0.975,0.0011942184432115414,4.3355555556,0.014911227492593396
2003-01-31,0.836,0.014056109723377518,4.18,0.015954945921488464
2003-02-28,0.828,0.0014597334342462624,3.955,0.021543808839385857
2003-03-31,0.724,0.010663703217027334,4.0004761905,-0.0003498181918238947
2003-04-30,0.663,0.00647484346061145,4.147,-0.008325763398842669
2003-05-31,0.577,0.008869840668571115,3.8152380952,0.030271021150481404
2003-06-30,0.529,0.005136653361831341,3.6166666667,0.019410609935201537
2003-07-31,0.956,-0.04006543655900616,3.9726086957,-0.0255925121662731
2003-08-31,1.406,-0.040826553380291154,4.13,-0.00922552506824354
2003-09-30,1.42,-0.00012009493951529814,4.1713636364,0.00015569242066609988
2003-10-31,1.437,-0.00038376523986729323,4.2213043478,-0.0004808590364142114
2003-11-30,1.333,0.010834865494918309,4.353,-0.006847641533456053
2003-12-31,1.33,0.0013890157206602098,4.2910526316,0.008515629180326561
2004-01-31,1.33,0.0011083333333333333,4.170952381,0.013110807623039436
2004-02-29,1.211,0.012210547611502854,4.11,0.00833174067772906
2004-03-31,1.418,-0.018108252504044096,3.9134782609,0.0192364828528127
2004-04-30,1.52,-0.008180915242416851,4.097,-0.011382981682359846
2004-05-31,1.505,0.0026439551733261407,4.2533333333,-0.008956444063783996
2004-06-30,1.807,-0.026047910794700917,4.3127272727,-0.0011390323844853072
2004-07-31,1.808,0.0014155432310276872,4.2368181818,0.009600611379180298
2004-08-31,1.588,0.021593291310800154,4.0804545455,0.016002333406471923
2004-09-30,1.393,0.01932449719882205,4.0163636364,0.008531736476023085
2004-10-31,1.483,-0.007116936807499077,3.8947619048,0.013143639365126846
2004-11-30,1.452,0.004090455704361192,3.7804545455,0.012511209018236439
2004-12-31,1.397,0.006289673058110807,3.5795238095,0.019606979777072046
2005-01-31,1.31,0.009237262691788853,3.5647619048,0.004193904155926279
2005-02-28,1.419,-0.008970393450890275,3.544,0.004675657494587674
2005-03-31,1.325,0.009897529600176928,3.6961904762,-0.009451684151098002
2005-04-30,1.257,0.007433534885616516,3.4823809524,0.020681908054595133
2005-05-31,1.238,0.0028183016017938986,3.3040909091,0.017723391595164575
2005-06-30,1.143,0.009929763014056636,3.1263636364,0.017670389202155266
2005-07-31,1.295,-0.013179376315900417,3.2057142857,-0.004033576933150636
2005-08-31,1.365,-0.005401178077040393,3.2326086957,0.000425037911507986
2005-09-30,1.45,-0.006694660117513302,3.0677272727,0.016577421488370006
2005-10-31,1.513,-0.004575725879865115,3.2385714286,-0.01171680131520301
2005-11-30,1.454,0.006692496719138151,3.4481818182,-0.01461881038137648
2005-12-31,1.488,-0.0019138495526172554,3.3376190476,0.01205091058692898
2006-01-31,1.547,-0.004166451410288523,3.3213636364,0.004132382243214101
2006-02-28,1.598,-0.0033707684704277806,3.4725,-0.0096999219399168
2006-03-31,1.759,-0.013254570127474526,3.6373913043,-0.010589495969149147
2006-04-30,1.956,-0.016190348891417558,3.895,-0.017752026803318357
2006-05-31,1.849,0.01126424670990999,3.9627272727,-0.0021949703654099454
2006-06-30,1.901,-0.0031311471910904607,3.9604545455,0.003484822923763359
2006-07-31,1.927,-0.0007481977826878967,4.01,-0.000669540913524515
2006-08-31,1.668,0.025143399452728254,3.8839130435,0.01350535340282807
2006-09-30,1.628,0.0050372422328452396,3.7538095238,0.013796860247023071
2006-10-31,1.718,-0.006813354987062123,3.7877272727,0.00037824766350091194
2006-11-30,1.69,0.00397608339732769,3.7140909091,0.009147518062978059
2006-12-31,1.645,0.005507503013841806,3.7705263158,-0.0014851025751944449
2007-01-31,1.705,-0.0040790873546792976,4.0168181818,-0.0165988600010195
2007-02-28,1.64,0.007342945884277305,4.049,0.0007742296376120092
2007-03-31,1.629,0.002369737013461011,3.9409090909,0.012061503485718324
2007-04-30,1.653,-0.0008284401276252478,4.1521052632,-0.01352074669886733
2007-05-31,1.733,-0.005878377248487013,4.279047619,-0.006570150818276177
2007-06-30,1.903,-0.013835349353241901,4.5604761905,-0.01835412689871044
2007-07-31,1.809,0.01006888851812579,4.505,0.00812891320913028
2007-08-31,1.577,0.02270139923839497,4.2965217391,0.020189706046808913
2007-09-30,1.698,-0.009683631331972569,4.226,0.009164123854564613
2007-10-31,1.616,0.00889535527428623,4.2826086957,-0.0009492469748329536
2007-11-30,1.497,0.012272588703102352,4.0890909091,0.01899432269997861
2007-12-31,1.526,-0.0014126710899608893,4.2058823529,-0.005856071991330661
2008-01-31,1.429,0.010212528069032823,4.0277272727,0.017753086518504633
2008-02-29,1.429,0.0011908333333333335,3.9528571429,0.009370821254745173
2008-03-31,1.245,0.01831885572722619,3.7994736842,0.015712333142932727
2008-04-30,1.6,-0.03143413462934984,4.04,-0.016088505800550174
2008-05-31,1.778,-0.01477712725697736,4.2019047619,-0.009479989244157888
2008-06-30,1.601,0.01763416974396433,4.5204761905,-0.02136640298880197
2008-07-31,1.537,0.007198762019448133,4.4904347826,0.006113069499506851
2008-08-31,1.431,0.011049734498401468,4.2023809524,0.026555838887909952
2008-09-30,1.481,-0.003405972740962783,4.0940909091,0.01213480211104463
2008-10-31,1.486,0.0007745408621895234,3.8834782609,0.020382912503707627
2008-11-30,1.377,0.01131394023345051,3.5565,0.030033095312349763
2008-12-31,1.214,0.016348759261508035,3.0478947368,0.04575984823475263
2009-01-31,1.272,-0.004385540165684256,3.070952381,0.0005971184296410293
2009-02-28,1.277,0.00059496597713186,3.1275,-0.0021915531272903087
2009-03-31,1.323,-0.0032039235135280643,3.0195454545,0.01172251372923436
2009-04-30,1.402,-0.00619618472997657,3.133,-0.0070145337656013695
2009-05-31,1.481,-0.006098176531020937,3.371,-0.0171360527645734
2009-06-30,1.363,0.012149762924457025,3.4736363636,-0.005655609568113769
2009-07-31,1.386,-0.0009904744097471202,3.337826087,0.014166430909056211
2009-08-31,1.314,0.00783517531168252,3.3052380952,0.005492170481814241
2009-09-30,1.258,0.006307431555728232,3.2631818182,0.006260378693348862
2009-10-31,1.404,-0.01244270204606931,3.2090909091,0.0072415424818348196
2009-11-30,1.253,0.015222246535777086,3.2171428571,0.0020011829659650027
2009-12-31,1.272,-0.0007235722235954942,3.1385,0.009280233916536563
2010-01-31,1.308,-0.0022829036933955747,3.2575,-0.0073144365544242276
2010-02-28,1.295,0.0022977675809144056,3.17,0.010044336883778092
2010-03-31,1.361,-0.005032134095459722,3.102173913,0.008344723360880648
2010-04-30,1.286,0.008103507836783345,3.0645,0.0057597789983292215
2010-05-31,1.257,0.0037714616097779593,2.7342857143,0.030843331824342617
2010-06-30,1.08,0.01767790749832587,2.5431818182,0.018833692921964646
2010-07-31,1.075,0.0013703209300086393,2.6159090909,-0.004163389239247388
2010-08-31,1.023,0.005800413112630251,2.35,0.025451511423543797
2010-09-30,0.898,0.012721435476406456,2.3004545455,0.006310777515462187
2010-10-31,0.903,0.00027340519554458834,2.3457142857,-0.0020506775573359555
2010-11-30,1.161,-0.023426016085209608,2.5327272727,-0.01428167039006374
2010-12-31,1.133,0.003592429105585446,2.9147619048,-0.030394391170675408
2011-01-31,1.213,-0.006525683440049391,3.0166666667,-0.0061853340374079645
2011-02-28,1.241,-0.0015988984475657194,3.199,-0.012752449223542036
2011-03-31,1.214,0.00355386601772248,3.2117391304,0.0016006427911813069
2011-04-30,1.215,0.0009183374254316285,3.3405263158,-0.008022469755619285
2011-05-31,1.118,0.010110612116941229,3.0609090909,0.026324115114458854
2011-06-30,1.084,0.004127787898988122,2.8909090909,0.017002820083499053
2011-07-31,1.075,0.0017498950246563117,2.7438095238,0.015016114218922485
2011-08-31,1.023,0.005800413112630251,2.2134782609,0.04897971219510761
2011-09-30,0.975,0.005392160738174834,1.8290909091,0.036442476961527775
2011-10-31,1.038,-0.0051277701454904585,2.0023809524,-0.013965679084271793
2011-11-30,1.062,-0.001394499724563462,1.8740909091,0.01320260598741323
2011-12-31,0.971,0.00949155054338855,1.9276190476,-0.003240479343958229
2012-01-31,0.959,0.0019453040438803773,1.8209090909,0.011229470174875727
2012-02-29,0.962,0.0005151601966654657,1.8519047619,-0.0012747410152746518
2012-03-31,0.966,0.00042307505211679913,1.8304545455,0.0034773880071182106
2012-04-30,0.914,0.005739829034686826,1.6242105263,0.02031947467975925
2012-05-31,0.846,0.007239235298097498,1.3368181818,0.02795402121056351
2012-06-30,0.789,0.006152561747972748,1.3004761905,0.0044889673490731575
2012-07-31,0.78,0.001518281520759084,1.2422727273,0.006505982249967769
2012-08-31,0.8,-0.0012609465305084154,1.3417391304,-0.008186198649725156
2012-09-30,0.757,0.004783969053764238,1.4905,-0.012561841341967738
2012-10-31,0.76,0.0003435644138021172,1.4669565217,0.003408339446051872
2012-11-30,0.713,0.00514478677957585,1.3359090909,0.013362613894444243
2012-12-31,0.781,-0.005911493098073216,1.2994117647,0.00450283489000887
2013-01-31,0.775,0.0012248584712538126,1.5122727273,-0.0184729252010318
2013-02-28,0.669,0.010842981360642955,1.5435,-0.0016014838790947067
2013-03-31,0.492,0.017750442067865795,1.3545,0.018771685210235475
2013-04-30,0.589,-0.008973053991113984,1.1961904762,0.015907700149665534
2013-05-31,0.879,-0.02712595121449481,1.2940909091,-0.008103638573964228
2013-06-30,0.822,0.006169898465743319,1.5305,-0.02062060900235622
2013-07-31,0.79,0.0037434833272985855,1.5656521739,-0.0019420556095886578
2013-08-31,0.708,0.00853023164962305,1.735,-0.014058823391677397
2013-09-30,0.669,0.004343049004679849,1.8880952381,-0.012324746266957069
2013-10-31,0.59,0.008192478256270386,1.762173913,0.012965023062835736
2013-11-30,0.605,-0.0009574495130245798,1.6771428571,0.00919887389941311
2013-12-31,0.688,-0.007479094745586541,1.7977777778,-0.009506320412750282
2014-01-31,0.614,0.007715522460728436,1.7559090909,0.005288683566929641
2014-02-28,0.586,0.0032190412515718685,1.5585,0.019519035347224007
2014-03-31,0.605,-0.0013472488703454406,1.5085714286,0.005881489724736496
2014-04-30,0.61,2.1288320312482122e-05,1.4565,0.006050436294488709
2014-05-31,0.566,0.004767281465320312,1.3271428571,0.01320329806639309
2014-06-30,0.536,0.003380655994526991,1.2642857143,0.0069543847267325275
2014-07-31,0.527,0.0013199005780706408,1.1143478261,0.015116098315515815
2014-08-31,0.488,0.004231029502419308,0.9561904762,0.015894092141448726
2014-09-30,0.497,-0.0004681363287597301,0.9213636364,0.004100814847148754
2014-10-31,0.465,0.0035296259201831083,0.7909090909,0.013229512700822442
2014-11-30,0.42,0.004779580227681206,0.719,0.0075583227778772315
2014-12-31,0.33,0.009177357384436756,0.5889473684,0.013165576308632928
2015-01-31,0.275,0.005687451994898878,0.39,0.019925847721002546
2015-02-28,0.33,-0.005169212558070408,0.302,0.008970099610621382
2015-03-31,0.4,-0.0065687337986737,0.2272727273,0.007624800346782689
2015-04-30,0.34,0.006215787128411601,0.122,0.010637511325567636
2015-05-31,0.39,-0.004607380055076933,0.5557894737,-0.04199528299358552
2015-06-30,0.455,-0.00600984212722663,0.7927272727,-0.02220634298267698
2015-07-31,0.41,0.00477375215880609,0.71,0.008601392068029606
2015-08-31,0.38,0.003276629253847103,0.6085714286,0.01038280009224527
2015-09-30,0.35,0.0032566597549053716,0.6540909091,-0.003878777230431429
2015-10-31,0.3,0.0052051758639845465,0.5181818182,0.013729895326982218
2015-11-30,0.3,0.00025,0.5161904762,0.0006251556187076074
2015-12-31,0.27,0.003203464418220694,0.5455,-0.0024111586173962726
2016-01-31,0.095,0.0176137469073258,0.4305,0.011668038452955118
2016-02-29,-0.065,0.016125552747218847,0.1728571429,0.02583339612435426
2016-03-31,-0.05,-0.0015586000693440306,0.1714285714,0.00028550484582944854
2016-04-30,-0.085,0.0034748701039758307,0.1342857143,0.003827923348586049
2016-05-31,-0.12,0.003452800493774077,0.1328571429,0.00025367512680871454
2016-06-30,-0.23,0.01104033865011913,-0.0168181818,0.015080962530045275
2016-07-31,-0.195,-0.0037318258476209923,-0.1542857143,0.013845373832983957
2016-08-31,-0.07,-0.012720499840630508,-0.1317391304,-0.002400651929343837
2016-09-30,-0.085,0.0014489077948634525,-0.0840909091,-0.004898846792051606
2016-10-31,-0.05,-0.0035815241894935966,0.002,-0.008681776651628064
2016-11-30,0.02,-0.007036010914878723,0.1890909091,-0.018521534008626783
2016-12-31,0.04,-0.001978938179616564,0.2519047619,-0.006035578453567752
2017-01-31,0.085,-0.004445732458835506,0.2509090909,0.0003080645362570232
2017-02-28,0.05,0.0035601741979168094,0.258,-0.0004896086119973004
2017-03-31,0.065,-0.0014528521896987137,0.3482608696,-0.008636532464812082
2017-04-30,0.015,0.00504858842719697,0.2255555556,0.012395348317748005
2017-05-31,0.04,-0.002482067351011457,0.3363636364,-0.010686966256123592
2017-06-30,0.075,-0.0034522166243059634,0.2504761905,0.008742847793834671
2017-07-31,0.075,6.25e-05,0.4557142857,-0.019805189688644365
2017-08-31,0.01,0.00655660910953765,0.3460869565,0.011121228680122955
2017-09-30,0.06,-0.004975677393392433,0.3471428571,0.0001848949925677712
2017-10-31,0.065,-0.00044814830134740536,0.3725,-0.002193191999745236
2017-11-30,0.035,0.0030476846959835787,0.3081818182,0.006627560520163715
2017-12-31,0.045,-0.000968299886269698,0.2968421053,0.0013715911207660102
2018-01-31,0.08,-0.0034470493419359463,0.4745454545,-0.017060864853238895
2018-02-28,0.045,0.0035570097577396764,0.659,-0.017383219054395087
2018-03-31,0.045,3.75e-05,0.5295238095,0.013102243179292766
2018-04-30,0.05,-0.00046107766941953007,0.48,0.005258274138440852
2018-05-31,0.03,0.0020380200291633377,0.45,0.0033232695802754846
2018-06-30,0.03,2.4999999999999998e-05,0.3271428571,0.01242493016910291
2018-07-31,0.06,-0.0029651163499394883,0.2745454545,0.00544883362706669
2018-08-31,0.11,-0.004919722354246941,0.2908695652,-0.0013767521957872345
2018-09-30,0.125,-0.0013977140916987727,0.3705,-0.007556358935784626
2018-10-31,0.13,-0.00039212675050718745,0.3990909091,-0.0024861135204854445
2018-11-30,0.085,0.00458539390415587,0.3140909091,0.008677319883041794
2018-12-31,-0.01,0.009571640543746485,0.1870588235,0.012821069769496955
2019-01-31,0.0,-0.0010083831694836277,0.1327272727,0.00554630400833738
2019-02-28,-0.015,,0.0555,0.007805702935634017
2019-03-31,-0.095,0.008028040968194266,0.010952381,0.004497202222116623
2019-04-30,-0.045,-0.005093362477832362,-0.0395,0.005064541970165577
2019-05-31,-0.095,0.004988628328527343,-0.1345454545,0.00954081304640138
2019-06-30,-0.165,0.006985115961484104,-0.3152631579,0.018273346405715683
2019-07-31,-0.16,-0.0006421411679408966,-0.3882608696,0.007199631132955857
2019-08-31,-0.28,0.012054242815813531,-0.6490909091,0.02671806957093691
2019-09-30,-0.215,-0.0068164781111880535,-0.5947619048,-0.006165490034893802
2019-10-31,-0.15,-0.0067376577635116916,-0.4695454545,-0.013369483273308152
2019-11-30,-0.08,-0.007159715229185516,-0.3523809524,-0.01235526358229968
2019-12-31,-0.025,-0.0055760699917791435,-0.2994444444,-0.005680932935632754
2020-01-31,-0.065,0.0039933376186851825,-0.3136363636,0.0011954556368328991
2020-02-29,-0.155,0.009022283399928412,-0.466,0.015377839983120823
2020-03-31,0.005,-0.016136683181226737,-0.5413636364,0.007384497399951337
2020-04-30,-0.04,0.004513500518142098,-0.4495,-0.009883406654493294
2020-05-31,0.0,-0.004034122827791174,-0.5165,0.006525981934539666
2020-06-30,0.03,,-0.4342857143,-0.008864079897743257
2020-07-31,0.01,0.0020236493648902857,-0.5230434783,0.008781966398833723
2020-08-31,0.045,-0.003483228405007329,-0.5233333333,-0.0004059940444335168
2020-09-30,0.015,0.0030344603605179433,-0.5240909091,-0.00035802409160980234
2020-10-31,0.04,-0.002482067351011457,-0.6072727273,0.008174999403385166
2020-11-30,0.03,0.001031560331740532,-0.6147619048,0.0002699382850224061
2020-12-31,0.02,0.00102380083595208,-0.6185,-0.0001248831615857964
2021-01-31,0.055,-0.0034728896033448292,-0.5835,-0.004136177069659402
2021-02-28,0.15,-0.009376995795465633,-0.4455,-0.014655468585328362
2021-03-31,0.12,0.0031039470335059833,-0.3647826087,-0.00861800459210659
2021-04-30,0.09,0.003084078871132522,-0.325,-0.00435833982550809
2021-05-31,0.08,0.0010703644213586091,-0.2235,-0.010557512654919048
2021-06-30,0.05,0.0030576064202595577,-0.2886363636,0.006434462505898853
2021-07-31,0.015,0.0035380312165429633,-0.4513636364,0.01644729487160061
2021-08-31,0.02,-0.00048693789307608406,-0.5386363636,0.008622963038661202
2021-09-30,0.065,-0.004467546642504549,-0.3627272727,-0.01842704327597728
2021-10-31,0.095,-0.0029299462816464407,-0.2042857143,-0.01634619438074752
2021-11-30,0.05,0.004565232504359843,-0.3136363636,0.010958016705013549
2021-12-31,0.07,-0.0019505020626762952,-0.3842857143,0.00695934873074612
2022-01-31,0.17,-0.009849293540056245,-0.1147619048,-0.02748477510893323
2022-02-28,0.18,-0.0008481034469878809,0.15,-0.02637617926657744
2022-03-31,0.21,-0.0028145007869928894,0.2817391304,-0.012845821930685734
2022-04-30,0.215,-0.00031888173280540254,0.7463157895,-0.044368373584396825
2022-05-31,0.235,-0.0017942443711886505,0.9527272727,-0.01894649637125569
2022-06-30,0.225,0.001182958205377055,1.445,-0.044645772933848644
2022-07-31,0.18,0.004640239424643639,1.0819047619,0.03528071618674075
2022-08-31,0.22,-0.003800595222047676,1.0343478261,0.0053843323820472345
2022-09-30,0.24,-0.0017895129910345344,1.7954545455,-0.0680762311873313
2022-10-31,0.245,-0.00029303430001396334,2.1866666667,-0.033145373743674614
2022-11-30,0.25,-0.0002887265840795149,2.0663636364,0.01252413897730128
2022-12-31,0.41,-0.015431900314456307,2.0852380952,4.3613339993443613e-05
2023-01-31,0.49,-0.007440065070636964,2.1927272727,-0.00776750750233733
2023-02-28,0.5,-0.0005635086425238226,2.3705,-0.013744333203509108
2023-03-31,0.32,0.018072970711634627,2.3834782609,0.0008401822085963837
2023-04-30,0.385,-0.006093524101485323,2.3594444444,0.004090952946565269
2023-05-31,0.43,-0.004070670774389951,2.3422727273,0.003471452127694145
2023-06-30,0.395,0.0037794415310995018,2.3763636364,-0.001031540012782908
2023-07-31,0.595,-0.019019387065190966,2.4566666667,-0.005017795976056317
2023-08-31,0.64,-0.0038434941031742394,2.5456521739,-0.005670087878654508
2023-09-30,0.765,-0.01143949513128149,2.6614285714,-0.007857098158877104
2023-10-31,0.95,-0.01690221988572006,2.8231818182,-0.011603255674961432
2023-11-30,0.66,0.028675823855402138,2.6013636364,0.021504652147519326
2023-12-31,0.62,0.004409984707676525,2.1021052632,0.046403335197178396
2024-01-31,0.73,-0.01003965479259747,2.1745454545,-0.004659587947711735
2024-02-29,0.71,0.002528681715781319,2.3319047619,-0.01199960450234647
2024-03-31,0.725,-0.0008476121997603097,2.3495,0.0004012588975362524
2024-04-30,0.87,-0.013203174947352587,2.4457142857,-0.0064323642482649575
2024-05-31,1.07,-0.018110045928730237,2.5195454545,-0.00437371059150555
2024-06-30,1.05,0.0027754669721645367,2.4845,0.0051475479004996555
2024-07-31,1.045,0.0013461162768072768,2.4582608696,0.004355822582937354
2024-08-31,0.89,0.01559266893532716,2.2077272727,0.024148269146378482
2024-09-30,0.855,0.0040745548833869315,2.1671428571,0.005431408180292387
2024-10-31,0.935,-0.006875245186023023,2.2295652174,-0.003701806950157737
2024-11-30,1.05,-0.010059341288688512,2.3057142857,-0.004833236984169166
2024-12-31,1.09,-0.0028851759930618123,2.1788888889,0.013133442026775959
2025-01-31,1.245,-0.013543144079928637,2.4836363636,-0.024724700959344367
2025-02-28,1.37,-0.01053404241286395,2.4055,0.008893425693735166
2025-03-31,1.485,-0.009435427448935515,2.7414285714,-0.026844633072993174
2025-04-30,1.31,0.017469275727158277,2.5105,0.022321435101231194
2025-05-31,1.5,-0.016374247898219754,2.5628571429,-0.0024436642498291573
2025-06-30,1.42,0.008628229191513468,2.519047619,0.005938511363682231
2025-07-31,1.545,-0.010275523583845071,2.6313043478,-0.007591717006061237
2025-08-31,1.6,-0.0037374481376522568,2.6733333333,-0.0014261900764719695
2025-09-30,1.645,-0.0027675122928132877,2.6931818182,0.0005207139816828338
2025-10-31,1.655,0.00046018355058761513,2.617826087,0.008749276539937926
2025-11-30,1.805,-0.012175202349026781,2.6575,-0.0012375566545207053
2025-12-31,2.06,-0.021224022810893105,2.8142105263,-0.011181940951659747
2026-01-31,2.24,-0.014163756974494224,2.8066666667,0.0029899090405767046
2026-02-28,2.11,0.013402863752009182,2.745,0.007625691361521306
2026-03-31,2.345,-0.018859200039509617,2.91,-0.011744775026491511
2026-04-30,2.515,-0.01281859699565135,3.001,-0.0052737034647832816
2026-05-31,2.65,-0.009547609491947249,3.0465,-0.001338342337016707
2026-06-30,2.67,0.0004860603905611819,2.97,0.009017102835074842
