date,state_eom,stress_eom,stress_mean,frac_stressed
1990-03-31,0,-0.7040362167261659,-0.6499977895593771,0.0
1990-04-30,0,-0.789638846085858,-0.791918007097243,0.0
1990-05-31,0,-1.037346773108573,-0.9163522679367913,0.0
1990-06-30,0,-1.0183068567378308,-1.0276206360516398,0.0
1990-07-31,0,-1.0029785092755212,-1.015173229289537,0.0
1990-08-31,0,-0.19447024472560373,-0.6537259338109748,0.0
1990-09-30,1,0.5286818201099431,0.16702318677915093,0.7368421052631579
1990-10-31,1,1.0344103935073539,0.8984488429399979,1.0
1990-11-30,1,1.0014905174076325,1.0153125703177244,1.0
1990-12-31,1,0.8120041151654176,0.9138598003949043,1.0
1991-01-31,1,0.751293069258435,0.851127545883208,1.0
1991-02-28,0,-0.16225657069715066,0.27578405385252386,0.7894736842105263
1991-03-31,0,-1.7602757372928366,-1.2159613798963493,0.0
1991-04-30,0,-1.1256709303961594,-1.6250425553345307,0.0
1991-05-31,0,-1.4871849334107359,-0.8018469606263505,0.0
1991-06-30,1,1.3851566286123027,-0.599947100372718,0.2
1991-07-31,1,0.3435053212931898,0.8835699896842314,1.0
1991-08-31,0,-1.272921646836986,-0.8652294569919661,0.045454545454545456
1991-09-30,1,0.4541632382434327,-0.2322883036297218,0.5
1991-10-31,1,0.36874315373618993,0.7464660816220977,1.0
1991-11-30,1,1.6552169994842376,0.3512542691821141,0.6
1991-12-31,0,-1.8209989034031338,0.9555238594799885,0.8571428571428571
1992-01-31,0,-1.2807232310103145,-1.7183988986135497,0.0
1992-02-29,0,-1.217292812714408,-1.324598992370619,0.0
1992-03-31,1,0.7935191232712733,-0.2902709102098393,0.22727272727272727
1992-04-30,1,1.124025298595429,1.325875412639505,1.0
1992-05-31,1,1.1106238769593075,1.1231035741718238,1.0
1992-06-30,1,1.4344431486748017,1.4724685301149336,1.0
1992-07-31,1,0.4379765660346037,1.1570555255972903,1.0
1992-08-31,1,1.3541437025841738,0.3704625115842556,0.6190476190476191
1992-09-30,1,1.2347281701058197,1.118891340789308,1.0
1992-10-31,1,0.9354271483821879,1.3674591722133167,1.0
1992-11-30,0,-1.7175811814388098,-0.3657878157862116,0.45
1992-12-31,0,-1.7832193160480876,-1.7644257603347087,0.0
1993-01-31,0,-1.6497999301374704,-1.569492063855815,0.0
1993-02-28,1,0.9942066168908779,-0.7910646680332429,0.3684210526315789
1993-03-31,0,-1.2586082997126788,-0.7354490777599879,0.21739130434782608
1993-04-30,1,1.4039979893118137,0.8612673169159403,0.8571428571428571
1993-05-31,1,0.588941809683815,1.0956129075949868,1.0
1993-06-30,1,0.8182972753460614,0.8187262838306064,0.9090909090909091
1993-07-31,1,1.0802852725398635,1.0598618832661035,1.0
1993-08-31,0,-1.777712810725248,-0.20520908142465252,0.5454545454545454
1993-09-30,0,-1.3212161969227891,-1.3043240315035523,0.0
1993-10-31,0,-1.477644713844844,-1.410145039842882,0.0
1993-11-30,1,1.2651761151432326,0.16681931620895188,0.7142857142857143
1993-12-31,1,0.29490438261097535,0.9735891496779534,1.0
1994-01-31,0,-1.7592996255332327,-0.9400873232068635,0.19047619047619047
1994-02-28,1,1.3328835943571138,0.262991549371031,0.631578947368421
1994-03-31,0,-1.003520778376163,-0.5925688981920808,0.17391304347826086
1994-04-30,0,-1.0110480806445157,-1.0064646890223148,0.0
1994-05-31,0,-1.0164334287972865,-1.0113985440836029,0.0
1994-06-30,0,-1.0065714230968645,-1.0147691487874768,0.0
1994-07-31,0,-1.0195645914454596,-1.013588033862284,0.0
1994-08-31,0,-1.0371196553834168,-1.0262430752436071,0.0
1994-09-30,0,-1.0215459677744503,-1.0260908700066322,0.0
1994-10-31,0,-1.0271006866928294,-1.0205974332680012,0.0
1994-11-30,0,-1.0116156547633035,-1.017441362360634,0.0
1994-12-31,0,-1.0187059892826058,-1.0127592862817754,0.0
1995-01-31,0,-1.0265802938838513,-1.0236485585727604,0.0
1995-02-28,0,-1.0382572773948782,-1.0367556661928041,0.0
1995-03-31,0,-1.0165500531427094,-1.0181741145387684,0.0
1995-04-30,0,-1.020019379692758,-1.018107308379453,0.0
1995-05-31,0,-1.0192579647556033,-1.0212295217495557,0.0
1995-06-30,0,-1.0205939527945729,-1.0211004751943151,0.0
1995-07-31,0,-1.0209851287429006,-1.0227594695617261,0.0
1995-08-31,0,-1.0207406528479677,-1.0194625233653618,0.0
1995-09-30,0,-1.0253068857594054,-1.026502297516359,0.0
1995-10-31,0,-1.0132859327868367,-1.0177149039688602,0.0
1995-11-30,0,-1.0209057795899958,-1.0176805264776527,0.0
1995-12-31,0,-1.0154270364095994,-1.0183733864789826,0.0
1996-01-31,0,-1.015787031698014,-1.0103672674782909,0.0
1996-02-29,0,-1.0136384996155545,-1.0182219722724581,0.0
1996-03-31,0,-1.1098466202035606,-1.0908116759485695,0.0
1996-04-30,0,-1.1215531334043456,-1.1088280891910745,0.0
1996-05-31,0,-1.124511688324196,-1.1197748195735087,0.0
1996-06-30,0,-1.1273047190388965,-1.1268931713354438,0.0
1996-07-31,0,-1.0780661434603591,-1.0821083173994777,0.0
1996-08-31,0,-1.1106507875094516,-1.1025457765759212,0.0
1996-09-30,0,-1.1353449528777722,-1.122625057084624,0.0
1996-10-31,0,-1.135743279505006,-1.1378010957953086,0.0
1996-11-30,0,-1.152283267367289,-1.1455760579971659,0.0
1996-12-31,0,-1.1155357272458393,-1.1250032951400395,0.0
1997-01-31,0,-1.1247574286639712,-1.1234615389536025,0.0
1997-02-28,0,-1.1069272336111007,-1.1189388604706212,0.0
1997-03-31,0,-0.9975402560400438,-1.0127008196258491,0.0
1997-04-30,0,-0.9786997304318673,-0.9788888365938351,0.0
1997-05-31,0,-1.012920233225301,-1.0079300391417396,0.0
1997-06-30,0,-1.0141814991026012,-1.015936212823748,0.0
1997-07-31,0,-1.0209952759163776,-1.0182814035373693,0.0
1997-08-31,0,-1.0073581698635103,-1.0125652646675076,0.0
1997-09-30,0,-1.01363323402917,-1.0124664868652482,0.0
1997-10-31,0,-0.9722361734811841,-1.0073304282739304,0.0
1997-11-30,0,-0.9561184809583818,-0.9569811709146855,0.0
1997-12-31,0,-1.0044282801535755,-0.9893393761773119,0.0
1998-01-31,0,-1.0041076097158161,-1.001243973422039,0.0
1998-02-28,0,-1.0119843801196327,-1.0092554601326642,0.0
1998-03-31,0,-1.1405073517978277,-1.1214006551970925,0.0
1998-04-30,0,-1.097556858513897,-1.1255502895046143,0.0
1998-05-31,0,-1.1044217222423978,-1.105279571465167,0.0
1998-06-30,0,-1.1105395021786066,-1.1026736227341791,0.0
1998-07-31,0,-1.0738667703036164,-1.1097586324570328,0.0
1998-08-31,0,-0.92255148386729,-1.0424259834012217,0.0
1998-09-30,0,-0.41372150994615403,-0.5169340022239843,0.0
1998-10-31,0,-0.8257781673809447,-0.457936904528855,0.0
1998-11-30,0,-1.0814963933742232,-1.0734627037295306,0.0
1998-12-31,0,-1.1005480666948642,-1.0840262235148321,0.0
1999-01-31,0,-1.0911791958356276,-1.093083928144351,0.0
1999-02-28,0,-1.0713953404365983,-1.0713635634774226,0.0
1999-03-31,0,-0.5048877611676041,-0.5041815410021541,0.0
1999-04-30,0,-0.7629782241677632,-0.6412609607964094,0.0
1999-05-31,0,-0.9181785108380128,-0.8704724226649845,0.0
1999-06-30,0,-1.013721458915554,-0.9526800177676699,0.0
1999-07-31,0,-0.9997975801628065,-1.0131585712665374,0.0
1999-08-31,0,-0.9969864218277619,-0.9844936932875331,0.0
1999-09-30,0,-0.943795420711156,-0.9907875633680292,0.0
1999-10-31,0,-0.8528257153315474,-0.9019039674566071,0.0
1999-11-30,0,-1.0120460286365398,-0.9553896784550717,0.0
1999-12-31,0,-1.0301806828582825,-1.0212318213663565,0.0
2000-01-31,0,-0.985315816794158,-1.002527820168353,0.0
2000-02-29,0,-0.969485212295838,-0.9855990313275743,0.0
2000-03-31,0,-1.005505881659202,-1.0045458712921371,0.0
2000-04-30,0,-0.9246436567483923,-0.974023554575128,0.0
2000-05-31,0,-0.8063030209624616,-0.8659416895821018,0.0
2000-06-30,0,-0.8089797254607026,-0.8047834718661607,0.0
2000-07-31,0,-0.8412773263775583,-0.8322729725227062,0.0
2000-08-31,0,-0.8882225878944383,-0.8515209482593219,0.0
2000-09-30,0,-0.9166788671378358,-0.9149312195115389,0.0
2000-10-31,0,-0.7917500726195751,-0.8551401808785456,0.0
2000-11-30,0,-0.6607831694812909,-0.7410113664508564,0.0
2000-12-31,0,-0.5029446765165448,-0.5811532321924091,0.0
2001-01-31,0,-0.38199565135370067,-0.4234808569996802,0.0
2001-02-28,0,-0.27296124196612154,-0.3372443557597912,0.0
2001-03-31,1,1.0583587111269217,0.9972746987226073,0.9545454545454546
2001-04-30,1,1.0253492659424044,1.0477774720289872,1.0
2001-05-31,1,1.0178629266220272,1.0140152330381549,1.0
2001-06-30,1,1.0138047017482108,1.017894489132464,1.0
2001-07-31,1,1.0189259492925475,1.0229903899395543,1.0
2001-08-31,1,1.0337146172203178,1.0238144406385374,1.0
2001-09-30,1,1.0644217244452205,1.0652567372390738,1.0
2001-10-31,1,1.039485247078575,1.0405566974207376,1.0
2001-11-30,1,1.009041483860358,1.0142415797907631,1.0
2001-12-31,1,1.0003827665491176,1.0059074557382748,1.0
2002-01-31,1,1.0153886989747474,1.0005439899814963,1.0
2002-02-28,1,1.0180652151462153,1.023465318300131,1.0
2002-03-31,1,0.936140918685345,0.9631867941347053,1.0
2002-04-30,1,1.0196665689414648,0.9880195009998857,1.0
2002-05-31,1,1.019509850335849,1.019284011776726,1.0
2002-06-30,1,1.0403054666388583,1.0385628515034473,1.0
2002-07-31,1,1.0620662133721133,1.070661462481585,1.0
2002-08-31,1,1.0442953592548216,1.0554572762916832,1.0
2002-09-30,1,1.0670918503738274,1.0574545472317136,1.0
2002-10-31,1,1.0307840956941208,1.0510146219588963,1.0
2002-11-30,1,1.0094248519639246,1.0202844866647935,1.0
2002-12-31,1,1.0195954372393095,1.018906609065135,1.0
2003-01-31,1,1.036479435902627,1.0169872366827963,1.0
2003-02-28,1,1.0267699773432886,1.0337860885129684,1.0
2003-03-31,1,1.0274592657205575,1.0244330060095241,1.0
2003-04-30,1,0.9691207514653927,1.0020765314987896,1.0
2003-05-31,1,0.6790120381712935,0.820455987815474,1.0
2003-06-30,1,0.1341553833622645,0.3619989574158498,1.0
2003-07-31,0,-0.2716081487256275,-0.10040808242185893,0.22727272727272727
2003-08-31,0,-0.5841852577379375,-0.3965651980174601,0.0
2003-09-30,0,-1.0022171813545595,-0.8807684471424218,0.0
2003-10-31,0,-1.0270733710561069,-1.0221485641763686,0.0
2003-11-30,0,-1.030015685852607,-1.026100515596927,0.0
2003-12-31,0,-1.0484101227574045,-1.0348592601674902,0.0
2004-01-31,0,-1.0369251043002508,-1.0537016150823997,0.0
2004-02-29,0,-1.0396256230068763,-1.039275869445682,0.0
2004-03-31,0,-1.0151155584149114,-1.0145722260277448,0.0
2004-04-30,0,-0.9982992995026619,-1.01611453018534,0.0
2004-05-31,0,-0.9297994075923662,-0.9461041828935187,0.0
2004-06-30,0,-1.0221366312559368,-1.0042167553537655,0.0
2004-07-31,0,-0.9339458101416217,-0.9860929787099592,0.0
2004-08-31,0,-0.7379867505324743,-0.7949056972703903,0.0
2004-09-30,0,-0.9978666487160938,-0.8802391673685124,0.0
2004-10-31,0,-1.0168497726465773,-1.0098949581203347,0.0
2004-11-30,0,-1.0371840402058745,-1.0369796363680375,0.0
2004-12-31,0,-1.0508308308225773,-1.0449797017486122,0.0
2005-01-31,0,-1.0198229448156941,-1.0188404366154924,0.0
2005-02-28,0,-1.0225716955745179,-1.0267595808975776,0.0
2005-03-31,0,-1.0101418055689768,-1.0173795310393385,0.0
2005-04-30,0,-0.8613173209180798,-0.9611426362711809,0.0
2005-05-31,0,-0.9945746857861772,-0.884481030419848,0.0
2005-06-30,0,-1.0181295473975778,-1.0246233253898913,0.0
2005-07-31,0,-1.0372816395804236,-1.0342047120146847,0.0
2005-08-31,0,-1.0221174519154668,-1.0245653540579276,0.0
2005-09-30,0,-1.0228351581836521,-1.0218789898357243,0.0
2005-10-31,0,-0.8919234530172591,-0.9454811022092967,0.0
2005-11-30,0,-1.0267213445740149,-0.9938313206323692,0.0
2005-12-31,0,-1.0213070955892816,-1.0324860278335424,0.0
2006-01-31,0,-1.0302975835050656,-1.0337403660944826,0.0
2006-02-28,0,-1.024602416325473,-1.0258186982951683,0.0
2006-03-31,0,-1.0362284068318928,-1.0322405216828248,0.0
2006-04-30,0,-1.0379794453408362,-1.0348148137316138,0.0
2006-05-31,0,-0.9566117075993419,-1.0058579218158814,0.0
2006-06-30,0,-0.7105367983930209,-0.8270190953846764,0.0
2006-07-31,0,-0.6187683141373654,-0.6706955968918031,0.0
2006-08-31,0,-0.9139500666598417,-0.7237612431869273,0.0
2006-09-30,0,-1.0345897513897488,-1.0188238236014142,0.0
2006-10-31,0,-1.0488653431797488,-1.0479035054689705,0.0
2006-11-30,0,-1.0416553091476246,-1.0475959891820066,0.0
2006-12-31,0,-1.045026639262183,-1.0484549305103927,0.0
2007-01-31,0,-1.0455945686940964,-1.0443700701487608,0.0
2007-02-28,0,-0.9871645034018408,-1.0450387575891578,0.0
2007-03-31,0,-0.9773064067401234,-0.931621267768636,0.0
2007-04-30,0,-1.0338234036560374,-1.0285967013459496,0.0
2007-05-31,0,-1.0450632349928985,-1.0405729554755991,0.0
2007-06-30,0,-1.0172883063711158,-1.0248603029586987,0.0
2007-07-31,0,-0.9256104538873682,-1.0120579818635966,0.0
2007-08-31,0,-0.3693243593456833,-0.6251966037604485,0.0
2007-09-30,0,-0.31335661821468846,-0.28692661274825826,0.0
2007-10-31,0,-0.6471381052502234,-0.5270120279545135,0.0
2007-11-30,0,-0.14595231484279328,-0.4155722473385312,0.0
2007-12-31,1,0.1496050553893062,0.009060782584597197,0.5
2008-01-31,1,1.001149817164824,0.5614420252322354,1.0
2008-02-29,1,1.0377672050726303,1.0327978478514672,1.0
2008-03-31,1,1.0328764401594774,1.039157916556442,1.0
2008-04-30,1,1.002314313260635,1.0136706266927293,1.0
2008-05-31,1,0.9517794726473018,0.9672928876871983,1.0
2008-06-30,1,1.038888427546209,1.006688830997311,1.0
2008-07-31,1,1.0307663476015094,1.0377973232277382,1.0
2008-08-31,1,1.0183535531821344,1.0216419875510334,1.0
2008-09-30,1,1.1102295999957894,1.0603037242518345,1.0
2008-10-31,1,1.1310557278742508,1.149695153845216,1.0
2008-11-30,1,1.130903977231179,1.1415374421257507,1.0
2008-12-31,1,1.077981473089797,1.1197039134085847,1.0
2009-01-31,1,1.082181314717636,1.077725899793802,1.0
2009-02-28,1,1.0867947923325982,1.0778804332670722,1.0
2009-03-31,1,1.0475197501514744,1.0674521657248826,1.0
2009-04-30,1,1.021115817732653,1.0316120722361068,1.0
2009-05-31,1,1.0088268218083807,1.0141207892602742,1.0
2009-06-30,1,1.0082877321606876,1.0051083459812347,1.0
2009-07-31,1,0.8950479971837647,0.9880194350230955,1.0
2009-08-31,1,0.5215048890526475,0.6893871062437305,1.0
2009-09-30,1,0.08490721828283043,0.3282389461970496,1.0
2009-10-31,0,-0.24069294783117745,-0.09500027825598467,0.3181818181818182
2009-11-30,0,-0.41580395765477485,-0.2997750402401927,0.0
2009-12-31,0,-0.8186458657871918,-0.5996119734058766,0.0
2010-01-31,0,-0.9856951203424005,-0.9824937604766577,0.0
2010-02-28,0,-0.926486247008506,-0.9263272751345518,0.0
2010-03-31,0,-1.0618665926825632,-1.0348803733812988,0.0
2010-04-30,0,-1.0250890965375161,-1.0711266949005516,0.0
2010-05-31,0,-0.14023572264574236,-0.6739133067671012,0.0
2010-06-30,1,1.0836112444478614,0.558302864531045,0.9090909090909091
2010-07-31,1,1.020375867429086,1.0421629954865923,1.0
2010-08-31,1,1.049256193227964,1.0301649381363183,1.0
2010-09-30,1,0.7607744473431457,0.9408243399841726,1.0
2010-10-31,0,-0.13076064331681192,0.3184994605772948,0.8571428571428571
2010-11-30,0,-1.022957019563746,-0.7329504582579527,0.0
2010-12-31,0,-1.0845963023078828,-1.0727382770785483,0.0
2011-01-31,0,-1.0573390484415137,-1.0910556563492348,0.0
2011-02-28,0,-1.0610696661762615,-1.0804304100714255,0.0
2011-03-31,0,-1.0451975737556338,-1.0239546429088953,0.0
2011-04-30,0,-1.0751215130485026,-1.0494880098715629,0.0
2011-05-31,0,-1.041674667548824,-1.0394284514560859,0.0
2011-06-30,0,-0.6125819609090751,-0.7715545024475371,0.0
2011-07-31,0,-0.8620840520648301,-0.8114686134625145,0.0
2011-08-31,1,1.089196417444457,0.3844363858601515,0.6521739130434783
2011-09-30,1,1.1049180810554953,1.0927885048268162,1.0
2011-10-31,1,1.037294996349858,1.0593692160680301,1.0
2011-11-30,1,1.0361461959918572,1.0530758530224456,1.0
2011-12-31,1,1.014149922991575,1.0284682032238834,1.0
2012-01-31,1,0.6370141919542729,0.8777568378721826,1.0
2012-02-29,0,-0.42390209070327445,0.10873411213843251,0.6
2012-03-31,0,-0.4423054805221204,-0.3062199176221331,0.09090909090909091
2012-04-30,0,-0.7366666785400175,-0.6209683034438254,0.0
2012-05-31,0,-0.6862421001752446,-0.758922276593013,0.0
2012-06-30,0,-0.47459833542105884,-0.5474892531790799,0.0
2012-07-31,0,-0.547974788443466,-0.5045120450032784,0.0
2012-08-31,0,-1.0053305109889914,-0.760317057329366,0.0
2012-09-30,0,-1.0258282620998294,-1.0334361251734605,0.0
2012-10-31,0,-1.0063202775879325,-1.020021724029655,0.0
2012-11-30,0,-0.91173766900228,-0.9339063742929661,0.0
2012-12-31,0,-1.0152049000834702,-0.9932120285566952,0.0
2013-01-31,0,-1.0439680573122878,-1.03708553876352,0.0
2013-02-28,0,-1.0249260500786717,-1.0372556016560026,0.0
2013-03-31,0,-1.0468374646892462,-1.0406402730335098,0.0
2013-04-30,0,-1.0306950864323667,-1.028867692853351,0.0
2013-05-31,0,-1.0329006131986802,-1.0429031109073676,0.0
2013-06-30,0,-1.0089818629139566,-1.0188245597123011,0.0
2013-07-31,0,-1.041447617303991,-1.0332237943048734,0.0
2013-08-31,0,-1.0107470235416276,-1.0303640339058489,0.0
2013-09-30,0,-1.0310061834234534,-1.0322619803289723,0.0
2013-10-31,0,-1.0430980270615067,-1.035540292344664,0.0
2013-11-30,0,-1.0529188793466622,-1.0454928595988122,0.0
2013-12-31,0,-1.0630283064908148,-1.0486626435112192,0.0
2014-01-31,0,-1.0099794264306976,-1.0378067268551245,0.0
2014-02-28,0,-1.0333268734989873,-1.0107371703994024,0.0
2014-03-31,0,-1.082841812546698,-1.060761933775391,0.0
2014-04-30,0,-1.024992255862841,-0.9699714901448745,0.0
2014-05-31,0,-1.0844125150011037,-1.037011554484965,0.0
2014-06-30,0,-1.1338987244251293,-1.1202328287854724,0.0
2014-07-31,0,-0.9838325031839124,-1.1023812467512397,0.0
2014-08-31,0,-1.1172437446693244,-1.00152778945468,0.0
2014-09-30,0,-1.0007537419180133,-1.0754260717289625,0.0
2014-10-31,1,0.29701809766784515,-0.17720542759679797,0.4782608695652174
2014-11-30,0,-1.119854212047763,-0.4581349210313477,0.21052631578947367
2014-12-31,0,-1.0461941228695348,-1.033316615232235,0.0
2015-01-31,0,-0.6667935664291474,-0.8408688716726969,0.0
2015-02-28,0,-1.087394834038014,-0.8826725166812137,0.0
2015-03-31,0,-1.0150790600575983,-1.0365373407750076,0.0
2015-04-30,0,-1.0133912803393788,-1.0479906157252847,0.0
2015-05-31,0,-1.0360450730823312,-1.0458629868535771,0.0
2015-06-30,0,-0.9010801329277761,-1.0272477864572263,0.0
2015-07-31,0,-0.6818283424503765,-0.7183462402250081,0.0
2015-08-31,1,1.0174659930889276,-0.23018772194838624,0.2857142857142857
2015-09-30,1,1.163555807325902,1.159635715424108,1.0
2015-10-31,1,0.9699327062620103,1.0504636838583197,1.0
2015-11-30,1,0.8457259692383216,0.8713281072625374,1.0
2015-12-31,1,1.0593007267701844,0.9968193535302732,1.0
2016-01-31,1,1.1376039921408283,1.176969276379648,1.0
2016-02-29,1,1.0903914435790725,1.1442145020058094,1.0
2016-03-31,1,0.8400261848287234,0.9674391769973667,1.0
2016-04-30,1,0.418820952689189,0.637913066268172,1.0
2016-05-31,1,0.13008127844540585,0.2800253055678225,1.0
2016-06-30,0,-0.15300110848654508,-0.10439425341559967,0.18181818181818182
2016-07-31,0,-0.38985326460871966,-0.22645450035802223,0.0
2016-08-31,0,-1.0076154541641236,-0.6981417537044896,0.0
2016-09-30,0,-1.012922680599889,-1.0133531621061072,0.0
2016-10-31,0,-1.008231535335847,-1.0095742268861212,0.0
2016-11-30,0,-1.0355252765659622,-1.0238612877271758,0.0
2016-12-31,0,-1.0330216456552583,-1.044805851157505,0.0
2017-01-31,0,-1.0394348103137598,-1.0423738367344002,0.0
2017-02-28,0,-1.0612546478294522,-1.0558279733891724,0.0
2017-03-31,0,-1.0230349712159172,-1.0374036543731286,0.0
2017-04-30,0,-1.0258793741608352,-1.0216691709598336,0.0
2017-05-31,0,-1.0205858977765727,-1.0229141599059077,0.0
2017-06-30,0,-1.0189833585399335,-1.023831194526174,0.0
2017-07-31,0,-1.0257422118921076,-1.0231872338115497,0.0
2017-08-31,0,-1.018019443907412,-1.0173455314110715,0.0
2017-09-30,0,-1.0278802333603603,-1.0218611006289275,0.0
2017-10-31,0,-1.0318777616492736,-1.0324380031139082,0.0
2017-11-30,0,-1.0431831759217114,-1.0328791447955883,0.0
2017-12-31,0,-1.037825466527275,-1.041386721584295,0.0
2018-01-31,0,-1.045011942592816,-1.0555103706077975,0.0
2018-02-28,0,-0.9233137864473,-0.9495969698761383,0.0
2018-03-31,0,-0.8089871350855425,-0.8856861405390406,0.0
2018-04-30,0,-0.667506676940652,-0.7161100007084706,0.0
2018-05-31,0,-0.7377642769847946,-0.6861961402354537,0.0
2018-06-30,0,-0.9146461462861342,-0.839606924723278,0.0
2018-07-31,0,-1.0098625440661397,-0.9829456433693163,0.0
2018-08-31,0,-1.0166910916162388,-1.0132734469242066,0.0
2018-09-30,0,-1.0155101647562197,-1.0154443193608726,0.0
2018-10-31,0,-0.8016564903107168,-0.9394175463720597,0.0
2018-11-30,0,-0.5837146893542173,-0.688833719215385,0.0
2018-12-31,0,-0.20558611417689593,-0.40942574073392146,0.0
2019-01-31,1,0.035160795690000676,-0.047143602755457745,0.3333333333333333
2019-02-28,0,-0.02304812166179935,0.021373427128154873,0.7894736842105263
2019-03-31,0,-0.04466118218384234,0.013577725706888163,0.42857142857142855
2019-04-30,0,-1.0729777518307815,-0.5880556578908344,0.0
2019-05-31,0,-0.841288325916613,-0.9782150369061333,0.0
2019-06-30,0,-1.0436810963510639,-0.9138860900496715,0.0
2019-07-31,0,-1.0426700534527482,-1.0609016381273144,0.0
2019-08-31,0,-0.3701210619977445,-0.71082185172072,0.0
2019-09-30,0,-0.531057425489676,-0.4072131868069805,0.0
2019-10-31,0,-0.7182211033371368,-0.503020300296407,0.0
2019-11-30,0,-1.080090881062313,-1.0186870713278995,0.0
2019-12-31,0,-1.0999079151624678,-1.0845850522614515,0.0
2020-01-31,0,-1.033371809588824,-1.1007199783061228,0.0
2020-02-29,0,-0.6597982793327956,-1.0186797480497751,0.0
2020-03-31,1,1.2483071197372277,0.7230110679940603,0.7727272727272727
2020-04-30,1,1.1003558151550603,1.1677540059366098,1.0
2020-05-31,1,1.0271600714022877,1.0697507115735427,1.0
2020-06-30,1,1.0428586340789219,1.0327905180561483,1.0
2020-07-31,1,0.919022630521612,0.992653585438331,1.0
2020-08-31,0,-0.02699192882874824,0.5037565780458584,0.9523809523809523
2020-09-30,1,0.13511112682851295,-0.04272235933110833,0.3333333333333333
2020-10-31,0,-0.028819769435946715,-0.0014966723859201935,0.45454545454545453
2020-11-30,0,-0.47338139455571093,-0.1440407510657944,0.25
2020-12-31,0,-1.0838014039949235,-0.9539201927361991,0.0
2021-01-31,0,-1.01932931606914,-1.0768668364936884,0.0
2021-02-28,0,-1.0164296929881447,-1.0594961554465756,0.0
2021-03-31,0,-1.0339673472981148,-1.0245434867395218,0.0
2021-04-30,0,-1.0675578297014354,-1.0672549795806932,0.0
2021-05-31,0,-1.0492430773010728,-1.0411456288849288,0.0
2021-06-30,0,-1.0731730709882388,-1.0593750955319268,0.0
2021-07-31,0,-1.0614694469290311,-1.0675294459987295,0.0
2021-08-31,0,-1.0844359463979907,-1.0714776837269961,0.0
2021-09-30,0,-0.9904022870095397,-1.0476569141234977,0.0
2021-10-31,0,-1.0668687852585028,-1.0268043349093323,0.0
2021-11-30,0,-1.0008260734823933,-1.0712572071754662,0.0
2021-12-31,0,-1.031827828015072,-1.0038553674076545,0.0
2022-01-31,0,-0.38537393120676805,-0.8392974352330842,0.0
2022-02-28,1,0.5690193913744305,0.04896126767617263,0.5263157894736842
2022-03-31,1,1.0158126276853567,0.9748796208326374,1.0
2022-04-30,1,1.1066586627700525,1.045728799715477,1.0
2022-05-31,1,1.0801105599857692,1.1118794429070638,1.0
2022-06-30,1,1.1085400669110508,1.106474953527105,1.0
2022-07-31,1,1.0196350238888667,1.0653241922873764,1.0
2022-08-31,1,1.0609273920745497,0.9776442295434672,1.0
2022-09-30,1,1.111137740362833,1.075953938639971,1.0
2022-10-31,1,1.0361899583499,1.0742680079362594,1.0
2022-11-30,1,1.0007294970743663,1.032306782178405,1.0
2022-12-31,1,1.042103450996154,1.0341050538006307,1.0
2023-01-31,1,0.9426841234226128,1.0034798879217992,1.0
2023-02-28,1,0.7911498145750672,0.7748691457501258,1.0
2023-03-31,1,0.9938840687579615,0.9776653724399101,1.0
2023-04-30,1,0.7596888005582296,0.8716091125606974,1.0
2023-05-31,1,0.4510229492859058,0.6903016614236269,1.0
2023-06-30,0,-1.1544353979893527,-0.5664101452236862,0.23809523809523808
2023-07-31,0,-1.191704132172613,-1.1659952801299063,0.0
2023-08-31,0,-1.0728841483020843,-1.0541483559520017,0.0
2023-09-30,0,-0.5223806996250981,-0.9326829203350615,0.0
2023-10-31,1,1.1081631908792897,0.1875979930053198,0.5909090909090909
2023-11-30,0,-0.053217590109820835,0.7008397302632025,0.9523809523809523
2023-12-31,0,-1.1780568798461892,-0.9467967789407439,0.0
2024-01-31,0,-1.1190268326419468,-1.157371919823377,0.0
2024-02-29,0,-1.2026531343235825,-1.1807963391906129,0.0
2024-03-31,0,-1.2436871034767947,-1.207841843653029,0.0
2024-04-30,0,-1.0161136925868306,-1.0915805775150687,0.0
2024-05-31,0,-1.119854969784233,-1.1207279876250078,0.0
2024-06-30,0,-1.1958329041734876,-1.1822135805085592,0.0
2024-07-31,0,-1.093189064302515,-1.183747891355825,0.0
2024-08-31,0,-1.0858110399050518,-0.7690662871251419,0.0
2024-09-30,0,-1.1121543723975358,-1.036919253876423,0.0
2024-10-31,0,-1.0389443850946616,-1.1096513458943797,0.0
2024-11-30,0,-1.173821740486911,-1.1364708612035332,0.0
2024-12-31,0,-1.0001278715254347,-1.1111946785005191,0.0
2025-01-31,0,-1.0607332030099634,-1.0335126316520191,0.0
2025-02-28,0,-0.8952655484817755,-1.0364742170198114,0.0
2025-03-31,1,0.09506726544193908,-0.06717062564081151,0.38095238095238093
2025-04-30,1,1.0671590029986975,0.8958792736694476,1.0
2025-05-31,1,0.9978977359543774,1.0201317846818785,1.0
2025-06-30,1,0.5296690522684677,0.8077952147763485,1.0
2025-07-31,0,-0.8238580611699879,-0.13709239185123687,0.4090909090909091
2025-08-31,0,-1.0643049277713856,-1.0371380860011417,0.0
2025-09-30,0,-1.092966045804508,-1.083848830651881,0.0
2025-10-31,0,-1.0640553054444444,-1.0663030370330413,0.0
2025-11-30,0,-1.0437281424312184,-1.0304920366125214,0.0
2025-12-31,0,-1.0407170876980745,-1.046522436828628,0.0
2026-01-31,0,-1.039396447498305,-1.0511038142877303,0.0
2026-02-28,0,-1.0158169401256034,-1.022293068433413,0.0
2026-03-31,1,1.2512788137731032,-0.23416678265259838,0.3181818181818182
2026-04-30,0,-1.0555008210091303,0.4157047624562727,0.7142857142857143
2026-05-31,0,-1.3867447882325472,-1.3030964380830103,0.0
