as_of,available_at,sha256,spec_version,provenance
1963-12-31,1964-01-15T14:00:00Z,e2b03495ca0ad9745a968af17b6fa47bfb7f3b08d3ee9cafd45542963546f614,1.0,reconstructed
1964-01-31,1964-02-15T14:00:00Z,178fff9cac7153dd762ec264f7981dafb07bdb8d8dab9562962f7f7d64beb317,1.0,reconstructed
1964-02-29,1964-03-15T14:00:00Z,136e61629da95a276ce636bab3efe1b576597ffbbf40f58f64414ac9347a8ede,1.0,reconstructed
1964-03-31,1964-04-15T14:00:00Z,8181f084d3e06ca1daa00c88cb8f920983db6ad33ac3b6fcb9002f489683ef81,1.0,reconstructed
1964-04-30,1964-05-15T14:00:00Z,4d256476349039ad8bcd119f9bd7a1d4c3e8a55b7f95017281a493f5e3b5a1d8,1.0,reconstructed
1964-05-31,1964-06-15T14:00:00Z,75c0ab1a90b17d8cb91d86144e78bf321cdcc10571e52079c4ec041c4806ef02,1.0,reconstructed
1964-06-30,1964-07-15T14:00:00Z,e009e5b9d81c2916e1ed4299bb62dabb145cec708abb093c81ba26057206b2c6,1.0,reconstructed
1964-07-31,1964-08-15T14:00:00Z,6982fd772649295cffe470d01b5e78693e4f26089b48c4a8adcd0b41ac2e26f2,1.0,reconstructed
1964-08-31,1964-09-15T14:00:00Z,a4ade26b1e02771597fd38fdb91dfd4ccfece0527d8bb64b22cef865450c3d2d,1.0,reconstructed
1964-09-30,1964-10-15T14:00:00Z,946dc3c86255c338369c7d39b33b333736ad32c25ac3e5ac0c7f7d7cd38f52c8,1.0,reconstructed
1964-10-31,1964-11-15T14:00:00Z,63cb405c23795fa37928751755b6bdede1c457935f7b28a70f9059755cbbf621,1.0,reconstructed
1964-11-30,1964-12-15T14:00:00Z,732f7458aef1a16ea22a0dca3bc2a9b5be561ffdfde865d534e60046bfb1e4df,1.0,reconstructed
1964-12-31,1965-01-15T14:00:00Z,a9da2a6f2ad96342be87058f0d81d3cf6f30803a2b7b3202c62a37e33a587266,1.0,reconstructed
1965-01-31,1965-02-15T14:00:00Z,883f636e93adf14001daf01eb89e50fe894187b385641e053b31069686876abf,1.0,reconstructed
1965-02-28,1965-03-15T14:00:00Z,e32607aebbbb3701b3d70df06011dc7a74a99d24c477af42500cba9ac20cbf4f,1.0,reconstructed
1965-03-31,1965-04-15T14:00:00Z,1bbc563522dc605e2d59dd9f506a6d862d9ae756a90cf409048f8328f336d006,1.0,reconstructed
1965-04-30,1965-05-15T14:00:00Z,f2653e56ca9b89913fd179d7163f981ee20e474fed2fc7136c600f42e6d1f31f,1.0,reconstructed
1965-05-31,1965-06-15T14:00:00Z,15b5b5ddfb3b2a4bbee18e0435b917cdc16a17c617c3b595b10403533f7c5267,1.0,reconstructed
1965-06-30,1965-07-15T14:00:00Z,a56e08bf1349c1efbd2b170657a4dac4dee73c5bcb43697c7edf6302b33e30dc,1.0,reconstructed
1965-07-31,1965-08-15T14:00:00Z,594f717152884dd192c8a2707e020efae3582eab5cc6877799c0a72c30da7750,1.0,reconstructed
1965-08-31,1965-09-15T14:00:00Z,68a4e4a2f1bb1fc9a3b290cf6b88864969ad725f43fa95f903ebf0d76d808d31,1.0,reconstructed
1965-09-30,1965-10-15T14:00:00Z,490b7d87ff677153f0a495eba52b88b56ffafc03069335875b3fc6635b8be1a7,1.0,reconstructed
1965-10-31,1965-11-15T14:00:00Z,0585bdc61f04e64888141a14d09d03f53caa952e3bfaea609694b6f70fe5ff9c,1.0,reconstructed
1965-11-30,1965-12-15T14:00:00Z,282e04839d9c7249665073cd2ba54f7cf329f5aed5d92ef8520a6ebaf512e773,1.0,reconstructed
1965-12-31,1966-01-15T14:00:00Z,ca7ab453d3d97b65edbea3ac395e414dac4becb542d4dc83f7c411ef72842e24,1.0,reconstructed
1966-01-31,1966-02-15T14:00:00Z,da2b7f942b44a66a3ee849b5da6db6b50e030828605af874f2d11dec2c21f399,1.0,reconstructed
1966-02-28,1966-03-15T14:00:00Z,31037dc1e586225b0d515adcb5c46a799ad425e604e683a1092c5f1a28ae9126,1.0,reconstructed
1966-03-31,1966-04-15T14:00:00Z,496bb778e43f1af729fba60fefff095f2a915201ab37b7181d85712dbdf7bbc2,1.0,reconstructed
1966-04-30,1966-05-15T14:00:00Z,86098710eb13594bdcfb63d69345d6987e588e8bd9f9361f752c60f09f9232e7,1.0,reconstructed
1966-05-31,1966-06-15T14:00:00Z,dca0819d74090353eab1b2a214476267af1e92fca39e4876898ff533924ba70d,1.0,reconstructed
1966-06-30,1966-07-15T14:00:00Z,8a9319963765cbae27ec5ef9dc72b6381944d9f87c3c5071409e7fb0d7da6300,1.0,reconstructed
1966-07-31,1966-08-15T14:00:00Z,f4e065b4f615a565255a67d3db4a0ce7faed66e6df2cb9c8c4e91f6b89109269,1.0,reconstructed
1966-08-31,1966-09-15T14:00:00Z,f1e005fefbdda008d8e9ee5a5b92b1adcdceea4b94d90d7bf2016543503aca1a,1.0,reconstructed
1966-09-30,1966-10-15T14:00:00Z,c99847767ed76b84decbb8dfd048c52c0e3df09ba286c0ec4412415aa98ea8c7,1.0,reconstructed
1966-10-31,1966-11-15T14:00:00Z,41b2563073d6de54d0048feaa2ee7182a037fdb6c7c4415cdb184a42bde9cf4d,1.0,reconstructed
1966-11-30,1966-12-15T14:00:00Z,60895f4325c1693ce97c292f032104c78202c40d88c470a3e106c09f87ef4eb4,1.0,reconstructed
1966-12-31,1967-01-15T14:00:00Z,2ad595f06a5244dd9628ca2679a820ee7b69b5b25390a68aaede88d73ccfb266,1.0,reconstructed
1967-01-31,1967-02-15T14:00:00Z,cfdba5f9458f127fd7bde58e44d5850c0e5c831f59d3fe4fcdaed1f28e8fa151,1.0,reconstructed
1967-02-28,1967-03-15T14:00:00Z,62183aa386ae4d58f73495322bb3aa7d5de5fa620561a67257423f2430d94c88,1.0,reconstructed
1967-03-31,1967-04-15T14:00:00Z,3813bfa001272e14fe83ed89720532ae42e898f9351b12627a3c3d121f84498c,1.0,reconstructed
1967-04-30,1967-05-15T14:00:00Z,4b548fce8e954df3e2ec8fe0ebb9535f086854ca8cffdc9ef099449d94d283d5,1.0,reconstructed
1967-05-31,1967-06-15T14:00:00Z,18646e039f0d9a6ec3332e0f22dd3b13f8dff11a51d99782c46e34b2a4a991f2,1.0,reconstructed
1967-06-30,1967-07-15T14:00:00Z,c8fbe3f3fd7d666f57dc89294208c87bd82223cba1c1d80ad2d0467c2a759d9e,1.0,reconstructed
1967-07-31,1967-08-15T14:00:00Z,603cbcad335b78a62a83a543822209c0cb26be5ddc4f4581230145a6b8137188,1.0,reconstructed
1967-08-31,1967-09-15T14:00:00Z,48168203b0ebf8a9c3c257eb48b91ef3fd5025c7b1c5721cbdca4eff5062e30c,1.0,reconstructed
1967-09-30,1967-10-15T14:00:00Z,6af19fe515e08659dd68fca7f70cad8ea7c6f682b28cf8fbc5b28f2a1084e4ce,1.0,reconstructed
1967-10-31,1967-11-15T14:00:00Z,3eaf5d8fd5c0e701467e40e0e1a10be913563bc64df0874b31f95c2fcfd91050,1.0,reconstructed
1967-11-30,1967-12-15T14:00:00Z,4d139062592b7d59de9fe3b6beca58f42dfb22a0431c5d052e5dbef9a798f13d,1.0,reconstructed
1967-12-31,1968-01-15T14:00:00Z,540c41ed0f685ab526e413f9d1a28d39474c44342c3f226974894730a2182241,1.0,reconstructed
1968-01-31,1968-02-15T14:00:00Z,a961d30634345af420c116a08c3c344ca7ac69f215161e521d037d83981a1b36,1.0,reconstructed
1968-02-29,1968-03-15T14:00:00Z,841cb695d58ec76360a9d8a92d8ddaddc5586209425987f345d8c57f6a6f7249,1.0,reconstructed
1968-03-31,1968-04-15T14:00:00Z,541964adbad0a90744fbe8ce47873c109d53438a1f5af3deaadee94bb2497b1b,1.0,reconstructed
1968-04-30,1968-05-15T14:00:00Z,1642deeb29feaba78ca0f4a6cd3d6d125b23c9921ed4e545ac86f578b90ebd99,1.0,reconstructed
1968-05-31,1968-06-15T14:00:00Z,08cd5e8e7836310331fd3a146b223aecf1f7c443f11ed917456baf14d3e1016f,1.0,reconstructed
1968-06-30,1968-07-15T14:00:00Z,648aa09bbbba9c3b2be6ac5a7a394aa10e6f478671f842c3b194ecd93a73bdba,1.0,reconstructed
1968-07-31,1968-08-15T14:00:00Z,64bb8f4a0d9455f8948a912e63a8e5d522189b250a8a2fcc6190cec358b4e8f9,1.0,reconstructed
1968-08-31,1968-09-15T14:00:00Z,822fbe796d835f3b33e7a5801e871d25dcd4ca7a7758a3baf289a7a3abc4715f,1.0,reconstructed
1968-09-30,1968-10-15T14:00:00Z,e85a3c7c4d9554619e27cb626518af68522d04e66a2887f5eac9c7aa4017cba8,1.0,reconstructed
1968-10-31,1968-11-15T14:00:00Z,cdf655ecf9b560f3d59ac2ec307fba94a96519bd6179110bc2089ac4781ea7ee,1.0,reconstructed
1968-11-30,1968-12-15T14:00:00Z,00e248c4617ff14232afa4b3c376434c075a257ace434f458e0f8b6a38162857,1.0,reconstructed
1968-12-31,1969-01-15T14:00:00Z,e1bc16f9f583e1119b65a5550e246ae14059b9bd6734fdfaba31b0a2f9c620af,1.0,reconstructed
1969-01-31,1969-02-15T14:00:00Z,3c288bfc4ebf37fab729c56102f492a5509b5b7e15fd524ffed780a12b465f68,1.0,reconstructed
1969-02-28,1969-03-15T14:00:00Z,a94ba60987aee9ac9a754225ff834a92828b1f93d2c9814bec763f1163bdcb7e,1.0,reconstructed
1969-03-31,1969-04-15T14:00:00Z,f91402d91e7400ff500095689b274cb8bdbebaef936eeb81295c3d65526eb805,1.0,reconstructed
1969-04-30,1969-05-15T14:00:00Z,9e05e29904a4a12db393898333c1baa9b32c26ee3297d43c481e4c22913acc8a,1.0,reconstructed
1969-05-31,1969-06-15T14:00:00Z,2ba0d148a20cbf9743dc98944702b420a40b795295b797da57284794d7061db5,1.0,reconstructed
1969-06-30,1969-07-15T14:00:00Z,dfb160591e71b543e515d504f68d4c41be5b54d776f8f084325aab8642934cb9,1.0,reconstructed
1969-07-31,1969-08-15T14:00:00Z,b8b30b523dc2e5e589d1c80fd6a0992c81c79926a8d2c7fa6c5c9b4e8bd5aeef,1.0,reconstructed
1969-08-31,1969-09-15T14:00:00Z,f4d89ba8f0eb1540abbcf63e514a6c72351e0c0a625248582d0904ded56fbcfc,1.0,reconstructed
1969-09-30,1969-10-15T14:00:00Z,c8ab9687e4f5d0ff8cef35ea7ce16639bfc35770b464f19dc78461958179e7db,1.0,reconstructed
1969-10-31,1969-11-15T14:00:00Z,855d8393fdf789fbd2ec1fb942129053042fb8432699ead0d00c4b185fa9a384,1.0,reconstructed
1969-11-30,1969-12-15T14:00:00Z,f4a6f963ef2384f4de267b724df83d2672b34caccbcde7efedf60135afd240e1,1.0,reconstructed
1969-12-31,1970-01-15T14:00:00Z,cb70021580e45ec495f5a8225d2771a34b130dc3dcfc076ac1438d70b873e7f2,1.0,reconstructed
1970-01-31,1970-02-15T14:00:00Z,089414c856cac34e2018b4b2d2c1c435bd1599697d21a6027db042eb6295e380,1.0,reconstructed
1970-02-28,1970-03-15T14:00:00Z,9387f75ea0cd9ca9f91a85c3a0532de2d91bbda4f4c930e2166d66eae02dc4bc,1.0,reconstructed
1970-03-31,1970-04-15T14:00:00Z,44e45254acaa4ad08ccd462ef010a63eeba13b0c328324703fa57d42786795d3,1.0,reconstructed
1970-04-30,1970-05-15T14:00:00Z,bc81fa514c76315afd598bc214b6f1ab32c835f184092fbbd843162e0fc9fc7e,1.0,reconstructed
1970-05-31,1970-06-15T14:00:00Z,e588406c31a524e0e15c101f473dfdf593d4d7efc2f2092830c2b9679299d51d,1.0,reconstructed
1970-06-30,1970-07-15T14:00:00Z,e59365a8c68477f3f88b731223c053ec88b3c3e7105f7ca432c25115d2605f91,1.0,reconstructed
1970-07-31,1970-08-15T14:00:00Z,d3aec3808e9412d641f8ef2f4f03c8fdf47d60588d28037558b4086450c3c31b,1.0,reconstructed
1970-08-31,1970-09-15T14:00:00Z,db0fafa0be9551ecc12bfa03882a19183da93ce20fe300da85560cbeafd421f7,1.0,reconstructed
1970-09-30,1970-10-15T14:00:00Z,4d517647d7d4066a7b27ff93b761f7ab51bae35b068574a882e64c10fcf8e83c,1.0,reconstructed
1970-10-31,1970-11-15T14:00:00Z,b8e7db65c9ad791a3c6205ac5611de3bfc4e67633e5b28084ceebc106e46c53c,1.0,reconstructed
1970-11-30,1970-12-15T14:00:00Z,27af975158b6b47605b95fb4e9c1ef69dec5d822a394d3b02fa6b41c70daccbd,1.0,reconstructed
1970-12-31,1971-01-15T14:00:00Z,f78126af395008ea1f8cd47b0a13cfead610ade62c07579590833ea6dbeb10fc,1.0,reconstructed
1971-01-31,1971-02-15T14:00:00Z,6846836fb77e85dcf83df1d1a128905cf05b3378c25ebd2ef9e6062141dcb8c0,1.0,reconstructed
1971-02-28,1971-03-15T14:00:00Z,f252e3ba864a95b74c1405d8ded1af2833b186cc7f82aa9001d9b72aa8362531,1.0,reconstructed
1971-03-31,1971-04-15T14:00:00Z,e000a7ea7c4aa8d2ef7554522f3712cdc70c34e214962648fb033019a25bae63,1.0,reconstructed
1971-04-30,1971-05-15T14:00:00Z,2208328f546a203a79679151f47dacb121a2fd61dc0fc10fac5dd29ffc517518,1.0,reconstructed
1971-05-31,1971-06-15T14:00:00Z,14fec1d6ce8fd79b616409776c1b9667abecb6fc36e4840c79b236e7a8b4590f,1.0,reconstructed
1971-06-30,1971-07-15T14:00:00Z,937ba10dfb879397d94c841f543aa874fd600ffb5126b29c31ff78e47bd88a5c,1.0,reconstructed
1971-07-31,1971-08-15T14:00:00Z,0142732a027872401c2cfee2a119e5baaaf2de3b73230b7f8c0cad8a7d9af6ec,1.0,reconstructed
1971-08-31,1971-09-15T14:00:00Z,abfba51d85d929ece3ecc2070fdaac6a324598ef45e5511f1af51782b61fdb06,1.0,reconstructed
1971-09-30,1971-10-15T14:00:00Z,2cb14f557f045841d7d04b7279b7544c380ff7f61c005f3f4aa311589cb62687,1.0,reconstructed
1971-10-31,1971-11-15T14:00:00Z,de115f3e730b5ba69788d645547108718c20d6097f134832df562a320503aa0e,1.0,reconstructed
1971-11-30,1971-12-15T14:00:00Z,715cad84727ffe8d5a6a39ec67e6167ed7f3dbe25bbf072eab097e6f194443ae,1.0,reconstructed
1971-12-31,1972-01-15T14:00:00Z,77b3fff8ff07ea65a2b7a3e80af958f94d359746c14270ffc754e786fc5d6577,1.0,reconstructed
1972-01-31,1972-02-15T14:00:00Z,0055e244c600a17a32b7f7f51b4d3fae94bd6ff89cea8d1f0ab9d9caf19039eb,1.0,reconstructed
1972-02-29,1972-03-15T14:00:00Z,683df9c76cb8766009f77df7982787b7ee8c1b42ef7f7bc215ebfe528a143806,1.0,reconstructed
1972-03-31,1972-04-15T14:00:00Z,b065b0def94866b5fd3faec2ffbf66afae78e337d80f838004f98d89066f11de,1.0,reconstructed
1972-04-30,1972-05-15T14:00:00Z,bc3ee4c47922687d656726cf9885639e81f2ff17e47cc2ee3c6584e0dfd78e77,1.0,reconstructed
1972-05-31,1972-06-15T14:00:00Z,45622a8ac91186ce0470c907784c43c63cc7fd9a7ba51780afa8e020dd97bad5,1.0,reconstructed
1972-06-30,1972-07-15T14:00:00Z,1f289024d88907532d65f8302ef47d4418c8f51d509766cb2f65a6f1f0db262c,1.0,reconstructed
1972-07-31,1972-08-15T14:00:00Z,6e460c4182e16715f1f27fd857d3fe6c275ae2ae14e916a5d27a7443c2c45a64,1.0,reconstructed
1972-08-31,1972-09-15T14:00:00Z,9141d396db8adbf62f81eba03b3110e133f3f9b3edb8461af10feb86d1dced78,1.0,reconstructed
1972-09-30,1972-10-15T14:00:00Z,1274c4301179fd037182fe5e813b6c4221539941718860d5d6e4926fbf15172b,1.0,reconstructed
1972-10-31,1972-11-15T14:00:00Z,456d590095d4c3cc7878ef37f22c19afa094e2039630a57bb61a3c74bad35041,1.0,reconstructed
1972-11-30,1972-12-15T14:00:00Z,1ec9d539bcc4585e867d12d897f63429e34376790ff55629092b1c9b55ae9c8e,1.0,reconstructed
1972-12-31,1973-01-15T14:00:00Z,5bfd8c40c572fb66b57d228c54d405f5925e69afedc724c3d20ef3d1e00cabde,1.0,reconstructed
1973-01-31,1973-02-15T14:00:00Z,2a5dd7a5d83b6573c0143c24a0a036a788d53014f9231aeb2ddaa14da122d08e,1.0,reconstructed
1973-02-28,1973-03-15T14:00:00Z,43be62dad54f23bb94b1f54a8aa2ee15cf6e755ac416022c4ddd9b5293bace16,1.0,reconstructed
1973-03-31,1973-04-15T14:00:00Z,470d07ebc1f89ceb0aae3a9dd06a2f1adb830b06dcd965be3c12cecff339114d,1.0,reconstructed
1973-04-30,1973-05-15T14:00:00Z,4878695bd5c755cd51f9bd49803f7d96a10cd778a3f8266cb192f9128fb90fe1,1.0,reconstructed
1973-05-31,1973-06-15T14:00:00Z,8c222a627e2b3967efe595cd5e9dee4238495b06abc6775f7ca9f75cf2cbf1a9,1.0,reconstructed
1973-06-30,1973-07-15T14:00:00Z,43ddcb31e64e44338f840e37f2ce2aefc1782980cb63f715e839f254f6d0934d,1.0,reconstructed
1973-07-31,1973-08-15T14:00:00Z,74918ab056e3dcf0d86276e0e9452758a3f4a486e49e6b1bb75e9bb87c04633e,1.0,reconstructed
1973-08-31,1973-09-15T14:00:00Z,e86fe416c3fc32d2634f4b344dd2ba823e13e5a5508bdbc8b8c74ff0bdb88d05,1.0,reconstructed
1973-09-30,1973-10-15T14:00:00Z,a9abb220a7827f75410c7194a2bd04a4f060a2c62ae8eb93e585d6bc43c3d615,1.0,reconstructed
1973-10-31,1973-11-15T14:00:00Z,ae8d0a45c4bf1e037381a130473715bec3da791d357895a82445cfa6d46d890b,1.0,reconstructed
1973-11-30,1973-12-15T14:00:00Z,c517fb62f46d3767567f851894801c70d8f8ed3d9bcaf515d2e5e275f7b9ea51,1.0,reconstructed
1973-12-31,1974-01-15T14:00:00Z,456cac397679eb5ae6c5f6e6267ee416b5f8e87b63c0f9b68d65a082cad349a1,1.0,reconstructed
1974-01-31,1974-02-15T14:00:00Z,e7f9cc7d0834c1883164c0168fe00adfa7cb062e0d9087975e1490047d598a58,1.0,reconstructed
1974-02-28,1974-03-15T14:00:00Z,c959d7cc0feb854a07969161e177713a918866ea5bdb0c041572bdfaa55e5f47,1.0,reconstructed
1974-03-31,1974-04-15T14:00:00Z,6cbe0b175610ce5386779cc495d5e23e9376ba978ea0f4a428fa2590af80337f,1.0,reconstructed
1974-04-30,1974-05-15T14:00:00Z,2f5e9177159daf320c93485b0f17170db5f74c72988574e0eea4493e92e16146,1.0,reconstructed
1974-05-31,1974-06-15T14:00:00Z,35282e567b366e912da7503fa9d2aefa3697e4d2ceb492131908dbb1cee4a652,1.0,reconstructed
1974-06-30,1974-07-15T14:00:00Z,f0d0d2aaf61fcd647b30cbb536e015f2181d361ff0e6a9a4f73879472f25e551,1.0,reconstructed
1974-07-31,1974-08-15T14:00:00Z,f0f85c76d02e2f61536296da1916bcaabd4f3e47973c10c6b7e0fe83f7453f49,1.0,reconstructed
1974-08-31,1974-09-15T14:00:00Z,ae080d5ea94a1448d9a3d03467bd906cdbc61c1a6c97c90a6ebeb6592dbced5d,1.0,reconstructed
1974-09-30,1974-10-15T14:00:00Z,14cc8f66fdc459b23f3aee53045ba5156cd68ca59cafa9a6096f1ae428ba6e7f,1.0,reconstructed
1974-10-31,1974-11-15T14:00:00Z,ff70423489e3dfd258273a30e92a4f62978c3fea9c439fd1e1c511cfb595eb5c,1.0,reconstructed
1974-11-30,1974-12-15T14:00:00Z,98cfb3daf653c0e29a18a8e6d57446dae2a75ef952a04deb529613b321c86104,1.0,reconstructed
1974-12-31,1975-01-15T14:00:00Z,6c1ec32da392dc5b166a8b44f364e05c3a85a7e8f99b5935d9c8bb04475b9a29,1.0,reconstructed
1975-01-31,1975-02-15T14:00:00Z,1644e1202ea1dc51f8fdf2234cd971dc05e32b630b6c209aaf6fb02db3188af5,1.0,reconstructed
1975-02-28,1975-03-15T14:00:00Z,3f1711caa7bf3675799885b6e5c0e24a7a225a0ae5890098cfd02bfa3c8899a4,1.0,reconstructed
1975-03-31,1975-04-15T14:00:00Z,4f0a5610afe4c903b41f9187b8a56d5d17b985339035e8ae8ca05547b11c96c1,1.0,reconstructed
1975-04-30,1975-05-15T14:00:00Z,ee9119dc25ef5fafcb5855820e3396f2fea928e02fafa5f29d481e5c2f43ebf1,1.0,reconstructed
1975-05-31,1975-06-15T14:00:00Z,c290c471d22bbc37c0ed2659d196bd8d887a8b22996f2da05b204a76ae008bff,1.0,reconstructed
1975-06-30,1975-07-15T14:00:00Z,d0e32f90ce63f26d5ad38c1c3c27d69c30adfc705da6efddea8b569bc0ade844,1.0,reconstructed
1975-07-31,1975-08-15T14:00:00Z,a241a5126856fbc139d49d48499957e3623f4a40665b1d39e185365894697100,1.0,reconstructed
1975-08-31,1975-09-15T14:00:00Z,2bfb8047016b118ab163571282be8ac3e901f46c202d324a790eacbd3139b10f,1.0,reconstructed
1975-09-30,1975-10-15T14:00:00Z,3c484aa00c22599e0a82610c96e823bf8f99f3bd3463600b76c4946521cfe654,1.0,reconstructed
1975-10-31,1975-11-15T14:00:00Z,86d8d1bea6b9515f39f852b3f68e71a5071a9462bfab8b1a1ab2c34231a89d44,1.0,reconstructed
1975-11-30,1975-12-15T14:00:00Z,3942ef38f475c825ab6ef0d685df4ce0f3329d5dbe6310babfe94e9769471202,1.0,reconstructed
1975-12-31,1976-01-15T14:00:00Z,fda66d4f4551c33716fcb24bb46b68ffd1d93bdf8b9215c0bb387db1d54e7de8,1.0,reconstructed
1976-01-31,1976-02-15T14:00:00Z,9fed8d6f01af096729a830a53526a2eb27f97fd9c53b15aabc85b2e9c2a39f0e,1.0,reconstructed
1976-02-29,1976-03-15T14:00:00Z,dc71c5094f345310ad574ada220f599bb87edbdc13f8958c8070d96797ff4781,1.0,reconstructed
1976-03-31,1976-04-15T14:00:00Z,f33b760ce6d508a0d8ea545d69259187cd70b91720cb0042f1d75149fa99d301,1.0,reconstructed
1976-04-30,1976-05-15T14:00:00Z,7b818f14d63acc0938e192f6705fd54da007ab98db60b84cd1cfbfce1dcff2d9,1.0,reconstructed
1976-05-31,1976-06-15T14:00:00Z,74be54937298debabe62bad3aafdf4daf2034619926db798e263bfa9085d6aa3,1.0,reconstructed
1976-06-30,1976-07-15T14:00:00Z,8d5ef1c94d77d43ed0555ed3526df8b91bd5ef2a1c80f5550372e6b23a774e2a,1.0,reconstructed
1976-07-31,1976-08-15T14:00:00Z,67663ab1242b17ace7df85b58d954cda3827baa93614a13592a0cbd5e8b8061c,1.0,reconstructed
1976-08-31,1976-09-15T14:00:00Z,53fb9648060ed19694c8d3ecde2c5334901d145e07653a6bb346d6ed0394ba7f,1.0,reconstructed
1976-09-30,1976-10-15T14:00:00Z,40e7a698b569465b5b6baf3725d0917f7c3a793b39cd999d917268293b4e8dee,1.0,reconstructed
1976-10-31,1976-11-15T14:00:00Z,7737a242bc1cf42d6f1413c469e6fbf7cc17fe08abe7011ff88e1fe6fbdf0449,1.0,reconstructed
1976-11-30,1976-12-15T14:00:00Z,f80e442009539ffbb15f93ab0eed4db5f0f1168ccbdcca371a041d587d6fa8aa,1.0,reconstructed
1976-12-31,1977-01-15T14:00:00Z,fa79f424b7ec18ae2cefc1171f4c2c105cd08054eb4bf1228d88d7d82f4707ec,1.0,reconstructed
1977-01-31,1977-02-15T14:00:00Z,c304a0c0f526f92ad64d27398bb672588727ea6a7a6f8e7e8554df6d856cdb9d,1.0,reconstructed
1977-02-28,1977-03-15T14:00:00Z,ba4b79007f06a000788979e13afeb400d48c73b627197406b18a8b51688338f3,1.0,reconstructed
1977-03-31,1977-04-15T14:00:00Z,d733800e54359d62f04eb6213f185d76e1fe40ad508aaee62fe7b35eb9d1b906,1.0,reconstructed
1977-04-30,1977-05-15T14:00:00Z,7d3a70c1e8e9748390bd952553a960734c446bff12baf71de712b67b6ac2c3df,1.0,reconstructed
1977-05-31,1977-06-15T14:00:00Z,9b657f36e42d0cd0e48b1acfba0afad0ea7f2d8c31ac628a21f373f6d6e0b0b0,1.0,reconstructed
1977-06-30,1977-07-15T14:00:00Z,bc15d5c1d79a19f8dfde37c1280adbaf10ebae9524a738ed2112a62010aea4bd,1.0,reconstructed
1977-07-31,1977-08-15T14:00:00Z,8da52ee182a89e040ba7868b74254253765f7d8fff6a4a22cd65a47cc90e6b94,1.0,reconstructed
1977-08-31,1977-09-15T14:00:00Z,a7e0d570273a35c8624c7a9cb43c7a780240894c16f80ec473d6b89e603252a4,1.0,reconstructed
1977-09-30,1977-10-15T14:00:00Z,8d7e91c2ccbcc332431fdce687708a855680cd88a71183df8fef58392edc1e8d,1.0,reconstructed
1977-10-31,1977-11-15T14:00:00Z,e9b7353c1a72d7110a20488d97792d3fb6f598dfae19fa9f0f6cbb71b1af214e,1.0,reconstructed
1977-11-30,1977-12-15T14:00:00Z,412cc05419b32b20a0aa88100a72d16c8b6306f3dc120619e79627b627a1a865,1.0,reconstructed
1977-12-31,1978-01-15T14:00:00Z,f7bb46696f001726d79ea6ab7f8f09adc9deccbf58c00ad01a63a361bcdc61a4,1.0,reconstructed
1978-01-31,1978-02-15T14:00:00Z,5e61f6762ac9653a4cda4be10f0c2c2c727a72ae594976563003d19e855cd081,1.0,reconstructed
1978-02-28,1978-03-15T14:00:00Z,3954b7955be15f7ba24c81b609a22a96aa2f8ab9d134a227f0c61700fb43b1ad,1.0,reconstructed
1978-03-31,1978-04-15T14:00:00Z,150a80c4903652a583ab9a9203ea34997d46cd0cd575bb3a25b73a3ab3f604ee,1.0,reconstructed
1978-04-30,1978-05-15T14:00:00Z,a81617b5e2b5a5fc8012171a17fb33ac6ebdcaf910744a310483a214abbe4c01,1.0,reconstructed
1978-05-31,1978-06-15T14:00:00Z,8fda6123afc639eeb83cacf18546bb0615514f25db3fc606e9ef02cd31744d28,1.0,reconstructed
1978-06-30,1978-07-15T14:00:00Z,3de402acc4e47bfe416436a0f022f65bf34207388d900e60bae7c81de0b9df4c,1.0,reconstructed
1978-07-31,1978-08-15T14:00:00Z,836f03c64cf569dd812e0bbe504f7b8a3bf4bc950be6b948e7581c930459484a,1.0,reconstructed
1978-08-31,1978-09-15T14:00:00Z,35ee103c63c8aa0c23f65419707d465a0df0fa91c1ba2634e96c9c3e80fdbd15,1.0,reconstructed
1978-09-30,1978-10-15T14:00:00Z,98de49a490c59c5cb2215d82cf7f91144dcb54f41a09772205887a17975c32c7,1.0,reconstructed
1978-10-31,1978-11-15T14:00:00Z,81ec5ce738697aeb455428a0a47c2d4e5b8113496a361c025df0bd532e4f6aa1,1.0,reconstructed
1978-11-30,1978-12-15T14:00:00Z,5ffd01127072c00af6b2bd617dc985fe661e2031a8f3e99ea6a377a999509451,1.0,reconstructed
1978-12-31,1979-01-15T14:00:00Z,e3fd64a35489ecfb725becb374221052fe5a810ceffe0301e6b62fd3b594c863,1.0,reconstructed
1979-01-31,1979-02-15T14:00:00Z,ab9b68848da9ec8e1e14cb196cb10dfb13789c7135c49fb5e0c883eaaa980be5,1.0,reconstructed
1979-02-28,1979-03-15T14:00:00Z,c718c986246295be1f6aab7fe045fc3e29c6b9cda591fa2ec941f391809351df,1.0,reconstructed
1979-03-31,1979-04-15T14:00:00Z,db018cebb9e84c053d8dbcbfe2ed44a3e7ea243cbfc70fd303c67af6bd9b84e1,1.0,reconstructed
1979-04-30,1979-05-15T14:00:00Z,730b96353369ca4d2f0147c6133d4c209f1fe269edc64c39e51eb6da4c277a79,1.0,reconstructed
1979-05-31,1979-06-15T14:00:00Z,987b2dce547adf523cf2233909afabaad4182a971e4d3990b9b59efb8c9568b4,1.0,reconstructed
1979-06-30,1979-07-15T14:00:00Z,96197660263b677fb870b9f82ea4afaadce0ad7ecad3dbb30107242f60a13126,1.0,reconstructed
1979-07-31,1979-08-15T14:00:00Z,ffbdb4e9a1e293f6f7e61534f1f19994baa4a5528fdb1a28c37484c235f0bab9,1.0,reconstructed
1979-08-31,1979-09-15T14:00:00Z,bef01cba46778573a6cb6aa187bc31b5c7df4bddf8eb3fbd7caf345eb6c8517c,1.0,reconstructed
1979-09-30,1979-10-15T14:00:00Z,e3466cd062d09b95b1520e257105f2ef93110b3202549fba7a21db90dda40705,1.0,reconstructed
1979-10-31,1979-11-15T14:00:00Z,46b60828791c1a2beecc74516043af162ba4e1fb92f5e977c9c76f57499f8158,1.0,reconstructed
1979-11-30,1979-12-15T14:00:00Z,55978b38616637fa5bc7f05b04f40306f01a1f9a3a1f42b927fd02976334bb7a,1.0,reconstructed
1979-12-31,1980-01-15T14:00:00Z,b58e83e4a56d9596dc00ad9d94531dc8e1bee5438a4f82272577cdfaca44d1a8,1.0,reconstructed
1980-01-31,1980-02-15T14:00:00Z,a5be19ec487ac7d09c0fbd69cbea0123b7a72e3930ad70e4dae665e381305b93,1.0,reconstructed
1980-02-29,1980-03-15T14:00:00Z,7bf247848c2397b615a7983bc788236175f3f18c66205e322a0917174f3a6428,1.0,reconstructed
1980-03-31,1980-04-15T14:00:00Z,3080fe0eaa25b2addb8a9cf812ce1bfb3f541bd2bbd8f244388623c9b6af78de,1.0,reconstructed
1980-04-30,1980-05-15T14:00:00Z,015dd263810d7672b548eee4b79970a2868695ae8bcc85bb08529828373c75fa,1.0,reconstructed
1980-05-31,1980-06-15T14:00:00Z,bd63f77795ae007a36a68e1389918a68da784af13644158d73fa5c2957705941,1.0,reconstructed
1980-06-30,1980-07-15T14:00:00Z,3d664b65c32871ad1bf79b67fac6b9191915d791303010d0c596a58f167d0adb,1.0,reconstructed
1980-07-31,1980-08-15T14:00:00Z,a058c67c29d159d64cd9d2a1a277e738b16c38765d5f459e04679ef309e29a2c,1.0,reconstructed
1980-08-31,1980-09-15T14:00:00Z,dd90f5ffd16c14d3c43bf13ae618705875f064fd4a9c314345f97281631df43c,1.0,reconstructed
1980-09-30,1980-10-15T14:00:00Z,f6cf9f4ab3392335323de8f972a5e81fc55ca6ba66f3cb2d84da215467d0c19f,1.0,reconstructed
1980-10-31,1980-11-15T14:00:00Z,73311f2a594c034e577e325c72e901058af48a1e5cd91619e720888292ad7f3a,1.0,reconstructed
1980-11-30,1980-12-15T14:00:00Z,de70450941edef0d47deef55286799bc5f963b1a2096c0ea6914f1faf2bc2fe8,1.0,reconstructed
1980-12-31,1981-01-15T14:00:00Z,415157f1f3089780ac44da6a0fe7da8bc71ab880eee56044cecf6f54feb98d57,1.0,reconstructed
1981-01-31,1981-02-15T14:00:00Z,ff90d518542e6ada2109bbae174908b4119402e492e9ab904994d1d03302decf,1.0,reconstructed
1981-02-28,1981-03-15T14:00:00Z,8e449aacb4cdd8526f483f1cccab24e0b16f99b7eda7ddb6abfb01e2b3a17df0,1.0,reconstructed
1981-03-31,1981-04-15T14:00:00Z,58fcafb650bf29041dca866c0f9687ebb4561d014ff87672fd2803093f2855b8,1.0,reconstructed
1981-04-30,1981-05-15T14:00:00Z,8c6f69b26f8688e123b224477a3b6ea0c259eb129787311d014648abffed3824,1.0,reconstructed
1981-05-31,1981-06-15T14:00:00Z,23fdf34ec95edcf08a356a8604a4502435f59f6a75e82132cf434370572eaaf5,1.0,reconstructed
1981-06-30,1981-07-15T14:00:00Z,f483b6adbebd587de7b6246188127ffb699cc5b710716984feebc1b506514345,1.0,reconstructed
1981-07-31,1981-08-15T14:00:00Z,8f52a5d6eeeb8c44123a2677fa12d24ea1dd196de6ed26af3510cfa12d5c03db,1.0,reconstructed
1981-08-31,1981-09-15T14:00:00Z,da9de0c104978ac0d80a3da33ee08412f9009c2081a8cf418ea48daad2a414a6,1.0,reconstructed
1981-09-30,1981-10-15T14:00:00Z,8c07d00d7945bccc7d804837165bd3d23d6f088e7972ee573a0454e397966ca9,1.0,reconstructed
1981-10-31,1981-11-15T14:00:00Z,765da3c31a114fb8523dcf29bed679d4cc2059883e3ed0a8d4a32f91e6579d25,1.0,reconstructed
1981-11-30,1981-12-15T14:00:00Z,f7503d4e02eaebed3eaa285b2dfb667b394e8bb3bdfbd57f4a34dec0d0e63373,1.0,reconstructed
1981-12-31,1982-01-15T14:00:00Z,d2d482993a19849874495e83a595762e9f2b045db22fa22c65864c9bc113529b,1.0,reconstructed
1982-01-31,1982-02-15T14:00:00Z,3d8ae2bd5464589fc7739bfe04bc58f3bc3c37a81a92c0850b5c8da74e1806aa,1.0,reconstructed
1982-02-28,1982-03-15T14:00:00Z,a14fee6fcfaac50146a141ff3e7de974ffe06469c13af77f735f96a0eb9f35be,1.0,reconstructed
1982-03-31,1982-04-15T14:00:00Z,1fec7773e8b1ff39abb17f8c04b98c55169e12018d6210a3fee83f7d6c7e620b,1.0,reconstructed
1982-04-30,1982-05-15T14:00:00Z,c0fe02905bd0e3867af992979c41ea770ec79cf886341e0ccd0ba7efb245519d,1.0,reconstructed
1982-05-31,1982-06-15T14:00:00Z,c43f87f0023db22c2f362e6d58e7f226a6ec17b8b1bce65e26f0c32876a5c189,1.0,reconstructed
1982-06-30,1982-07-15T14:00:00Z,16af115ab2ae246f450a35c6f476283f1937f99d16e343413b61b80e10421f44,1.0,reconstructed
1982-07-31,1982-08-15T14:00:00Z,173f96bcfb5c56d7729ec0dc8d212774c1bd744176bd09a76fd73601de821eb9,1.0,reconstructed
1982-08-31,1982-09-15T14:00:00Z,88a92f38680d240aa0194c94393b17c414243fe8961e649f08dbcef719aebdb7,1.0,reconstructed
1982-09-30,1982-10-15T14:00:00Z,a8453400fef980c0c1907be1fa6a3d66ba25ce83caf3f80f92ae5812c425fd67,1.0,reconstructed
1982-10-31,1982-11-15T14:00:00Z,d07a5d5bfe51918651360a6ff1454d9b1cc9d571feaaf1ed58ec20d6fda42ded,1.0,reconstructed
1982-11-30,1982-12-15T14:00:00Z,684385c73a19026caefb6851ca432d66b6e362e3bc56ad543561a29985dfe0c3,1.0,reconstructed
1982-12-31,1983-01-15T14:00:00Z,8f162e515b87a455d69efe31f757c852781aadede35a0ba317d5ced9e8907893,1.0,reconstructed
1983-01-31,1983-02-15T14:00:00Z,8028acd0ffffb23bff3bcb7b079205ee755db597e52319bd4e80ec1844633f17,1.0,reconstructed
1983-02-28,1983-03-15T14:00:00Z,9631ea1029d309826000ee10a46589742f8f0bfc2c4167c66ef0709e6ad47c4d,1.0,reconstructed
1983-03-31,1983-04-15T14:00:00Z,cfc4e9c8f2719517cb51d6f068e917fabea61b64dbb72aacf031611b0c1f1366,1.0,reconstructed
1983-04-30,1983-05-15T14:00:00Z,e257578b04d3d6d082e4463815be4e002de1e34cfa5a3cd07a389b6fb538fd02,1.0,reconstructed
1983-05-31,1983-06-15T14:00:00Z,8bd406fe4c9e2fc86f5d41aa7512ec0b8e725d84472f434c613f223aecefffee,1.0,reconstructed
1983-06-30,1983-07-15T14:00:00Z,4673fe09a26fb7b18a51145c64b5651a2cc5de4184152ed72fe7dcd3d30585a5,1.0,reconstructed
1983-07-31,1983-08-15T14:00:00Z,762bc1455f640ffb018ed4d7b6e846b0725fd0255acce8dd248f954dac41abed,1.0,reconstructed
1983-08-31,1983-09-15T14:00:00Z,fcc6e68cd5e894df242f9e85e5e8d2ffcf8adeb3da46e42f981dc66c5ce0eecd,1.0,reconstructed
1983-09-30,1983-10-15T14:00:00Z,4b8fb52a57f38d72689e4e81d096a70cae146aed819adc7fe00c1f4c3d066f8c,1.0,reconstructed
1983-10-31,1983-11-15T14:00:00Z,45dcf0a389632863c35d34c4dea42794e3271aed6338bbfe910745ecbce9bd32,1.0,reconstructed
1983-11-30,1983-12-15T14:00:00Z,6aec1815a29f8bb0f13954c9a7c503fa19664a272b147db81797b63a7898c56b,1.0,reconstructed
1983-12-31,1984-01-15T14:00:00Z,60f084ed7be9e555d0b3651126b1825bea887843c60e13607f830edc86c74fab,1.0,reconstructed
1984-01-31,1984-02-15T14:00:00Z,252d571acfede69eaa627c063eb83528bb0da4eefb69d20c6e065f05a5730a71,1.0,reconstructed
1984-02-29,1984-03-15T14:00:00Z,f823981848f0a9958fa5b3dd117a940bb1bc9e8be9270e97ef99400f7b476314,1.0,reconstructed
1984-03-31,1984-04-15T14:00:00Z,ecd07ad1883c437cbe7927322a982ebcb381ad3148ae9aa5fee43021e59ef7fb,1.0,reconstructed
1984-04-30,1984-05-15T14:00:00Z,c8d1573f58f3256347792fc047cc0014b2f1ffc9fcad1e71bf5d0fc6a29a08c8,1.0,reconstructed
1984-05-31,1984-06-15T14:00:00Z,44cafb40511f4e6b5f64e38c3245889f66b56191ad90d497157b2356d598482b,1.0,reconstructed
1984-06-30,1984-07-15T14:00:00Z,5c3589eb86bd9353540d57e1b46a8d8fc6c765d11eaba104f1d18050c1daf06a,1.0,reconstructed
1984-07-31,1984-08-15T14:00:00Z,cfbc67c54303bdf7bebc3f6a3e404767f448caee6e54406f7a1b5d13e07bfc07,1.0,reconstructed
1984-08-31,1984-09-15T14:00:00Z,2fbe54dc1730ceddfd304bf0dd7843086c01290c0cd3e67a9d735bd6aa4921eb,1.0,reconstructed
1984-09-30,1984-10-15T14:00:00Z,f96f398931517cd4b0b2cc7907718c6cb73592aa7fc487395a4cc885a0e9a5dc,1.0,reconstructed
1984-10-31,1984-11-15T14:00:00Z,c170af5f2aba16bc3421f8303d2d94132f5c448a3dbecfe21e5e7c775116ae01,1.0,reconstructed
1984-11-30,1984-12-15T14:00:00Z,0ca59d5b19b4977f35187b7e2913fe965a6d687047f819f5c205598d89bbed35,1.0,reconstructed
1984-12-31,1985-01-15T14:00:00Z,79942b9e4a718e3d318d0260ee13ea757b49c2651b41060d7b3f6a4bd04da48f,1.0,reconstructed
1985-01-31,1985-02-15T14:00:00Z,02a769a9da5044ce43f9afbd8e3123c4a4cbe2788dd0a8d644ead14a8614bdb3,1.0,reconstructed
1985-02-28,1985-03-15T14:00:00Z,193e8c482ddb0752ae9b80dff71a32688faf45af2a8ffd7f7c4419652efb9c94,1.0,reconstructed
1985-03-31,1985-04-15T14:00:00Z,ca41003f91e6bf74f1ff7ff459d6af704e5a2cebad4744b01ff559e29be6dace,1.0,reconstructed
1985-04-30,1985-05-15T14:00:00Z,8f476fb59c742cca181a02b32b462c0b9e0f3b25481eed2405656b12f8c2bf5d,1.0,reconstructed
1985-05-31,1985-06-15T14:00:00Z,1413dc9242623f0039b77b5dcf9178a4fcb9902fb4fb655e43291f0db6cb5ae6,1.0,reconstructed
1985-06-30,1985-07-15T14:00:00Z,c781d4f4f7930e96783b96137ba9d395306ede81ee9467f71372e401e9419981,1.0,reconstructed
1985-07-31,1985-08-15T14:00:00Z,95afd95a0f2d7b5f14e48e57aa1a59a11f71f783787d43b84110b7ffa1506bda,1.0,reconstructed
1985-08-31,1985-09-15T14:00:00Z,b84e3b605f8ebe71878a8324e7bf6fe53e075a00ee46b553cc336a199452d886,1.0,reconstructed
1985-09-30,1985-10-15T14:00:00Z,fc734fe5205275ee72269dc8208a7d332790d90d7d2afad48d4cbab1b3bb60de,1.0,reconstructed
1985-10-31,1985-11-15T14:00:00Z,510c77383a58f71695b9fd647fb435ae65dd1ebaef363b6db58d3a272aa1812f,1.0,reconstructed
1985-11-30,1985-12-15T14:00:00Z,4985fa4e97ea373ced3671e773d76e9dd4d10795eba2d60dee127b1fb13da944,1.0,reconstructed
1985-12-31,1986-01-15T14:00:00Z,7ef26a9412e34bbe15d15d391d48028a937a70ad72d1f55909360e311dd313ea,1.0,reconstructed
1986-01-31,1986-02-15T14:00:00Z,30344a38061f53a5a3538f8222b5269bce5388b56f9cd37f0d9c9b28a3c09444,1.0,reconstructed
1986-02-28,1986-03-15T14:00:00Z,318edc71bacb0555763bcd7231950652b46cc0922e18d6b463ff6599c00fb310,1.0,reconstructed
1986-03-31,1986-04-15T14:00:00Z,e9ac341678865c91d6c061754d8ff555f0586e3ab35dc9494b7249ea6a178e2a,1.0,reconstructed
1986-04-30,1986-05-15T14:00:00Z,b1ec23aedd7d185280b837647d632e8a6be4ba87bf862d3f0bf10b3bcfd72a7f,1.0,reconstructed
1986-05-31,1986-06-15T14:00:00Z,697f02a9c2a3e3760e294264c3279c07576109c483781bdf27bfc864e555da10,1.0,reconstructed
1986-06-30,1986-07-15T14:00:00Z,a66f260d08cc6ca2df1b0a942a5c2fe5622adc0c478cfbc12f98de52f6552756,1.0,reconstructed
1986-07-31,1986-08-15T14:00:00Z,9209d337596e214e1156e5c069c7416eee28e36baa18f452859c6e9ef1273641,1.0,reconstructed
1986-08-31,1986-09-15T14:00:00Z,d37d9ffe98c31ae6ff12673838741143ca707a88a5e457049150bf273ca9e036,1.0,reconstructed
1986-09-30,1986-10-15T14:00:00Z,6907fd3aa6a44e19a9c08385f3084736bdb3d5a4fbb20396359d4c4f4daace62,1.0,reconstructed
1986-10-31,1986-11-15T14:00:00Z,c6c64d47d3e92089e5bc33a4151eafcee08ca0dbb587509136896b8a2648c34e,1.0,reconstructed
1986-11-30,1986-12-15T14:00:00Z,582ac4a55ab240ff252dfc2ebb7b9390630e671809e5b8f13651cf9dfa08bdb8,1.0,reconstructed
1986-12-31,1987-01-15T14:00:00Z,34cd773502492344e58f84df93cdd1706d20aa22c23b4da0413f1bd56e2d0e4b,1.0,reconstructed
1987-01-31,1987-02-15T14:00:00Z,c14d1d8aec97e05c65f34a77fdba6f7206cfb8ab4d860a8d338736cc11f6a657,1.0,reconstructed
1987-02-28,1987-03-15T14:00:00Z,8ecb135de4fb262c128336dea061fe4e92d5c70770cf76c89dbf9b4f840c0c56,1.0,reconstructed
1987-03-31,1987-04-15T14:00:00Z,fa73fe350c6ccb68efd57790fff95d594c7ac4746e87a72c4c0ea3ec1ba3028c,1.0,reconstructed
1987-04-30,1987-05-15T14:00:00Z,237b92f846c5b17aad4a26e2c062966250f0e06157b4a67709f2d6176e4b473c,1.0,reconstructed
1987-05-31,1987-06-15T14:00:00Z,d351d6c24335eb23dfb0e1ffd7e787ca22a59630286793aceeb6925df43dc778,1.0,reconstructed
1987-06-30,1987-07-15T14:00:00Z,2879b5fe9d5dcd0a86602c60e7e53c60edfd37635fdc827e1f2ab496070b6bbc,1.0,reconstructed
1987-07-31,1987-08-15T14:00:00Z,8f189339cfd656a0bcca45060f2432fdf8c6c2acd9274c52b65337f2b5f2b751,1.0,reconstructed
1987-08-31,1987-09-15T14:00:00Z,00b319d24485585dca996432a5ec440780023f9932f70f313661e1fb58659ed4,1.0,reconstructed
1987-09-30,1987-10-15T14:00:00Z,5303861e8d1a8bc8db37d3322b8babfe1fee0e99573d893db61058fdd43bdddc,1.0,reconstructed
1987-10-31,1987-11-15T14:00:00Z,05c589b4fb52335ce956b57a88bfedb10fabafa96ec8dfa8b6e9512e061f8efc,1.0,reconstructed
1987-11-30,1987-12-15T14:00:00Z,463b35e060287c3f1ef240f4505300911cd33d885d7722d1f68df4aab3c6f89d,1.0,reconstructed
1987-12-31,1988-01-15T14:00:00Z,ac01c4ea0d845b8c1b88dff9a21aa6522d0de5a9548c64405173af19be1558b7,1.0,reconstructed
1988-01-31,1988-02-15T14:00:00Z,b9ac79b231da94de5b5c2f38d3159ad0eeeae9a79a296aa87b38215d4f6ebd6b,1.0,reconstructed
1988-02-29,1988-03-15T14:00:00Z,4f088ec1b1c615309de88f17db0316d3048fdba518918a688b4d911a485b8c20,1.0,reconstructed
1988-03-31,1988-04-15T14:00:00Z,053b11ab6b8cd63e467c6058ef16e781c4dd0ac05e2cc5ae0b68406898aa11de,1.0,reconstructed
1988-04-30,1988-05-15T14:00:00Z,cc88d4517e61600483467f62529ec05301d3df36e9c7729d0540e7879fa54a33,1.0,reconstructed
1988-05-31,1988-06-15T14:00:00Z,1591991cf70b9b88e450603da894914bf047b3f82491303d949bba1f795b82e4,1.0,reconstructed
1988-06-30,1988-07-15T14:00:00Z,21ee0e96a0573c5097b6acf1c27ac623a5f5552d6a4bfbfea98f47c4cdb0152d,1.0,reconstructed
1988-07-31,1988-08-15T14:00:00Z,5f53f570b7c7a717f3159ee30b0ec41682a30ad6c4cc7fd5f3ee99344c04f611,1.0,reconstructed
1988-08-31,1988-09-15T14:00:00Z,428571795da6ff257605e5f19720f7bb584d8abed3b60f46001b575315161435,1.0,reconstructed
1988-09-30,1988-10-15T14:00:00Z,dfded21a9fb3d0551d2cdbbb3e723347362b1bac3d8d0a361db5190a0ea3f9eb,1.0,reconstructed
1988-10-31,1988-11-15T14:00:00Z,6e88ed782c2be46a4f3af5f9bb0d58fc64cb6e010181d5807cb3d24dd2930435,1.0,reconstructed
1988-11-30,1988-12-15T14:00:00Z,e358aa62559ab5336a388f1d590579ecb573ebd03d47199257e0ad47c6d75a7e,1.0,reconstructed
1988-12-31,1989-01-15T14:00:00Z,77a5870f9495364bc0909065cce825725665365d44dce3452a4447012330b239,1.0,reconstructed
1989-01-31,1989-02-15T14:00:00Z,1ce11deb0392a260d993df33938cfd66f5745896b5e517acd294205a81dbd991,1.0,reconstructed
1989-02-28,1989-03-15T14:00:00Z,709c1d0eeadf340b063a3031dfe622b04b14abc6562eee98c197dc90b2adb36a,1.0,reconstructed
1989-03-31,1989-04-15T14:00:00Z,bfe2d389d10712005cfa521eb1c4a658124123beaf01929d93658cc5ac2beb96,1.0,reconstructed
1989-04-30,1989-05-15T14:00:00Z,502c4e8a5112d995cf826bbb93c8eba890800cf69c185920bdafbca46bb5633d,1.0,reconstructed
1989-05-31,1989-06-15T14:00:00Z,10f25ce4f1ecdec0f256894334e9f30ec79068060790d0be9518eba7ea057f98,1.0,reconstructed
1989-06-30,1989-07-15T14:00:00Z,ff4d052472b0c2fcb21175f517f9c51c9be0b9329f26bc4959ed7cf2ca19ba69,1.0,reconstructed
1989-07-31,1989-08-15T14:00:00Z,d182fb4c45200ac78f1bd0c9042f7ccc1af4c1fd27fdfec0252af0e3b50690a7,1.0,reconstructed
1989-08-31,1989-09-15T14:00:00Z,e39ec7649a2469430062f9c54f0e432a29dc6bb0334f602e8053f6a135b3c00b,1.0,reconstructed
1989-09-30,1989-10-15T14:00:00Z,1f3420630808ac693d534d0a50267ee6d7be779d4092f5b3de5af472fb9728be,1.0,reconstructed
1989-10-31,1989-11-15T14:00:00Z,c6dd827756182c231cf7253195f8fb24bcf98de204f9b2824f82c224c96ab439,1.0,reconstructed
1989-11-30,1989-12-15T14:00:00Z,72f17a94ac2a59af53e0f03fb0c7423f8cb7a93db3f4bc6b6d631169256dca7b,1.0,reconstructed
1989-12-31,1990-01-15T14:00:00Z,8b94fca93010ea0b79f5f56460ebad1c50881cbe839d18f465500417180f1e9b,1.0,reconstructed
1990-01-31,1990-02-15T14:00:00Z,0037118ec5398eb38452d8324cb5ab5014e034015bd591e199c3ae6fbcc2cb07,1.0,reconstructed
1990-02-28,1990-03-15T14:00:00Z,610bc11fe219ec9b9cf2fdd8d1c4665bb4451b8ce6f5b29cbd723013dbd77f02,1.0,reconstructed
1990-03-31,1990-04-15T14:00:00Z,f9abfbdaffbcb06be1c25284d891cd999036fc6fe532a73869a172531b50335c,1.0,reconstructed
1990-04-30,1990-05-15T14:00:00Z,209bb97c576817aeb0fd280d36302289a6764af145b4782a4aa2df123a276d04,1.0,reconstructed
1990-05-31,1990-06-15T14:00:00Z,45d89be9a2ec37848eb28939e0b3bceb996c431597e01157c97c4a96f012e188,1.0,reconstructed
1990-06-30,1990-07-15T14:00:00Z,c81529c3a40a566f3f4b85d86064c0940793894cb8b6d324b116e47a510696d4,1.0,reconstructed
1990-07-31,1990-08-15T14:00:00Z,7abeedd0c29311ce31eca89a1a012352cdd8c8ee02f433ecb3f6b00679bb48c2,1.0,reconstructed
1990-08-31,1990-09-15T14:00:00Z,300ef1867cfdedb79b20ca0ecf93e016fb4587493989ac27a1a25a17f5f4ece8,1.0,reconstructed
1990-09-30,1990-10-15T14:00:00Z,35d0cc590075d1e3706ecf1e26158957fac749cc5458d495d5c1e168b020e94d,1.0,reconstructed
1990-10-31,1990-11-15T14:00:00Z,a1b247b77dd596e7054daea5d3f1e834808030790119c55b5d8b79fbcfe3ab22,1.0,reconstructed
1990-11-30,1990-12-15T14:00:00Z,3d8037e4d57605b0f41df1e15cfd53b72856720fee946e46eb7f81850df0cf40,1.0,reconstructed
1990-12-31,1991-01-15T14:00:00Z,1b452dd72c5247efbe2dafd5299edd63c6da87a049b9275767f56fad12cc9555,1.0,reconstructed
1991-01-31,1991-02-15T14:00:00Z,f3fa1f95770f8db38eff5d32eecef299419efb27db89e4840a6b34816dd98739,1.0,reconstructed
1991-02-28,1991-03-15T14:00:00Z,97d3961b75703a281188019bb9fa9a6fa7c1e165386d8e3caec2b38aba7a9469,1.0,reconstructed
1991-03-31,1991-04-15T14:00:00Z,8024d53af6eda22399dccedd63dc36e3e4e19ad23cfdd3e6c5e095c549896fed,1.0,reconstructed
1991-04-30,1991-05-15T14:00:00Z,418a4f65b437536aa495e2cec145c8d8a7edc4b4e56fd1c539a809e576950dfc,1.0,reconstructed
1991-05-31,1991-06-15T14:00:00Z,4a7bf7969737d5611c5b05a05a98d923385e5781e51438c8623dfa896ccb511b,1.0,reconstructed
1991-06-30,1991-07-15T14:00:00Z,57c752e7f8dec487e6ae6edcfbc5db370acebb4425769cb5449604d45159da25,1.0,reconstructed
1991-07-31,1991-08-15T14:00:00Z,4525bf3254a9982ca73fed4892b2cfa17c4d86455aad97ab1734970d13ebc1cb,1.0,reconstructed
1991-08-31,1991-09-15T14:00:00Z,27fad8c4052a057920428d205dec5994619bca49c3c36172f2b352f3c1c70e5c,1.0,reconstructed
1991-09-30,1991-10-15T14:00:00Z,95330a302b16ab1f03b102072d0b3633256c80b3979610b8423ca575bb9dd0ce,1.0,reconstructed
1991-10-31,1991-11-15T14:00:00Z,b4f47dd3ef30bcc14a16e75a9d2d4def7046d1100a6c00f6352c151ff0dad496,1.0,reconstructed
1991-11-30,1991-12-15T14:00:00Z,86e040fb1cfb0b5a4918ed7187eaa0236fa874eb111fab24dad3d590facff872,1.0,reconstructed
1991-12-31,1992-01-15T14:00:00Z,19c7bb0c1c60357ccafd77bd3c91cf071f843b50c506b2936f7edcb2bbc4ad8f,1.0,reconstructed
1992-01-31,1992-02-15T14:00:00Z,29a3b82ee749cdde15f17dbd0a6445df444ba683b6bc827d7e9c33724411139a,1.0,reconstructed
1992-02-29,1992-03-15T14:00:00Z,403480ac1dafef0df1c500c8b18a7cdd84d096c9b2c27628c2eb212a1f3dd6ae,1.0,reconstructed
1992-03-31,1992-04-15T14:00:00Z,dd314eea010662801e9457c95e2917dd5e8e6ee8a30274d59a7f1a5b0359b678,1.0,reconstructed
1992-04-30,1992-05-15T14:00:00Z,66fc122b87085e843306c5de24f823c5ccf1819a962b8960ce2cd3c29ec46719,1.0,reconstructed
1992-05-31,1992-06-15T14:00:00Z,bc85ab35499b047828d7a21aae0a4ec0ef54e610a8789c911ea8c5e4a8b14803,1.0,reconstructed
1992-06-30,1992-07-15T14:00:00Z,e10311d1cc056e600766e0a9c57ad22a6ff6c817f390f5ce81bf2448409ef201,1.0,reconstructed
1992-07-31,1992-08-15T14:00:00Z,8fa84bbe79ee748c2c8ffa03baf8914634e0c3fbb351a543bcc84d1c61bd3789,1.0,reconstructed
1992-08-31,1992-09-15T14:00:00Z,8c9fd237b8bc0b347f8729a214d2ecc6c229208a4b7e5e9a8a5111e9144370ab,1.0,reconstructed
1992-09-30,1992-10-15T14:00:00Z,1e88c27a09dc6dc822445c38381d14a506bf0c3f636d224b98ed53ad1aa3cfa8,1.0,reconstructed
1992-10-31,1992-11-15T14:00:00Z,0a86610d7889b6fa677d02144b7902bc3f6e01d2645a72363496cee0936f01fe,1.0,reconstructed
1992-11-30,1992-12-15T14:00:00Z,632ca71c5f3ec4340ffcdeec410b6364ac039391726d24d6b13bfb8a043b3cc6,1.0,reconstructed
1992-12-31,1993-01-15T14:00:00Z,b99c173de34d00de463ad9a8e4febc2e8657bd47e9f43c8a0533e81294bd454f,1.0,reconstructed
1993-01-31,1993-02-15T14:00:00Z,c8e01efa38422b4cde344ee319d99eb39a957e65ebde42f30f469ab93db2d6c4,1.0,reconstructed
1993-02-28,1993-03-15T14:00:00Z,82d6c9271b37594de6baf8c7e4331c6e4ce78a58f28df79b9f28abb2bf191cd9,1.0,reconstructed
1993-03-31,1993-04-15T14:00:00Z,15ae5c0b8c3aa9f3a1381368c31a43c18311dd5e915265aeb5e3679bd56db107,1.0,reconstructed
1993-04-30,1993-05-15T14:00:00Z,5c883740d615adaea1c483148b1a6e92689175fa2e2375bf811ff4e48b8a1491,1.0,reconstructed
1993-05-31,1993-06-15T14:00:00Z,3c182c1e3244c73558b0d39172e42be39bd4a8cfc914c915e7ad1b333545c930,1.0,reconstructed
1993-06-30,1993-07-15T14:00:00Z,2e5ead7e18f14bc7224b1de99c506dc9b9114afe1645c8ba708c55a28e05cf39,1.0,reconstructed
1993-07-31,1993-08-15T14:00:00Z,24b8106de38353823b97329b393b8f60a54ec96f2253e5ec8a2fb8ca06123de4,1.0,reconstructed
1993-08-31,1993-09-15T14:00:00Z,c7a526abb163380bf2d7d6dc8c55d3bef6b81a002f309a16a1530d95c523eb06,1.0,reconstructed
1993-09-30,1993-10-15T14:00:00Z,15be170136adafa5d4f100bf7e208070bd84c42a38905f2bcb158b2a3ce0e24c,1.0,reconstructed
1993-10-31,1993-11-15T14:00:00Z,b127e40c089812e61c02a49e242e5d26e0f6e5cf5efd7835cf66728641db5d59,1.0,reconstructed
1993-11-30,1993-12-15T14:00:00Z,d442f605c7f425ada702d5e07fca0d35422a97df998f1480fb002ec95b364588,1.0,reconstructed
1993-12-31,1994-01-15T14:00:00Z,b1a4925bdbbb63af07c0f5629a701f7f474c71db1f99b83b71f2aef37ddfa696,1.0,reconstructed
1994-01-31,1994-02-15T14:00:00Z,f9226418ea0ab8ae618cf9274cd0a68ea015dca6755fcb5dccc120c6cd701ad0,1.0,reconstructed
1994-02-28,1994-03-15T14:00:00Z,7b0e9e3aa8caf1371e0abe5d4ef0b28124f79bacab636d757be6c1010905f2d0,1.0,reconstructed
1994-03-31,1994-04-15T14:00:00Z,8ef2f11254f2b1f4fa4dd9bbcdf4b126a0a39081bd784f4b63469fcaeca3be41,1.0,reconstructed
1994-04-30,1994-05-15T14:00:00Z,8e7f740f12c4dcf3a8188709e9eafdfccfcd642073cc1b2f15ada21e2704680f,1.0,reconstructed
1994-05-31,1994-06-15T14:00:00Z,2767a8f5453ef7d19a47eed2fb88bed361cb248d8f380b35800904647cbef82c,1.0,reconstructed
1994-06-30,1994-07-15T14:00:00Z,d1b69a49d88927888f562b8b6ace596c97655b4d924a3ac05098f60dbf020e1f,1.0,reconstructed
1994-07-31,1994-08-15T14:00:00Z,c05f179b865596168fb9e06ed8ec2a848116367fd8eb57162cc1526305a3f125,1.0,reconstructed
1994-08-31,1994-09-15T14:00:00Z,b901fe406f51149924215eae35819ab562f04d7bab2e598e7eeb3cf0edf958f2,1.0,reconstructed
1994-09-30,1994-10-15T14:00:00Z,8aaf77ad8593899d1ec4361f4b79286bde405089be23bcc3ef846e93d53bcc07,1.0,reconstructed
1994-10-31,1994-11-15T14:00:00Z,d01fd37cc6000354689e29aeecd5aafc12f14483f201a32503eac4f695289670,1.0,reconstructed
1994-11-30,1994-12-15T14:00:00Z,3415cd0db2222133fa38e29d821658b6c38b2007805d934f0857d952e80b6c2d,1.0,reconstructed
1994-12-31,1995-01-15T14:00:00Z,5550520d685dac6260627f28e242ae20a1c26f5a700f98068a06a14184642d1a,1.0,reconstructed
1995-01-31,1995-02-15T14:00:00Z,0f426f9a7b2ff21394fcdf20b26bd47ce1e82b14e2a46a96fce591295d10bd7d,1.0,reconstructed
1995-02-28,1995-03-15T14:00:00Z,43005ff6930c42612ace485fb40ea34d5b94c40cfe7c1e0602e7aeb4a6c72a08,1.0,reconstructed
1995-03-31,1995-04-15T14:00:00Z,1928a3617b4d360961384d06728d95800019d44398d00d041f973f3c60ba9def,1.0,reconstructed
1995-04-30,1995-05-15T14:00:00Z,dc13274ab6be2e80e0669f6d05694c97058e333f8c720b066758bb5783d1fd26,1.0,reconstructed
1995-05-31,1995-06-15T14:00:00Z,e806b3a3f999345d7aece31d2160bb4f26b36c82e5aad68c6adbf318ea4aa446,1.0,reconstructed
1995-06-30,1995-07-15T14:00:00Z,feee7b25c8ad7084fb3af6bf9fcd61488f5c2afb37b6d21f651ef12a4d98f760,1.0,reconstructed
1995-07-31,1995-08-15T14:00:00Z,259de57ee02313165bfd9bb2749259be617d740e4be04b08ef98d4603f7d29e5,1.0,reconstructed
1995-08-31,1995-09-15T14:00:00Z,8a0ce49c4a149d85d5bbcfebaa09131aeeacb75615a7f6e3374af3dcf499a48f,1.0,reconstructed
1995-09-30,1995-10-15T14:00:00Z,8d02e6dff856e289f39e96b56c783ed24f1d5b982164e931cd7eed1caa2e6b49,1.0,reconstructed
1995-10-31,1995-11-15T14:00:00Z,23b09536dff84e7aa6f0f39b0804bf9be170f120f4e06f3ec0a4ec9ff4f43393,1.0,reconstructed
1995-11-30,1995-12-15T14:00:00Z,b635e9ad81f15fc1210c6647ee79e3888601952d223046ac6d233e70f98c0a09,1.0,reconstructed
1995-12-31,1996-01-15T14:00:00Z,b47b69279b50bdf5b8c21ee5e169a8f301fee98d58ef1a6bc0e2a96d255484ca,1.0,reconstructed
1996-01-31,1996-02-15T14:00:00Z,76b3f2f14ee04e597b129966b0ac335910186dc86ccd7cb8a5a4c2397f8354e6,1.0,reconstructed
1996-02-29,1996-03-15T14:00:00Z,f27c6eef5a3f061a41b95492ecc5058cf09ff0230c079c2d435dd9ce22f7d16f,1.0,reconstructed
1996-03-31,1996-04-15T14:00:00Z,40fd8fbae2ee11e864ed6f7444f37705463a9fc992dc37dcd40492c052bf7a70,1.0,reconstructed
1996-04-30,1996-05-15T14:00:00Z,b157a32f11a49ece2fd7999fce124def4d476d1d346ff4720a61a6c7decff711,1.0,reconstructed
1996-05-31,1996-06-15T14:00:00Z,63138774f542d4404e33ea3cfe450c78364259dcc9dd2a4b2e123584a608af9d,1.0,reconstructed
1996-06-30,1996-07-15T14:00:00Z,c6c12d68b51b7adcbe589898899d13bb8ce41d15e14215feaca5eca8960bdf3d,1.0,reconstructed
1996-07-31,1996-08-15T14:00:00Z,c6f052b173e8a664e90761b930fbd1d3dc1997279036ac0559cbdad1a4e2c751,1.0,reconstructed
1996-08-31,1996-09-15T14:00:00Z,8ade0d39de14f3657203d2b9bfdfa3a8d3caed6e6ab94a43ab723a9bf30dee45,1.0,reconstructed
1996-09-30,1996-10-15T14:00:00Z,0d95914e108d7c3c1289faaff33012d503b2a476ec52859cac07f286a2c1f318,1.0,reconstructed
1996-10-31,1996-11-15T14:00:00Z,b8c756f1c971c0883fcfce1ec3a488dbaf9c036c8e549c738bd6a914bb8a70f0,1.0,reconstructed
1996-11-30,1996-12-15T14:00:00Z,08b001bbf3c72f1e745aebd479b4815c4d26c83c8d174ded7095b444dc035c5a,1.0,reconstructed
1996-12-31,1997-01-15T14:00:00Z,d9e9dd2960ac74c6f40b51b9897ff1881f72a32ad4561f7eb7da628f9cb03b22,1.0,reconstructed
1997-01-31,1997-02-15T14:00:00Z,e13a0396d1a84ab3d988261c5237d8a6c37d8dceea4c6d8aaed045093a3b45be,1.0,reconstructed
1997-02-28,1997-03-15T14:00:00Z,5e362689789113e52aa3ba9364154efc6200b1f197d9946fd293d8d169ed3dbb,1.0,reconstructed
1997-03-31,1997-04-15T14:00:00Z,2802afa7eed8ca239d0c4045a7344a80627359ffa20b6fab6bef6f5d6e22d3db,1.0,reconstructed
1997-04-30,1997-05-15T14:00:00Z,82f822cda6d4d11b29f8dcd5f5c0d8d9438aba30d01b3a9a6977add2c225c9db,1.0,reconstructed
1997-05-31,1997-06-15T14:00:00Z,ee6b17b12c52c825c2da02ef769ed22c5a1836fb0ea2ffb6006214ef30a51942,1.0,reconstructed
1997-06-30,1997-07-15T14:00:00Z,fae9b93d88e31357e3f9eeb6663b71dd1c7c43f3f4f031e770c16e24ca310dbe,1.0,reconstructed
1997-07-31,1997-08-15T14:00:00Z,753ab0a5d14752a6c515f2e4a61663ab7f3e42faf72a655aa03aeb4854a1068a,1.0,reconstructed
1997-08-31,1997-09-15T14:00:00Z,07101d740a7ef7c398cbf3475da4f375fb3ed5452905901dfb812cca61055caa,1.0,reconstructed
1997-09-30,1997-10-15T14:00:00Z,2ec3e5bb516b1b420376407bc630e7797c60a0f4089138b85944d54bf2052ec3,1.0,reconstructed
1997-10-31,1997-11-15T14:00:00Z,9e6f6ac4f16db65f7377dfb36bca6892bf706c9b90a1d349c7550a6acd923729,1.0,reconstructed
1997-11-30,1997-12-15T14:00:00Z,532810730015489a812251aaf0d1f95ebc8038c32786bd072d63e23ce4360af2,1.0,reconstructed
1997-12-31,1998-01-15T14:00:00Z,ac048edfbb61f991c86b0e5c378c2efd2e85551c861fa7add818fcfa91218a0a,1.0,reconstructed
1998-01-31,1998-02-15T14:00:00Z,688b1f5b04d7b70f12845b13bc700c736eef72e5d064872b7b120434ed34f49d,1.0,reconstructed
1998-02-28,1998-03-15T14:00:00Z,0fa2df4444c8a367c2c4e968e4d2e628058b3a5a008817ebccc2df31c4522d97,1.0,reconstructed
1998-03-31,1998-04-15T14:00:00Z,c5c267c7c342b2691a1ec82b5ffe3465b5962f70949f2b2dd87ca2dee4ba751c,1.0,reconstructed
1998-04-30,1998-05-15T14:00:00Z,113d5e5c65a70b2eed8aacb1a09bd8db8a96155f55bda4a21d3c22791e385f53,1.0,reconstructed
1998-05-31,1998-06-15T14:00:00Z,5951efaa1127c2d3a7b817b406cd592fb709bebec0cb0d9966b1ec315c80557a,1.0,reconstructed
1998-06-30,1998-07-15T14:00:00Z,02d19ba4606b8ebff4d2d386003fdb6d8c579d863227fd6895e7ce8350badabf,1.0,reconstructed
1998-07-31,1998-08-15T14:00:00Z,8a9df5f23cb2217066e102792abaa4f93a0cb34648a758e98f509b7d2575f24b,1.0,reconstructed
1998-08-31,1998-09-15T14:00:00Z,9b2db75dccf51c0445d96d8891cdc6aabe94ebf0b6302944bdd6537478d5850f,1.0,reconstructed
1998-09-30,1998-10-15T14:00:00Z,44a34f69b6319928e4bc586cba45b93f78ab2eec299b33539f57c65bcb56b5af,1.0,reconstructed
1998-10-31,1998-11-15T14:00:00Z,1ef54b43d6207d8768bb035acd8059f82a3912c83ac66cac7bd6a12d1a75011e,1.0,reconstructed
1998-11-30,1998-12-15T14:00:00Z,f1c5f667558c11efdcd8d8e11c133f8bead45733051b7d646528a0499e5fe77b,1.0,reconstructed
1998-12-31,1999-01-15T14:00:00Z,105c11a9eadf190b92ac794a18ccee741f6aab331af63d3afd06f36fa0501df6,1.0,reconstructed
1999-01-31,1999-02-15T14:00:00Z,ee15cb71d31563882ed96e997ae2f7d6f74db3d68fa36339300fa1cf80dce389,1.0,reconstructed
1999-02-28,1999-03-15T14:00:00Z,e36487f7bb292c3f9a48c1e8ea3e554a8ff6f0883ce889bbb609dd9c8c2ebb88,1.0,reconstructed
1999-03-31,1999-04-15T14:00:00Z,97d90edccc438224ad6bf3ecc7d1a82802df98fd96b8146ac050b11c5edc4535,1.0,reconstructed
1999-04-30,1999-05-15T14:00:00Z,c5e7890213974f9cdd9be3e40025c65674da5f3e857b9f02d924e4135fe9ff55,1.0,reconstructed
1999-05-31,1999-06-15T14:00:00Z,c317cd5f5d0f4961cb62e1de094e62b2ec9e51e2f52a5bd875a6105cb98e510e,1.0,reconstructed
1999-06-30,1999-07-15T14:00:00Z,11d016c80f9bcd1478ebfa893a00997cbfa5e4b85be1a387887e3067eebfeb25,1.0,reconstructed
1999-07-31,1999-08-15T14:00:00Z,2368b07bf9bea36c34b5de87b4fec34064b2f4eb19c75eb63bb0e1d9438ce5d7,1.0,reconstructed
1999-08-31,1999-09-15T14:00:00Z,362f9133efb2f71eeb1417b7ffa7405f2f433dc2e619238985eca2aa5c154580,1.0,reconstructed
1999-09-30,1999-10-15T14:00:00Z,10d31a15d964e7d151a51a0c2ad410309129e6e69c735d3295d753dd84861a8f,1.0,reconstructed
1999-10-31,1999-11-15T14:00:00Z,890d685b491b02e0a62a9752e6759297383373da55a9a8e311e3d39a3efb5b2f,1.0,reconstructed
1999-11-30,1999-12-15T14:00:00Z,070a922907fadc6066c102f3b2aad9e7ce34d5467cfab6d16ec56db9fa327603,1.0,reconstructed
1999-12-31,2000-01-15T14:00:00Z,ba107e421837bcf46f04f1d723b546f5eba2aa80c571d91c31efd0f7957958a0,1.0,reconstructed
2000-01-31,2000-02-15T14:00:00Z,b3339202b8201bf9f100fd25bad3dfb634eb9b70cdc26b1eedae7b80ed9a0983,1.0,reconstructed
2000-02-29,2000-03-15T14:00:00Z,3dda504a5429ce57df0924cae7f50a72db8df6539212a57bf1ee937d0c406296,1.0,reconstructed
2000-03-31,2000-04-15T14:00:00Z,84b632a6c6b39ee237f6f0a55e1bcc36d3184ee71533c201089c5d165fa066bf,1.0,reconstructed
2000-04-30,2000-05-15T14:00:00Z,f1b039ddae3c7c6b6441d94401b2dc25f0af6cbd2a7561b7e59ed79433135367,1.0,reconstructed
2000-05-31,2000-06-15T14:00:00Z,0199f802ed4d5166b6f615eb89c71228eea74a04a518c269c1b6cb59c2932106,1.0,reconstructed
2000-06-30,2000-07-15T14:00:00Z,144b2b84d305be8efb13a8ca733daf17a9c51722a0abeb66482dff87ce29ce03,1.0,reconstructed
2000-07-31,2000-08-15T14:00:00Z,5c8206c390ba030c72b948fe90e0c34e83c27a3c284091f704da26a5270ce183,1.0,reconstructed
2000-08-31,2000-09-15T14:00:00Z,c8b1d89bcbbe4e37107d3af5cbbdb6056185bc274cf63908c84ec7e70a4d6a20,1.0,reconstructed
2000-09-30,2000-10-15T14:00:00Z,fdc821353231d8dd8fafbab8834902b941059ab425b8168d1043cb24031a8cec,1.0,reconstructed
2000-10-31,2000-11-15T14:00:00Z,4ac1fe89c0481d8fb74e5f9080164a3b5c88c4a9dda552d2c9346196444bc198,1.0,reconstructed
2000-11-30,2000-12-15T14:00:00Z,5466b6b163fe311809f6cd9dbe71df3866ffdabfb6e83d233a2b30aa25523566,1.0,reconstructed
2000-12-31,2001-01-15T14:00:00Z,ac99db53fb660f45c301ab570fa1206ca07a325abd65039ed63837f25f0e36ec,1.0,reconstructed
2001-01-31,2001-02-15T14:00:00Z,07115b2170563237186edc328c395309a3b22a5180268d6559cd9e8f88585f73,1.0,reconstructed
2001-02-28,2001-03-15T14:00:00Z,d62e8ccb8efd5b906f3bf5a16060b5cb4c1df887fb94ad1dfdee03111a8a726a,1.0,reconstructed
2001-03-31,2001-04-15T14:00:00Z,cc67b69f118a6fbf2c4542ff7dfe14d36995c9062befb78243acd26b075003ba,1.0,reconstructed
2001-04-30,2001-05-15T14:00:00Z,053bf07e0ae2bf5cec93fd1ebf65eac0067f2c5e8d8b0bf81938c3ca14eaa102,1.0,reconstructed
2001-05-31,2001-06-15T14:00:00Z,ac3f75c1be921dc3cec9eca859847a3f07ea868225911113e6c1019662451821,1.0,reconstructed
2001-06-30,2001-07-15T14:00:00Z,afd620afd7783caf65bf315960bd9bd4b30763b6d55e290bf3ebb2f5d1706aec,1.0,reconstructed
2001-07-31,2001-08-15T14:00:00Z,f54667c09454936e3a12def89c30c0687f4c24dd113e35d9d89e6f49ab7b0771,1.0,reconstructed
2001-08-31,2001-09-15T14:00:00Z,6ed94f20755dea673d0d29c8cf396d74776040a62c0992368cca58a7434cdc2a,1.0,reconstructed
2001-09-30,2001-10-15T14:00:00Z,2ff1a24f79ee9fddfee50d26b4b4e47dc2117c70c5312420b4d3ef326f7f232c,1.0,reconstructed
2001-10-31,2001-11-15T14:00:00Z,292a5a4110f69282a0be6b3166c6d9f9b1cc96ffa1bee47d9afe31ea6801d583,1.0,reconstructed
2001-11-30,2001-12-15T14:00:00Z,3ef1ada5b198b753494856432489393de7f06ce3a55b59a7e88b7ca1873863d6,1.0,reconstructed
2001-12-31,2002-01-15T14:00:00Z,31dd7951dd3f663bbd5da538d3b778716f283e9107213fc50d3cd285eb0ddeaa,1.0,reconstructed
2002-01-31,2002-02-15T14:00:00Z,041a9a8aab678d6c36a58ea82f4c2c1e8cea0638258174d7edfb497934bab77c,1.0,reconstructed
2002-02-28,2002-03-15T14:00:00Z,aa61e084215bdd49b14f9780b51919664449da8d8b9ba02f9204107950decba3,1.0,reconstructed
2002-03-31,2002-04-15T14:00:00Z,af14c41266d2c0a366ef1faf3459469aaa90badb62016ccff6c6e4fbb758faeb,1.0,reconstructed
2002-04-30,2002-05-15T14:00:00Z,b5ec2963cce22c7a6b926e9f0b7496a4e78aab7d34aa4ad698998ac09f7b256e,1.0,reconstructed
2002-05-31,2002-06-15T14:00:00Z,abb46e4fab93cab768ec808fd89be4047e8e5d2000842fca9349a2f5bbdf7bd8,1.0,reconstructed
2002-06-30,2002-07-15T14:00:00Z,55312f5595adfb6107c2064651afdce954f60db5b7e950f9d27aefbb120a1292,1.0,reconstructed
2002-07-31,2002-08-15T14:00:00Z,4ce19d9b130d15b4f77a4001e7dc4b9bcc1c40b83e9751b93984988574d28a7a,1.0,reconstructed
2002-08-31,2002-09-15T14:00:00Z,702e6c8bcdd5e82d5cac93523fab4f070411d4b1fa2cf15a05e28860c74e20f8,1.0,reconstructed
2002-09-30,2002-10-15T14:00:00Z,9aa5b1f80f7a4f8f8fe7b9f79b727d85cf30f0fde893559bcd0436a83cafbdd9,1.0,reconstructed
2002-10-31,2002-11-15T14:00:00Z,49d5b82ee8da02a539f868fed43748560aacfd010070f62f151ff79cef4eff96,1.0,reconstructed
2002-11-30,2002-12-15T14:00:00Z,d8d878ca9caccebf5dd0fdeb6a3a54242fa1b54a14a06718090a88cfd1e71fe6,1.0,reconstructed
2002-12-31,2003-01-15T14:00:00Z,fbd0df08e408c9c12ecee7f9dd3b8fddb3159094e6dd9db802c12e06498cedef,1.0,reconstructed
2003-01-31,2003-02-15T14:00:00Z,3ebea77ea332ad7da32905e76b7b1f81fa65c3af997a370c5c7f9e9edf0ebf38,1.0,reconstructed
2003-02-28,2003-03-15T14:00:00Z,45e55c72105c2f14bfe2ac3e0108b21fc85972af904041ecef587dd73c0d1071,1.0,reconstructed
2003-03-31,2003-04-15T14:00:00Z,f0e4c18a5b6882e9c0c334bc1077ec17e33f2de642c61d9ca4ba155bc5171cca,1.0,reconstructed
2003-04-30,2003-05-15T14:00:00Z,5dc91eb286000b6c46113b9781f2403bfa800d3a563f82579a10a4dd6cfe04d8,1.0,reconstructed
2003-05-31,2003-06-15T14:00:00Z,663e72c6e88b862d1835112a9a605307415cce54d0e9abac83cf72dc927d0ec3,1.0,reconstructed
2003-06-30,2003-07-15T14:00:00Z,7531003a46b72af858111946d8b9166e76f6e54cd8b14b529b7b23440f125a82,1.0,reconstructed
2003-07-31,2003-08-15T14:00:00Z,35f4dfda29c0ccd7ec7ffe83544a8460a65182b201956297a014867c7789c19e,1.0,reconstructed
2003-08-31,2003-09-15T14:00:00Z,2d6d7c0c5a3427a8d0d9f7f665faa0c5894544ef02d2ac89a7b681edd4ca8ccb,1.0,reconstructed
2003-09-30,2003-10-15T14:00:00Z,7912f3016b27836ff303218ceeaf256afc5861915729cabc35f4ee6c25e9b587,1.0,reconstructed
2003-10-31,2003-11-15T14:00:00Z,34176f4749774fe8fdee19f4c8b6a2e9e444405880ac074d79bbb1e0baf29f36,1.0,reconstructed
2003-11-30,2003-12-15T14:00:00Z,e9bb7fdfa4a3367ccb3ca49a0d0ad2eccab4ca72cd356c6cb0fae5d65ae0121e,1.0,reconstructed
2003-12-31,2004-01-15T14:00:00Z,2f53ca27fb17364c652bc20cfff58ab3c3f4ad4689374290f929ce61ac735cbe,1.0,reconstructed
2004-01-31,2004-02-15T14:00:00Z,0549239f3550a9bb792a935b5f0636653f98a2407887deb26bb2723090527bd6,1.0,reconstructed
2004-02-29,2004-03-15T14:00:00Z,a2229ed81ae846a2b756c2dd64159a81b0a5dba5e1f7e353a6252bbe0643f99e,1.0,reconstructed
2004-03-31,2004-04-15T14:00:00Z,504fdd5e27caf2eec2a0d061f014dec696fb39a5c57fcff48406324205df215b,1.0,reconstructed
2004-04-30,2004-05-15T14:00:00Z,642634b6b22ac5734d3560226ce536a1b0368ff4325b27790c84328263176bf8,1.0,reconstructed
2004-05-31,2004-06-15T14:00:00Z,9a8f51cedec1465ea1a1b57ef875c2016af85b2dcb6ab988536a48bf4d88e6e8,1.0,reconstructed
2004-06-30,2004-07-15T14:00:00Z,f75b322cf4aaa6f6227e1f1d14cbe63210fc11a1bbf655e9e5f1c39328318df6,1.0,reconstructed
2004-07-31,2004-08-15T14:00:00Z,f6b919c9fab14392726ed9e872b061fd5bdbe33d8f7a67bdd4ad144741726e57,1.0,reconstructed
2004-08-31,2004-09-15T14:00:00Z,44a94b68f45cf3f639b1821cbdb30a59b588c61c6815e91a5fd49e2c37a9a413,1.0,reconstructed
2004-09-30,2004-10-15T14:00:00Z,bad02cefd86434e2c6e14155192d7fd9090ef2fdda5962aebf713f7d7d1146d6,1.0,reconstructed
2004-10-31,2004-11-15T14:00:00Z,320fb897aec7c1598fff4d6b0f2a19904c5662acb8feb944f1a94df251e449d2,1.0,reconstructed
2004-11-30,2004-12-15T14:00:00Z,eaba4acdbd2871a8306415191b08ac3927ad222850db5ec9127f64d4eb307989,1.0,reconstructed
2004-12-31,2005-01-15T14:00:00Z,82dc82f3f096ed63ce2e3816b1b432e6d29bcc874c7cb69945b8463c59f679b5,1.0,reconstructed
2005-01-31,2005-02-15T14:00:00Z,0906d9b87bfccb064870f1f136339201e62ec7ee835d31a2efdb1a6345705a7b,1.0,reconstructed
2005-02-28,2005-03-15T14:00:00Z,08acfa48fbe008891baea6a8b859513137369423162f1936ded2b59446b3c3bd,1.0,reconstructed
2005-03-31,2005-04-15T14:00:00Z,e0723d95e27a2ed8a8ccd62effe0e962a9007e5c3470ab3f38572ea6ac839e5e,1.0,reconstructed
2005-04-30,2005-05-15T14:00:00Z,6772bbd0868d3e45a72b448aee46621ea4a1ce8b6150241f4341adb4c5ae79dd,1.0,reconstructed
2005-05-31,2005-06-15T14:00:00Z,86971c0b4fcb2f5cfeedcca78d0f9902dac818d926eadb48bf2d2dbf8b7b4948,1.0,reconstructed
2005-06-30,2005-07-15T14:00:00Z,0fb2271dc8df7112d0ff81a8f7d8d4ef66bdd13fba2f77ef696e2d43560325ea,1.0,reconstructed
2005-07-31,2005-08-15T14:00:00Z,8b97942777caef955687488cfecd9b9f914cc1cc6a8bcb9d1e3526c50d71e386,1.0,reconstructed
2005-08-31,2005-09-15T14:00:00Z,57e45b82d35dd0575315ca424613dcba792d89b2db45317835029f97a680fe2e,1.0,reconstructed
2005-09-30,2005-10-15T14:00:00Z,543e9cce1f86204afbbfaec7f912e1f1e5393a0413a3e9eeef0b5a1bd23ef291,1.0,reconstructed
2005-10-31,2005-11-15T14:00:00Z,55bc99cda599fa5754973ce3b51f1f01d461bc0739e1cfd69ba6b731c7c80768,1.0,reconstructed
2005-11-30,2005-12-15T14:00:00Z,c06fabc6a251cf129a4628d6f2bf3b5ecff08a4febf426a272092a8fe414d6e5,1.0,reconstructed
2005-12-31,2006-01-15T14:00:00Z,8c9930b8de6e5e500ab80dad0913b95350ad0c6b4a4ae7e5579dbfd1e43500ef,1.0,reconstructed
2006-01-31,2006-02-15T14:00:00Z,b60c86aced387fe1ae6a9a5b5a954583f0ab988b36d39686c11ccbc682ab5090,1.0,reconstructed
2006-02-28,2006-03-15T14:00:00Z,30a847cdc3cdfaf26975e438763fc51a5347e176b4ea1a221c71dd2d2e7a76ec,1.0,reconstructed
2006-03-31,2006-04-15T14:00:00Z,8bc99ebfb653726873a9d25ebac613a6ccdff5b74065c95a1a9947171822659b,1.0,reconstructed
2006-04-30,2006-05-15T14:00:00Z,9f587c848145954a0dfd672a60e8020ef08c89b8f64c334e4ee6cd702346d697,1.0,reconstructed
2006-05-31,2006-06-15T14:00:00Z,d686757893d84a0d0d85db356a431761e5d0980ae7323d3088385dca5c7965f6,1.0,reconstructed
2006-06-30,2006-07-15T14:00:00Z,3f01257523e371a3bf8972215d1c13b34c639a2cfbdd42dce880893da2367445,1.0,reconstructed
2006-07-31,2006-08-15T14:00:00Z,d1a9af039cfbb5adb37e679722fe9c1534e801ba3ad1d5204b9b35ef04ac1e73,1.0,reconstructed
2006-08-31,2006-09-15T14:00:00Z,e8bdbef9bc49549b2258c5499cd677634b767d6690ef1e98df21be63036cbb46,1.0,reconstructed
2006-09-30,2006-10-15T14:00:00Z,ae2de1ede2e34af53a94e982884daa0bf82d69051685d03c98acbd50f67550e6,1.0,reconstructed
2006-10-31,2006-11-15T14:00:00Z,7d0c84483ba971cdd55abdf77fccdabf6602a7ae683f9baae833858af07c390d,1.0,reconstructed
2006-11-30,2006-12-15T14:00:00Z,cc1bab8aec446da00c64cec8512cbc77df1028bbc068f61622467efa71c79407,1.0,reconstructed
2006-12-31,2007-01-15T14:00:00Z,079b18bbdca0b5650d24a97fc534847f8d5f737b0ffdaf546573932cde97a3a0,1.0,reconstructed
2007-01-31,2007-02-15T14:00:00Z,71571a3c74e339b37f69c48a7129ff59559c53d5322d362d8e703225ddfa9b23,1.0,reconstructed
2007-02-28,2007-03-15T14:00:00Z,e9985d93ee902d878bb05861271b88212a1a99005d361b15d5c373a0d0e93845,1.0,reconstructed
2007-03-31,2007-04-15T14:00:00Z,42d59037c35dc4ee85f3f18bae4a31fcfd87ab9fa0a8b5ce9c74e42c4b411c4e,1.0,reconstructed
2007-04-30,2007-05-15T14:00:00Z,8f7f703be4482e36525074e5eb37732bc8fe750b9e560919249e2fd16df61385,1.0,reconstructed
2007-05-31,2007-06-15T14:00:00Z,68dfd9ceb7d5183a87dd143c6909f13d39cc326c7e683d8f0394fd175f68edfb,1.0,reconstructed
2007-06-30,2007-07-15T14:00:00Z,6060ee4a884e7bdf2419ac62e655d5b4d8c0ab404dd4e319c5415d0707c1b8ce,1.0,reconstructed
2007-07-31,2007-08-15T14:00:00Z,b0cc9c7c93868c4a86b7f56417fbd4a991e5f763672f084f311cbd738fccadd2,1.0,reconstructed
2007-08-31,2007-09-15T14:00:00Z,c8e89e37c9ff42ee2440b8778f50d23aa0b1a393798c794f0fe870f18e11658f,1.0,reconstructed
2007-09-30,2007-10-15T14:00:00Z,2383d17cb9d63707431776951fa48f3bd03f6c38271dcfc41b7adfbc97b9428c,1.0,reconstructed
2007-10-31,2007-11-15T14:00:00Z,f6ade1998b51787db0dbced0d1c949b43bcb786a3cea569f6a7a6774a4fc26a0,1.0,reconstructed
2007-11-30,2007-12-15T14:00:00Z,22b35d972c65357c2d12e14851e3ead859244c1274a1cbfca50e83878ecb74fd,1.0,reconstructed
2007-12-31,2008-01-15T14:00:00Z,aab2312f9d0fc32c1181df7bbb81a098a2e9e1ce039cd5bd0d628102f338c323,1.0,reconstructed
2008-01-31,2008-02-15T14:00:00Z,c518849c6baf92d9a57c3e02f259d30c0f97b221014a9fe296d0392dfe27546c,1.0,reconstructed
2008-02-29,2008-03-15T14:00:00Z,b9ad5c707363d44360e47a23b7476035fd649e5380aea54fa44f707c5be24e95,1.0,reconstructed
2008-03-31,2008-04-15T14:00:00Z,bc1bb42b75e46d0023ff2901d895bab644ddacb034a50dd7824364ac49b544fe,1.0,reconstructed
2008-04-30,2008-05-15T14:00:00Z,be0035ea400652a3d62f34408a8089bb3c47ac6525880be66d0b23262d4b9baa,1.0,reconstructed
2008-05-31,2008-06-15T14:00:00Z,b7bd08df37d9a1800f4e44cd4d03751b854b9c1a9709758743f1d40411a8fcf0,1.0,reconstructed
2008-06-30,2008-07-15T14:00:00Z,d77b91337a9b3edd003e2ccbf99ab49e7466fb7abf786dfc3fc6aa85ad5728df,1.0,reconstructed
2008-07-31,2008-08-15T14:00:00Z,130aa5f1628e630678a4281d7ca0e3eabc55c48f86c16010219121b0f5581d47,1.0,reconstructed
2008-08-31,2008-09-15T14:00:00Z,e3ee657a0bd0925a254167e5f1db0db17241185f457ec3f7c777639faea0f510,1.0,reconstructed
2008-09-30,2008-10-15T14:00:00Z,fb6ad6232586d2c307bba636dae634a9a1cf1935bf9236862f106771e5605dd8,1.0,reconstructed
2008-10-31,2008-11-15T14:00:00Z,f2e53948b1742576e208ff85d23feccb9594fec2296c584deb8be71282688640,1.0,reconstructed
2008-11-30,2008-12-15T14:00:00Z,846792e9c608f71e267525529c4dbb1df9ee4dd70621c47ab5372cda086bce8e,1.0,reconstructed
2008-12-31,2009-01-15T14:00:00Z,e68ad5f35769aaf82054c0932f2dcf95e77e60b267dba32a3d5528db2c012f9c,1.0,reconstructed
2009-01-31,2009-02-15T14:00:00Z,96e4129854f3da951626c69de56323f5bca663af98c05327eb987b90aed166e0,1.0,reconstructed
2009-02-28,2009-03-15T14:00:00Z,155850b074c3e84f50f2f941e13374ecef7c5bcfdc28d1fec29669af90eab75d,1.0,reconstructed
2009-03-31,2009-04-15T14:00:00Z,cc62a4543b438a8955f30763fe84f3839120c646bdc5f288e8c2d2918c9b3bf5,1.0,reconstructed
2009-04-30,2009-05-15T14:00:00Z,eb2d459d659c757ed2ea46cfcfe96ab5e061678dae6a9721ebbe4d475c5f9560,1.0,reconstructed
2009-05-31,2009-06-15T14:00:00Z,1c9379420de42c75a6051358fd065cba51371081579a864f5cff4218a6928e17,1.0,reconstructed
2009-06-30,2009-07-15T14:00:00Z,42e34931ac4645cc5292df3dff983740a3cf813dc0fde83e3e63487b8070ec8b,1.0,reconstructed
2009-07-31,2009-08-15T14:00:00Z,4322043d9734009d846b37c7ad932c0647cec00c7b484ca369c9d187df12a860,1.0,reconstructed
2009-08-31,2009-09-15T14:00:00Z,eecc1aec2172896ef922c3ac7a7b401a8f4ea9e8110a59ca89bacc2a63cf9212,1.0,reconstructed
2009-09-30,2009-10-15T14:00:00Z,db1e8aea403bd2c0c6acf61a8f3894c7cff2d83ef4f718c7c163795c16ff8cbe,1.0,reconstructed
2009-10-31,2009-11-15T14:00:00Z,71187843a7a1d6ad9a6479eb2fb152c9a274cee375623a9c002c9ac3978a7132,1.0,reconstructed
2009-11-30,2009-12-15T14:00:00Z,4e3a12fd28da92cb12feddbfdb11341ee5cb686fb9d2e26a59ff8b620a6eff20,1.0,reconstructed
2009-12-31,2010-01-15T14:00:00Z,75b9724f4becfaaf84e7c5f8f4f63a30e27f2c181743076d3fe58590bb68b2c3,1.0,reconstructed
2010-01-31,2010-02-15T14:00:00Z,db8183bda639f5f927fadd8e7ec87634e66340b4ff0f78c6b3999d4e9bf04495,1.0,reconstructed
2010-02-28,2010-03-15T14:00:00Z,674a83dcca57ab6337909d1276b0f51958dc43966e7ec86a7d176a952f98b87a,1.0,reconstructed
2010-03-31,2010-04-15T14:00:00Z,fbd2f23e71d77665141907be9e395b3f696255788fde28711da9c9411071ed14,1.0,reconstructed
2010-04-30,2010-05-15T14:00:00Z,21dafdd668fcd8b2e098d27edb1fb024e5003f8305576fd1b1a8ee2ecfee896f,1.0,reconstructed
2010-05-31,2010-06-15T14:00:00Z,b35156ad9474edcff2ccc9be9d7593b933208f905ee060e55dd5a947cce02a5f,1.0,reconstructed
2010-06-30,2010-07-15T14:00:00Z,209afe82c8414aa9c237e2835db43bf2491e24c241f56dc3521027a56ab45c9d,1.0,reconstructed
2010-07-31,2010-08-15T14:00:00Z,39e1a74bc7c489e67aa8bc23f7b64856c0a57fdeecdd2ef239062fd3b73efa26,1.0,reconstructed
2010-08-31,2010-09-15T14:00:00Z,b56a193e735186f5972bc0fd3c8376fd42df7dc12968d1a8a3ca4c79664db5c2,1.0,reconstructed
2010-09-30,2010-10-15T14:00:00Z,931f29eedae1fbdad5c4aae19cccbed0ca2dd9932b79a1b2c8157ceaa2a67d2d,1.0,reconstructed
2010-10-31,2010-11-15T14:00:00Z,a8e0b3c56844f9df58490a22ca55c6fc5b929fb5dadfcc0e2543b925b7b8f9f5,1.0,reconstructed
2010-11-30,2010-12-15T14:00:00Z,887b89c7a4bc4377809d406fe92445da29c5dde1a065d626610c28e9f6490346,1.0,reconstructed
2010-12-31,2011-01-15T14:00:00Z,2fdd1dbde40188976b47f45ae66b91364092b34e2bdd45b66cadd14029ff0a82,1.0,reconstructed
2011-01-31,2011-02-15T14:00:00Z,c27538b6835d5884a9780f558e7a01f53e610de7a8d2156d226621ab81cb9a61,1.0,reconstructed
2011-02-28,2011-03-15T14:00:00Z,efdc3a37b748bc6cb9a8a90a1c3af90143243dc353e08ba7045fd2dea11054a6,1.0,reconstructed
2011-03-31,2011-04-15T14:00:00Z,002a1aa751bcc64521111b9f478f1e3eed7795b232052efc3635cff2d374add4,1.0,reconstructed
2011-04-30,2011-05-15T14:00:00Z,c8418eb51ec499d433c328edcdfd084db40640f5b035c2551fc5495b40b9de70,1.0,reconstructed
2011-05-31,2011-06-15T14:00:00Z,2136fd6d9de42d8169a15f2b684d7d6776bb69745062249bce891af9876b9bdd,1.0,reconstructed
2011-06-30,2011-07-15T14:00:00Z,b7e5fced12e1f17a3b56886ea3aa77b84a6437f85aa1d6bb210815c74835ce9c,1.0,reconstructed
2011-07-31,2011-08-15T14:00:00Z,472dbfc3aff5793d8bc1d712488f9218e8d8c08ecc61762a8467b95097191094,1.0,reconstructed
2011-08-31,2011-09-15T14:00:00Z,5e753172fa441c1ebbc72e9ac0db2e939c5159f2c237291faa642c0ee49c7f22,1.0,reconstructed
2011-09-30,2011-10-15T14:00:00Z,7843d24a8757ff467e8f6d5a8f90072b66dc446bdc672378a83d7ba0ec769f61,1.0,reconstructed
2011-10-31,2011-11-15T14:00:00Z,5fde7bb1aca78352e3598d9a8034842f1b834698d28110e06a995c0115e51dc4,1.0,reconstructed
2011-11-30,2011-12-15T14:00:00Z,8484189480c18b8a2a694cd66799110d1e5729680e4cd8acd646b40aa4683c7d,1.0,reconstructed
2011-12-31,2012-01-15T14:00:00Z,11edc75eccb3e3d41b52fbf6e72dbe3f89a610f598215a47d1d31e04a4749cf7,1.0,reconstructed
2012-01-31,2012-02-15T14:00:00Z,4996dc857f49edd2b871f3e7abc4054c7221a7c2df32bea73fb7de8801998d5d,1.0,reconstructed
2012-02-29,2012-03-15T14:00:00Z,72c11a3821d688fd302517d25d95a261a6f3e220c0bd96cfdd66d32e1a5f1b8f,1.0,reconstructed
2012-03-31,2012-04-15T14:00:00Z,9b71ab88d2a6d7985759036640ce8c7aa504eafa7503a76b7093a40169e5a375,1.0,reconstructed
2012-04-30,2012-05-15T14:00:00Z,2d9f4c21b69fe220c06e9735f4ae6875a42eff93a796274d4bc61b6efaa390f2,1.0,reconstructed
2012-05-31,2012-06-15T14:00:00Z,11c7678c7dd582a667a068828ca097b75750b9f6d942217359cc8c66846b5a01,1.0,reconstructed
2012-06-30,2012-07-15T14:00:00Z,ced0170040609359104396567ee720b14313e4b30db1da4d213a14f8d40d7631,1.0,reconstructed
2012-07-31,2012-08-15T14:00:00Z,1c1ffb21459aae0a3015e24fb2436a39688f8faecc8fab74943618fab59c763d,1.0,reconstructed
2012-08-31,2012-09-15T14:00:00Z,6b897904f103a5ad55d46d8716ef224e7b5cb0d3501870e670efdad5dbebab4f,1.0,reconstructed
2012-09-30,2012-10-15T14:00:00Z,2776a94300cf50d8eff36171472e543a4bc3a02658256c6ff47c805b2674dd52,1.0,reconstructed
2012-10-31,2012-11-15T14:00:00Z,77717961964bcc843b1f1cbc7440f85ec6f4a9b81feb36b0ef2a71694ad14d9c,1.0,reconstructed
2012-11-30,2012-12-15T14:00:00Z,21eefccd5ca7a012981717f4cbde1a360a63a55c8119b7a02df5bd3547149b0b,1.0,reconstructed
2012-12-31,2013-01-15T14:00:00Z,b5450929495c96d5c9582b579ee1a0b23ca55572f611c1670541074ceea78206,1.0,reconstructed
2013-01-31,2013-02-15T14:00:00Z,4feee7eddc5d03e7506370abec783c736c4b41891c56d6ba017ae82f4802faca,1.0,reconstructed
2013-02-28,2013-03-15T14:00:00Z,814fad485e134e0ba8d6b530d517353db7dbfb95f8d2e2ecf2b8b653807d8cf9,1.0,reconstructed
2013-03-31,2013-04-15T14:00:00Z,780427fd082ae952214786626033b8dabeadcf62e8c8d03149ff1c9e0505382a,1.0,reconstructed
2013-04-30,2013-05-15T14:00:00Z,a8c5b5962f6b218222f1cc61ac77124055650b546c9ce008001b778453c2a7d5,1.0,reconstructed
2013-05-31,2013-06-15T14:00:00Z,3ea6ae7047ff2a459a3eb153166eee5faf6d0447a490ee756dd3ace558dde64a,1.0,reconstructed
2013-06-30,2013-07-15T14:00:00Z,830f67c4e1c0ab080f3548203d662d0fdbd606d597f7045b317eb5768c80aee5,1.0,reconstructed
2013-07-31,2013-08-15T14:00:00Z,b13cc5dbe68dfcad48bfd5d448bfbb5fb9f24339fb516caddfe8531f06a11b8d,1.0,reconstructed
2013-08-31,2013-09-15T14:00:00Z,f27eda5110dfd0256f5e58331db4136f3ca0982f635ca335195519084ebbb392,1.0,reconstructed
2013-09-30,2013-10-15T14:00:00Z,0e75bfd90146ad85096efd1bdb8a79db55b13658c63f7bc178fb8a5226d9946b,1.0,reconstructed
2013-10-31,2013-11-15T14:00:00Z,e1abc79abe8b1e7a57f7c01bad767a45df58a3249d6d617b66af014e4ef39220,1.0,reconstructed
2013-11-30,2013-12-15T14:00:00Z,df4a09b58ae4a3a2d39e78bd652c7ba789338d13d897ebbd0c388a6e75f81745,1.0,reconstructed
2013-12-31,2014-01-15T14:00:00Z,5ede8cd530a149d017a771f6a6d4fcc37576211f9989d7f012cddec988e732fe,1.0,reconstructed
2014-01-31,2014-02-15T14:00:00Z,6733de406edaf52d69bbc5997a096f925876395e312ec37d5882401977bd3812,1.0,reconstructed
2014-02-28,2014-03-15T14:00:00Z,584e4a1114a47fdebd9e39538fded6e168903919976c1288b66c76bb7bb4daff,1.0,reconstructed
2014-03-31,2014-04-15T14:00:00Z,cde9ae2322f953b6fb97da45dbce93a04c2150995edcffac905637c23d43e72f,1.0,reconstructed
2014-04-30,2014-05-15T14:00:00Z,2eba977e9d7ab65d940c4d094e58a600d50d67c225b263e42136f7176f15adc2,1.0,reconstructed
2014-05-31,2014-06-15T14:00:00Z,54211d9c42324adaabf662b48b56ba07124d28cac2d63c7232c8db5b1536eae1,1.0,reconstructed
2014-06-30,2014-07-15T14:00:00Z,4d1a6eebca7dfd372bb39b1f4019618fccb65ba2c6e79c472da09e6af60306c4,1.0,reconstructed
2014-07-31,2014-08-15T14:00:00Z,3a65fcf11fad16e7717e3660a81cff0f530c581aecc0e78ce98cead4ede88f39,1.0,reconstructed
2014-08-31,2014-09-15T14:00:00Z,885078770fae437432a50bee11b88727a75778633a68bbbfe5470f310567451c,1.0,reconstructed
2014-09-30,2014-10-15T14:00:00Z,f0b5ea8a00a04468faf10b5f6a8ec2ead166a2483389a083810e2550ed275dd9,1.0,reconstructed
2014-10-31,2014-11-15T14:00:00Z,57b6b6943b4d6494c99aa4ff7ec9e148712b8cce6820084db4e9fba45e517f30,1.0,reconstructed
2014-11-30,2014-12-15T14:00:00Z,2313d978fd4892df4f663ce62926b3dfe2d16c24569a543504c6e70c5ae73fef,1.0,reconstructed
2014-12-31,2015-01-15T14:00:00Z,4d0a2bb3b863cf094776a946ec0e35d625a544562cd0f1cade7a6781b9ac7117,1.0,reconstructed
2015-01-31,2015-02-15T14:00:00Z,ee35eb9e67989ed7825733dcf590e27afc0441bcf2214c8cad1fcf1f955dbb8d,1.0,reconstructed
2015-02-28,2015-03-15T14:00:00Z,7b5dc5efdb56ad7785b01134ec65cdb3dd80b424118944e6b4dff3004031c8ae,1.0,reconstructed
2015-03-31,2015-04-15T14:00:00Z,452dd06830e51953c4ab717d2c5b6a3147a6f54dba1e9b44460445ceb8e03286,1.0,reconstructed
2015-04-30,2015-05-15T14:00:00Z,4edfee953ec58c94a6e8120342985c941a698e1bacecbe0f2dda87dbc41eae14,1.0,reconstructed
2015-05-31,2015-06-15T14:00:00Z,4c81863cdd85d5e0bd20dd59d18c1bad9a05109a87b820daa4752ba2864f88ea,1.0,reconstructed
2015-06-30,2015-07-15T14:00:00Z,4b0babc849497d75a27d7b76529aba767cfa71384a1b4f13d3b31fffa2687aa7,1.0,reconstructed
2015-07-31,2015-08-15T14:00:00Z,c82f3d55bdb81c18cd04553d633468f80a8e59af63d3e9d95d656182f6df0193,1.0,reconstructed
2015-08-31,2015-09-15T14:00:00Z,8dc1da921dd1c52dac86f842fc32cfa4224e88785e3b91fcd646f7e1220e56a5,1.0,reconstructed
2015-09-30,2015-10-15T14:00:00Z,82ceb3dc96bfce5c7839685781fea808d154405b321d32ba4c95a64bbc6a4024,1.0,reconstructed
2015-10-31,2015-11-15T14:00:00Z,e55d3768667e56d8cda70bae5f3a909f5b5364b8e0f76f5e40f0e3e31b77938a,1.0,reconstructed
2015-11-30,2015-12-15T14:00:00Z,02ca573af505650410dab8ec2a12c9b0576836671b70e4aa87b1f56564666e74,1.0,reconstructed
2015-12-31,2016-01-15T14:00:00Z,37c435b058a4546bd6f3f1e67ff11c6122f8027c0f8ac2aa68ca0c9f901adabd,1.0,reconstructed
2016-01-31,2016-02-15T14:00:00Z,7948142d97b43615b44b9602515ce93cbf1eb1f6848edf208637161715560b69,1.0,reconstructed
2016-02-29,2016-03-15T14:00:00Z,a8e1e9f4a8a6263c1660485b6d0b667fa69d8f053edda21e6495b8d56a348ede,1.0,reconstructed
2016-03-31,2016-04-15T14:00:00Z,760689a77205122cb51c04de5fbdaa3c227b2d479304b651c08ae180ffd3ded0,1.0,reconstructed
2016-04-30,2016-05-15T14:00:00Z,4c24ec82690f7577374c8d1b03d2fc4fea1b527f6ed8bf96f04459ff54549f47,1.0,reconstructed
2016-05-31,2016-06-15T14:00:00Z,7ac91c4e607043e9c3bdbff41c6f758dcf60d1e8f947766cf0f7b9f6945722f3,1.0,reconstructed
2016-06-30,2016-07-15T14:00:00Z,2a5772ac8dfe643ad80ae77c72f872112b9501148457dd32d08c04b1afbce17f,1.0,reconstructed
2016-07-31,2016-08-15T14:00:00Z,951b4c400ceb1ce9723938dced59958cd2b01376907d6d1c1656ce2e1eccc039,1.0,reconstructed
2016-08-31,2016-09-15T14:00:00Z,85a60457c6799f46c79540b7b1b9828ac3ba2568aaabbdca95a04ff07d6d35b0,1.0,reconstructed
2016-09-30,2016-10-15T14:00:00Z,de3116ed82bc26863d98f0791d1421e868de3167c3cc015afc7959a25740c4f3,1.0,reconstructed
2016-10-31,2016-11-15T14:00:00Z,87a1247a60fb75890f4a9167f48c85d8e7f188ac5f5349263466cbdac3d31d0b,1.0,reconstructed
2016-11-30,2016-12-15T14:00:00Z,104842d5a3ee1f91e1e712fabeadc49976fd79f6da8795ead91bf3b6f146cd15,1.0,reconstructed
2016-12-31,2017-01-15T14:00:00Z,7cab6b4a40b2068bc0cf1677031ef527b2cf5b5f5f0389a12e7ff8a3ca333308,1.0,reconstructed
2017-01-31,2017-02-15T14:00:00Z,8a3f2ca5007f9ccbc363edfc601238a074967c34508489f546c3748c0eff069a,1.0,reconstructed
2017-02-28,2017-03-15T14:00:00Z,c817afc8bca343223a51b48074cc362034ff647d9e6afee111fd6d6aa2dedd6c,1.0,reconstructed
2017-03-31,2017-04-15T14:00:00Z,491d8b373a7e852380916c8002a8593babc1546c41cc80e6bc41ed4800e7e73a,1.0,reconstructed
2017-04-30,2017-05-15T14:00:00Z,048925391875ceb0b2efd3a4533edbadf8fb19479be8e1877631dd5df9f3a5a4,1.0,reconstructed
2017-05-31,2017-06-15T14:00:00Z,f88a97c80d8d294239d24b054ba07046ca090ebe54ea1ab2cc5b0dc6d5734fb2,1.0,reconstructed
2017-06-30,2017-07-15T14:00:00Z,4e154c57dbfc94a705e10ea7bb9efc544226c2c4519008130a5f47d0edc6750a,1.0,reconstructed
2017-07-31,2017-08-15T14:00:00Z,8655bd30701e7dccb7126b23abdfaece9108d5cd13c7dfcf58a82dca5466039b,1.0,reconstructed
2017-08-31,2017-09-15T14:00:00Z,aaf804d3029cf6a799898fd5a15ca727ed20b9bb36698a1ff90bfabae621ad5e,1.0,reconstructed
2017-09-30,2017-10-15T14:00:00Z,4fd97d413a9a39c6397d72a6f14abf56048d0eb45b57e15f02eb39186d9babfe,1.0,reconstructed
2017-10-31,2017-11-15T14:00:00Z,7a631da57b0f602b9682ffa06af6cb70201a0fe6781813b37c373ee5db908037,1.0,reconstructed
2017-11-30,2017-12-15T14:00:00Z,3a6b827a64aacd3d4ffdfafe9af30217f235e3b6fae018498c7a8aea03f8cc69,1.0,reconstructed
2017-12-31,2018-01-15T14:00:00Z,a8950349f8215f8938b14131ccb8a5159a05ff12fbd240adc940c4b80fa6393b,1.0,reconstructed
2018-01-31,2018-02-15T14:00:00Z,e8a7eb9654f324019d09e985e1257a7ac6b33370fa3ebc9bcff8833c9eb4df1a,1.0,reconstructed
2018-02-28,2018-03-15T14:00:00Z,3d57b7994c2214574adc45cc9ca8a6859a751d7c039540d55f15e566809113dc,1.0,reconstructed
2018-03-31,2018-04-15T14:00:00Z,29389a4e8b2ce686148173e4400be3e8f827ae9efa64d49335c7c15fcde41e1a,1.0,reconstructed
2018-04-30,2018-05-15T14:00:00Z,dcae3cdb13d3db82a9ae020c9c85ed68dcfb5815b1ea0aba89d551bf17d92de8,1.0,reconstructed
2018-05-31,2018-06-15T14:00:00Z,079852db15d586c306ecc9fce306c8b713411666010eb4bb25230cb51ed24c54,1.0,reconstructed
2018-06-30,2018-07-15T14:00:00Z,78730333efc6de348bc8256b8f4fa0914d7edc2878d2a6c1a421e62d922a5609,1.0,reconstructed
2018-07-31,2018-08-15T14:00:00Z,ebc3c5fcf56b06a6bce95702468e98a7bb1b48e3ed054d8c957516ef59f3ee4f,1.0,reconstructed
2018-08-31,2018-09-15T14:00:00Z,705a91013b0e34ea0c84cabce4d9f6a39e1b24838dccf80fd2ea425a0dc71411,1.0,reconstructed
2018-09-30,2018-10-15T14:00:00Z,9b6ecb993e2078ba0164762de1b9b7cd03cc30b781e4bc02720ad4a22bd1c9a9,1.0,reconstructed
2018-10-31,2018-11-15T14:00:00Z,7281de5a5e0e21361ff647582e6cd36fe31dd56e0bf98738b231fcc9ead50c74,1.0,reconstructed
2018-11-30,2018-12-15T14:00:00Z,e43244a1d34a71412e3e7b8326ef485988d8deee7fb07f8df0674f3d96320b83,1.0,reconstructed
2018-12-31,2019-01-15T14:00:00Z,556197b97b7b56ee19539962cb1176fe5500db891dc36dfc7d0ab4b74a815357,1.0,reconstructed
2019-01-31,2019-02-15T14:00:00Z,6dc6ed960efe7b1619a5655b9defad28c3a2889ff2248754f26466db28618ea8,1.0,reconstructed
2019-02-28,2019-03-15T14:00:00Z,ef2d1ac1139def0fb1c7575432f49c0b0dffb251feaeb3d78c08022df9eb21d4,1.0,reconstructed
2019-03-31,2019-04-15T14:00:00Z,71d4fa5315ad67f33dce1bfdae6cbc9858a2f5c71c6c81130878be6988f37c3c,1.0,reconstructed
2019-04-30,2019-05-15T14:00:00Z,1f109a6734599f94af34298685be4754dd6e97191359639e467853fa927d3a06,1.0,reconstructed
2019-05-31,2019-06-15T14:00:00Z,010aa51094151148965c67c51def41706d3535c7ec8e7ef5ac2108ce5482eed8,1.0,reconstructed
2019-06-30,2019-07-15T14:00:00Z,b78aeb610baf8111be581837168da83723ac31dc726d6363f726d2350aa1e91f,1.0,reconstructed
2019-07-31,2019-08-15T14:00:00Z,09f4d9f906cf8e4ec26c77372ba295401fd063af6a1d0afbda0a84e4890f7ec2,1.0,reconstructed
2019-08-31,2019-09-15T14:00:00Z,e4139ff4743e25930943c0e61405c406068ca7d4ced65e0d0f3aa93c469543be,1.0,reconstructed
2019-09-30,2019-10-15T14:00:00Z,345ac46266607305bf7dabdc016a356c28410ca258ada22dea1c07d04631a506,1.0,reconstructed
2019-10-31,2019-11-15T14:00:00Z,20a82df1c8e2fc7d41fe889d641dc96f900563780770626bb8d4279d9bfbda8e,1.0,reconstructed
2019-11-30,2019-12-15T14:00:00Z,e3cbafdb539979219621ea5d74f8f4e873267756f95265d79c5418fb8be18aa4,1.0,reconstructed
2019-12-31,2020-01-15T14:00:00Z,4ba83a778f910ca7c2e55353127bb708a83cdb66bb78df2f2772fff4a07a60c4,1.0,reconstructed
2020-01-31,2020-02-15T14:00:00Z,2f90e755cb39eac7116f15a29e832147f64dc7f2b40d54bcc2d1c18f1b534d4c,1.0,reconstructed
2020-02-29,2020-03-15T14:00:00Z,583f1be821f2280897273dde9572e6809b11ee9341871c3c2e77848d02172043,1.0,reconstructed
2020-03-31,2020-04-15T14:00:00Z,d8c13c9a944c112b33a767f66665a7a38f368ce2c71d3164d18ca4fe541b250b,1.0,reconstructed
2020-04-30,2020-05-15T14:00:00Z,5e018540d9558a283c1dcfc66ae95e1d8e97be73808c96e9185b200d807e9e22,1.0,reconstructed
2020-05-31,2020-06-15T14:00:00Z,28a60f9a594a3c1c8adf512bf337162139cf822d352acc02c05eac25b79fee1f,1.0,reconstructed
2020-06-30,2020-07-15T14:00:00Z,e557f40500f61f3dca61e42829ec2f3b27af990323f162feec32fdde0e11abde,1.0,reconstructed
2020-07-31,2020-08-15T14:00:00Z,15ac3aa1020af0e674d3c62541f4ac037319837260ec451ada522aae29845ff3,1.0,reconstructed
2020-08-31,2020-09-15T14:00:00Z,2387e74fa260436cffffffdad2b23119ac18eaef43138769aa443abed9804416,1.0,reconstructed
2020-09-30,2020-10-15T14:00:00Z,74ed0f4c0e2960f51c97e6b5aa2a11237c3e3b19f6a6e7b7e0a5df5922363f22,1.0,reconstructed
2020-10-31,2020-11-15T14:00:00Z,3120e6de5b859aa701deeba7700177756c29e3eab2b1bd9fcffb95d92b364dc5,1.0,reconstructed
2020-11-30,2020-12-15T14:00:00Z,4f469d99ff212d310977845ba7747c9b9ef98ea0d47aca8d2386ff0854544376,1.0,reconstructed
2020-12-31,2021-01-15T14:00:00Z,ee3d5a1fd3a5dd2d67bebffe7942c5e2bb2f1fd72a19b9fbfabdc7a4535dbf34,1.0,reconstructed
2021-01-31,2021-02-15T14:00:00Z,39f01b92b99d8e049dec61103860eac5eb7f5ab2b727c1fe53c009ce6b7ab72b,1.0,reconstructed
2021-02-28,2021-03-15T14:00:00Z,ecf7d93e6d8888b3e5a88a2453b01ede69d25c89d6294b8c122827c55129a09e,1.0,reconstructed
2021-03-31,2021-04-15T14:00:00Z,6d6f12ef1e3a7302947f704328c853eb4afaf1b6e7c337dfcdf62dd0f246db6a,1.0,reconstructed
2021-04-30,2021-05-15T14:00:00Z,f4f846ecfe98a3c9cf7f272bd74856363ade6c32534468180526e7600f203f5c,1.0,reconstructed
2021-05-31,2021-06-15T14:00:00Z,ae2061fb8572202ba0177f6a7ef9b8286c386cda4bdced7ad5942c1549b6ae7a,1.0,reconstructed
2021-06-30,2021-07-15T14:00:00Z,506b5a0d4b25dd25120f1819e852142d0542227a5d46de985c24b0f7c8a2c4d3,1.0,reconstructed
2021-07-31,2021-08-15T14:00:00Z,c0f89f534961040cb039b80f03bcd40d5a9d8a5ec28462cd51b30ac8c6ab0eed,1.0,reconstructed
2021-08-31,2021-09-15T14:00:00Z,f49c9438b18ee95784268d6c3e6f380a8273fa497d24ccda1dad837d4c4610cb,1.0,reconstructed
2021-09-30,2021-10-15T14:00:00Z,2e5d7ed72983851c6a4d14e354277cedc6a8af09a86ff0381a6087ee35a35dad,1.0,reconstructed
2021-10-31,2021-11-15T14:00:00Z,7c05c8554ac8d562d2f5d46e2d152b236ac0822875e9beadba802ea29f57e282,1.0,reconstructed
2021-11-30,2021-12-15T14:00:00Z,29cad0d57cf5c65709677e9bc95dbe7f4fa1276296eece1a2d8813f8537adbff,1.0,reconstructed
2021-12-31,2022-01-15T14:00:00Z,1f84cbe141a6a13c65e174739791368073a85e2c6274695769f38fb12f88117f,1.0,reconstructed
2022-01-31,2022-02-15T14:00:00Z,7d0f38b89f15903ec3c8016e6ec9bafd841c05e2151e0145042ccbd76778fc92,1.0,reconstructed
2022-02-28,2022-03-15T14:00:00Z,8b82bf19e9df0c19036fa8dd08d464dbfdb2cec2e4a0dfaf6b05495d9233d862,1.0,reconstructed
2022-03-31,2022-04-15T14:00:00Z,0b1cad1c807ec3f3d8752d41e64fe27698fd64d0ff65fb7447770ae456bdbf47,1.0,reconstructed
2022-04-30,2022-05-15T14:00:00Z,51d45e64339265b8bcfa994fee88848979a8a5bc422cf453e6cbda02e344f0a6,1.0,reconstructed
2022-05-31,2022-06-15T14:00:00Z,fbf55c6c7ef10cb9c7203a90644cc5e95df43ec5d3e137f8e390ee2872e1c8be,1.0,reconstructed
2022-06-30,2022-07-15T14:00:00Z,8ee1e0464b813383b40f021693e443e9f282be82629268e5852e3e67da369044,1.0,reconstructed
2022-07-31,2022-08-15T14:00:00Z,8705eb38957e310f5dee718ed234bc3e38adb5b170d7a0f998a70c5f97542605,1.0,reconstructed
2022-08-31,2022-09-15T14:00:00Z,09dc6d058d3ec0afdfb272d8be3816d45856f2ecc620ab4822a128ce2dd6382a,1.0,reconstructed
2022-09-30,2022-10-15T14:00:00Z,e2fcffa52f9924b554e64c87c5aa5e0ec432a3d4b7898ceabafde8e26be8a1fd,1.0,reconstructed
2022-10-31,2022-11-15T14:00:00Z,43190993cf4480e02abf23392ef2197a34856208a8d33af152e627b92f35e173,1.0,reconstructed
2022-11-30,2022-12-15T14:00:00Z,609a7d1a48ead3affea093802c38eaddcb03d052ab7e5ba03d7a7c183eaa2922,1.0,reconstructed
2022-12-31,2023-01-15T14:00:00Z,92dc6492dd694d631d9a161288ccd52dffdb3b5f3be73ea6697e04400df10526,1.0,reconstructed
2023-01-31,2023-02-15T14:00:00Z,e41e38c623ffc3da26ee84f7e5064322707dfb5008c962b0652ae6a76fc70249,1.0,reconstructed
2023-02-28,2023-03-15T14:00:00Z,8948a19adb519208f0065d2b8903a5572e62663e56ff0d612c1fd11e2daeb905,1.0,reconstructed
2023-03-31,2023-04-15T14:00:00Z,8fccf9ab972ecbc99a49fe1cb4d293e8959bf1ff00864a1d944c526e2f33784b,1.0,reconstructed
2023-04-30,2023-05-15T14:00:00Z,3fc2684127d50f43738b615908e29a2253a5c6d8be01ea4a93c4c9ecc44161ec,1.0,reconstructed
2023-05-31,2023-06-15T14:00:00Z,b0e83ec6d132e9976d59cdb46ca7c59b43c2e3c519c323534402da6c310d6a86,1.0,reconstructed
2023-06-30,2023-07-15T14:00:00Z,546acc651c66af6ef9d6a6f25a7ab3394fe8e8fa83c84d5a06e78c12aa9110cd,1.0,reconstructed
2023-07-31,2023-08-15T14:00:00Z,e4b69b3979b1dc8866e38b7a114b257964c6785d5ebf10d96ead78822935160c,1.0,reconstructed
2023-08-31,2023-09-15T14:00:00Z,1055624011b51c9df06764dac23750b2b233983e055cd7b3a3adbf9c3045127d,1.0,reconstructed
2023-09-30,2023-10-15T14:00:00Z,a396b729b9da010123d67d78d226280c527c0646fff9ddf9baef59495c8b18b0,1.0,reconstructed
2023-10-31,2023-11-15T14:00:00Z,43e8cbcafd839cc5afbc0255596a0987e65639f4df932b0d18d32d265923671a,1.0,reconstructed
2023-11-30,2023-12-15T14:00:00Z,1d8814e8e57f1e1ac81dc282876e821487527a7e78dac9b464f778bcab1c3443,1.0,reconstructed
2023-12-31,2024-01-15T14:00:00Z,55a89ff0ffd268ee0f92e2048b05e94c9454f555bd0e4eb2a865436792021e3f,1.0,reconstructed
2024-01-31,2024-02-15T14:00:00Z,23afb4b97674622101aec1f7c3ff995321fdff839391bf750896eab5939fb4c0,1.0,reconstructed
2024-02-29,2024-03-15T14:00:00Z,49b6cc7665f0b28094d61424b4a9a5ba0d08564a645632ca97650ba20b166542,1.0,reconstructed
2024-03-31,2024-04-15T14:00:00Z,99c735d9f754b260ce9792dc93ad28c78a5f81eb2cdb8eab9649ffdf05e4eae8,1.0,reconstructed
2024-04-30,2024-05-15T14:00:00Z,76b8d47a35f2b1712cc4f234dbc90d54c138077935c6617ad05fef043d0a5ea3,1.0,reconstructed
2024-05-31,2024-06-15T14:00:00Z,339f87e8b9914e75e06ceb7fce3930681932eaa41d41431bd2dd411142f2ae26,1.0,reconstructed
2024-06-30,2024-07-15T14:00:00Z,8e0b0ee243dab8a5501272104e905b31ce57eceba07c1c226a6899344306894a,1.0,reconstructed
2024-07-31,2024-08-15T14:00:00Z,23c62229318f43a176ba445f2a1bb6c0fcb67f019e0545cf79139c2babab9479,1.0,reconstructed
2024-08-31,2024-09-15T14:00:00Z,9663c322feaa6837a2dbdcffae8f1a7ae843e1895f658e9ce04e913b921245cc,1.0,reconstructed
2024-09-30,2024-10-15T14:00:00Z,382b37d5c525f200a2d47db85cf0835d1b831cf5a2b2fabc6b9542831336e467,1.0,reconstructed
2024-10-31,2024-11-15T14:00:00Z,1b33f07c95c41ab79e2bdf9cd82d0de92172fc60e718c94e07401a5f40dd25d9,1.0,reconstructed
2024-11-30,2024-12-15T14:00:00Z,4be168f5d260753d878105bdc8f3f0bc56cca15de12a3a3db1bec3ab3bf7e7d5,1.0,reconstructed
2024-12-31,2025-01-15T14:00:00Z,faf81f45fcbf16e5fdc1553147a5b56b414fbc42c29231649330fcfa9ff60630,1.0,reconstructed
2025-01-31,2025-02-15T14:00:00Z,f8ef7d5c12db8e939595ab83179590c976ee2dcd10cbdfbc5a415373290b7bae,1.0,reconstructed
2025-02-28,2025-03-15T14:00:00Z,15108358a3a9d968e9292c0456bc33b5e86d3df83f3c6f85771f405ce4e596fd,1.0,reconstructed
2025-03-31,2025-04-15T14:00:00Z,2cd4cc4e589bedc63ed0cfd1faabc2ff4a70de679f9b4ee7eaf7fa38aae92a57,1.0,reconstructed
2025-04-30,2025-05-15T14:00:00Z,e30935742ee4452d452495518de321e398841bef07eee998e412c4076a62ec33,1.0,reconstructed
2025-05-31,2025-06-15T14:00:00Z,288d06b137f339fb35452a1ad732d27cdb584ce173c80c85575f07c0a2726539,1.0,reconstructed
2025-06-30,2025-07-15T14:00:00Z,41d3687fc016ece3a435e5ff9712bac4f2557c740c2ee4e936e50d8c3ca62b8f,1.0,reconstructed
2025-07-31,2025-08-15T14:00:00Z,0ee4dcc6031a148da61e3668f34ea70706b8cd3fbcf16a8727d916812960d0b7,1.0,reconstructed
2025-08-31,2025-09-15T14:00:00Z,b797762502d6f20e1ae6a99a70ac57ebcb0b70974cb02259421281a81e266f02,1.0,reconstructed
2025-09-30,2025-10-15T14:00:00Z,88d4aec176bfced6fdb5182633cec77f4825a89f9dd56eca5a0f4215d16c205a,1.0,reconstructed
2025-10-31,2025-11-15T14:00:00Z,d1d447bcfbb0433cfb0dfe0e6b3b425a698ed91d4c47a55c6f407a47375c91eb,1.0,reconstructed
2025-11-30,2025-12-15T14:00:00Z,8df545019f30ffc01c188e9e31f5c126c223527d7b8c29515dcad2672d16608b,1.0,reconstructed
2025-12-31,2026-01-15T14:00:00Z,df8648f26a64482a1305f8cf26726b1885bb05971f7980a65aa00e6a87cb929d,1.0,reconstructed
2026-01-31,2026-02-15T14:00:00Z,6f1c50b875dc2d386d83775d533fd289f51058c46f2b0c6ff8e2f70452085f22,1.0,reconstructed
2026-02-28,2026-03-15T14:00:00Z,c41323497f0cfe1773b0da6b1bcf739f357cd8804e00b85d7830f9102d7f0d57,1.0,reconstructed
2026-03-31,2026-04-15T14:00:00Z,08bcd2928c48e4ce5a07041b520eb8e2123fd663feeedb3cd7a6f0972709dd92,1.0,reconstructed
2026-04-30,2026-05-15T14:00:00Z,346f872407ec920374e302f4212a3e09889ba7af8210c1c21f6206ae26596fcd,1.0,reconstructed
2026-05-31,2026-06-15T14:00:00Z,bec0d5f74e77e7496334745df3bb2f8b4516618ae261db1b2b192748dc22a323,1.0,reconstructed
2026-06-30,2026-07-15T14:00:00Z,07d5172e36002e6bd3254aae0e24130d99783d433a60ebef010db2bf2647047a,1.0,live
2025-11-30,2026-08-10T04:20:57Z,f05f5d28f120badd8da48565d1427b17051d354031471f8083e65e80c8b66a36,1.0,live
2025-12-31,2026-08-10T04:20:57Z,4959714832a3eefe217ff6577b30b56ace3c99622e3eac701e3396c11038c2b7,1.0,live
2026-01-31,2026-08-10T04:20:57Z,239caa15fefe49ef9ebaee40a063468f840cda4de488ac0fb986992a28c46eb6,1.0,live
2026-04-30,2026-08-10T04:20:57Z,543e33438ea215aa171ea582623ebe3f0e85d8cbcfe6fe480e1e5fb898e051cd,1.0,live
2026-05-31,2026-08-10T04:20:57Z,f71ed8a3ac9ea7b106ac8f3bebaa99bbc182e44dd6609a1173563b1ca898caf6,1.0,live
