date,regime_idx,regime_label,filt_prob_max
2024-01-02,0,Low-Vol,0.9998663567887901
2024-01-03,0,Low-Vol,0.9998167858143008
2024-01-04,0,Low-Vol,0.9998790275821522
2024-01-05,0,Low-Vol,0.9996354019956288
2024-01-08,0,Low-Vol,0.9986237287534235
2024-01-09,0,Low-Vol,0.9995561164529615
2024-01-10,0,Low-Vol,0.9994835800443996
2024-01-11,0,Low-Vol,0.9993186426612812
2024-01-12,0,Low-Vol,0.9934040810986111
2024-01-16,0,Low-Vol,0.9848860380938309
2024-01-17,0,Low-Vol,0.9893271253876753
2024-01-18,0,Low-Vol,0.9844608505069202
2024-01-19,0,Low-Vol,0.9122335757536257
2024-01-22,0,Low-Vol,0.8962935337648522
2024-01-23,0,Low-Vol,0.7293259480779284
2024-01-24,2,High-Vol,0.5356510669650307
2024-01-25,2,High-Vol,0.8343384810659848
2024-01-26,2,High-Vol,0.9772073005009193
2024-01-29,2,High-Vol,0.9960305665510873
2024-01-30,2,High-Vol,0.9909058091331219
2024-01-31,2,High-Vol,0.9958465324185996
2024-02-01,2,High-Vol,0.9860666675021605
2024-02-02,2,High-Vol,0.9769004768742172
2024-02-05,2,High-Vol,0.9866251866918756
2024-02-06,2,High-Vol,0.9896516152853254
2024-02-07,2,High-Vol,0.9882709762287027
2024-02-08,2,High-Vol,0.9888285445868761
2024-02-09,2,High-Vol,0.9885309347723366
2024-02-12,2,High-Vol,0.9894177264018507
2024-02-13,2,High-Vol,0.9651193127862316
2024-02-14,2,High-Vol,0.9800702124555266
2024-02-15,2,High-Vol,0.9720296156609545
2024-02-16,2,High-Vol,0.9316395258734811
2024-02-20,2,High-Vol,0.8859468347889617
2024-02-21,2,High-Vol,0.823052590578292
2024-02-22,2,High-Vol,0.728123713137324
2024-02-23,1,Moderate-Vol,0.7627906248722914
2024-02-26,1,Moderate-Vol,0.958987125522777
2024-02-27,1,Moderate-Vol,0.980420239379324
2024-02-28,1,Moderate-Vol,0.9826573537027017
2024-02-29,1,Moderate-Vol,0.9848976708637688
2024-03-01,1,Moderate-Vol,0.9627812952481074
2024-03-04,1,Moderate-Vol,0.9710763679087759
2024-03-05,1,Moderate-Vol,0.9956409449243038
2024-03-06,1,Moderate-Vol,0.9951801718162291
2024-03-07,1,Moderate-Vol,0.994912528160817
2024-03-08,1,Moderate-Vol,0.992626217397325
2024-03-11,1,Moderate-Vol,0.992178142703118
2024-03-12,1,Moderate-Vol,0.9926107753445738
2024-03-13,1,Moderate-Vol,0.9873061334808888
2024-03-14,1,Moderate-Vol,0.983552687430768
2024-03-15,1,Moderate-Vol,0.9896082408679783
2024-03-18,1,Moderate-Vol,0.9794191818934536
2024-03-19,1,Moderate-Vol,0.9599498932078104
2024-03-20,1,Moderate-Vol,0.8392314080187623
2024-03-21,1,Moderate-Vol,0.6627640154189663
2024-03-22,1,Moderate-Vol,0.5526488490634472
2024-03-25,0,Low-Vol,0.8283013830099181
2024-03-26,0,Low-Vol,0.9365162823902908
2024-03-27,0,Low-Vol,0.9656176996730463
2024-03-28,0,Low-Vol,0.9661026713393042
2024-04-01,0,Low-Vol,0.9444192762504473
2024-04-02,0,Low-Vol,0.9013233614735912
2024-04-03,0,Low-Vol,0.9998614816937245
2024-04-04,0,Low-Vol,0.9986362862889685
2024-04-05,0,Low-Vol,0.999405993936828
2024-04-08,0,Low-Vol,0.9998112030431736
2024-04-09,0,Low-Vol,0.9998316825989281
2024-04-10,0,Low-Vol,0.9993168000080197
2024-04-11,0,Low-Vol,0.9997711436783614
2024-04-12,0,Low-Vol,0.9972752195812443
2024-04-15,0,Low-Vol,0.9880948576333644
2024-04-16,0,Low-Vol,0.9975346029341781
2024-04-17,0,Low-Vol,0.9983189572529251
2024-04-18,0,Low-Vol,0.9990271965797759
2024-04-19,0,Low-Vol,0.9976141754765491
2024-04-22,0,Low-Vol,0.9996184476932576
2024-04-23,0,Low-Vol,0.9998680413338329
2024-04-24,0,Low-Vol,0.9999271764111466
2024-04-25,0,Low-Vol,0.9999424650683608
2024-04-26,0,Low-Vol,0.9999505531480436
2024-04-29,0,Low-Vol,0.9999705855196249
2024-04-30,0,Low-Vol,0.9996029875696538
2024-05-01,0,Low-Vol,0.9999502286650713
2024-05-02,0,Low-Vol,0.9999639257945587
2024-05-03,0,Low-Vol,0.9999690839214533
2024-05-06,0,Low-Vol,0.9999750805243922
2024-05-07,0,Low-Vol,0.9999846595940833
2024-05-08,0,Low-Vol,0.9999847587964918
2024-05-09,0,Low-Vol,0.9999849885386989
2024-05-10,0,Low-Vol,0.9999853292695996
2024-05-13,0,Low-Vol,0.999981388874449
2024-05-14,0,Low-Vol,0.9999818616951474
2024-05-15,0,Low-Vol,0.9999724609922666
2024-05-16,0,Low-Vol,0.9999827163280045
2024-05-17,0,Low-Vol,0.9999836976480324
2024-05-20,0,Low-Vol,0.9999855381103459
2024-05-21,0,Low-Vol,0.9999837298288891
2024-05-22,0,Low-Vol,0.9999801291033215
2024-05-23,0,Low-Vol,0.9999670547528863
2024-05-24,0,Low-Vol,0.9999741651859996
2024-05-28,0,Low-Vol,0.9999822199321143
2024-05-29,0,Low-Vol,0.9999661892889868
2024-05-30,0,Low-Vol,0.9999648329239469
2024-05-31,0,Low-Vol,0.999980400821736
2024-06-03,0,Low-Vol,0.9999822362032509
2024-06-04,0,Low-Vol,0.9999792032244903
2024-06-05,0,Low-Vol,0.999964066343519
2024-06-06,0,Low-Vol,0.9999814710399223
2024-06-07,0,Low-Vol,0.9999861415807971
2024-06-10,0,Low-Vol,0.9999876594490911
2024-06-11,0,Low-Vol,0.9999861183931341
2024-06-12,0,Low-Vol,0.9999818553346753
2024-06-13,0,Low-Vol,0.9999869145127107
2024-06-14,0,Low-Vol,0.9999895386046619
2024-06-17,0,Low-Vol,0.9999862062527118
2024-06-18,0,Low-Vol,0.9999902873899535
2024-06-20,0,Low-Vol,0.9999880069623099
2024-06-21,0,Low-Vol,0.9999932622808367
2024-06-24,0,Low-Vol,0.9999921390765256
2024-06-25,0,Low-Vol,0.9999946794613909
2024-06-26,0,Low-Vol,0.999995819830988
2024-06-27,0,Low-Vol,0.9999957350689422
2024-06-28,0,Low-Vol,0.999997364640733
2024-07-01,0,Low-Vol,0.9999977169363926
2024-07-02,0,Low-Vol,0.9999974804563608
2024-07-03,0,Low-Vol,0.9999467695959555
2024-07-05,0,Low-Vol,0.9999336279814582
2024-07-08,0,Low-Vol,0.9999493871281572
2024-07-09,0,Low-Vol,0.9999416667090603
2024-07-10,0,Low-Vol,0.9998924717785095
2024-07-11,0,Low-Vol,0.9998146949833238
2024-07-12,0,Low-Vol,0.9999014046845023
2024-07-15,0,Low-Vol,0.999840234420825
2024-07-16,0,Low-Vol,0.9998680032958002
2024-07-17,0,Low-Vol,0.9982776693040244
2024-07-18,0,Low-Vol,0.9986558830310117
2024-07-19,0,Low-Vol,0.9974993946852121
2024-07-22,0,Low-Vol,0.999215227792865
2024-07-23,0,Low-Vol,0.9993163712493082
2024-07-24,1,Moderate-Vol,0.9108203394679517
2024-07-25,1,Moderate-Vol,0.9766358174302382
2024-07-26,1,Moderate-Vol,0.9244229812888572
2024-07-29,1,Moderate-Vol,0.6479925695499632
2024-07-30,1,Moderate-Vol,0.6066979228618381
2024-07-31,1,Moderate-Vol,0.5691172935987269
2024-08-01,1,Moderate-Vol,0.96961299444645
2024-08-02,1,Moderate-Vol,0.9995042674179531
2024-08-05,1,Moderate-Vol,0.9989250456384433
2024-08-06,1,Moderate-Vol,0.9996219136781761
2024-08-07,1,Moderate-Vol,0.9995922730169742
2024-08-08,1,Moderate-Vol,0.99952595238583
2024-08-09,1,Moderate-Vol,0.9993574136456499
2024-08-12,1,Moderate-Vol,0.9993964559009073
2024-08-13,1,Moderate-Vol,0.9991386536782987
2024-08-14,1,Moderate-Vol,0.9515639043189766
2024-08-15,1,Moderate-Vol,0.8938240397774787
2024-08-16,0,Low-Vol,0.7321707394111097
2024-08-19,0,Low-Vol,0.9769136310876675
2024-08-20,0,Low-Vol,0.995662175549635
2024-08-21,0,Low-Vol,0.9958773766754466
2024-08-22,0,Low-Vol,0.9573965382393452
2024-08-23,0,Low-Vol,0.9653214214583598
2024-08-26,0,Low-Vol,0.9814398443853665
2024-08-27,0,Low-Vol,0.983224332917546
2024-08-28,0,Low-Vol,0.8616917484213763
2024-08-29,0,Low-Vol,0.8947569782140979
2024-08-30,0,Low-Vol,0.9090274965105676
2024-09-03,1,Moderate-Vol,0.9955288997968944
2024-09-04,1,Moderate-Vol,0.9970749149532809
2024-09-05,1,Moderate-Vol,0.9973965243099675
2024-09-06,1,Moderate-Vol,0.9954613370259007
2024-09-09,1,Moderate-Vol,0.9947422115060062
2024-09-10,1,Moderate-Vol,0.9935859187628817
2024-09-11,1,Moderate-Vol,0.9938476948128092
2024-09-12,1,Moderate-Vol,0.9923279626215193
2024-09-13,1,Moderate-Vol,0.9861672938007667
2024-09-16,1,Moderate-Vol,0.983236272874328
2024-09-17,1,Moderate-Vol,0.9817752118462433
2024-09-18,1,Moderate-Vol,0.9793628722187732
2024-09-19,1,Moderate-Vol,0.9820909083098756
2024-09-20,1,Moderate-Vol,0.9581367789229481
2024-09-23,1,Moderate-Vol,0.9304825048770283
2024-09-24,1,Moderate-Vol,0.8837298966367433
2024-09-25,1,Moderate-Vol,0.82094549346726
2024-09-26,1,Moderate-Vol,0.7765508621659981
2024-09-27,1,Moderate-Vol,0.5714791528443814
2024-09-30,1,Moderate-Vol,0.6135851840313069
2024-10-01,1,Moderate-Vol,0.8115533527623181
2024-10-02,1,Moderate-Vol,0.9869460179866525
2024-10-03,1,Moderate-Vol,0.9815271796114984
2024-10-04,1,Moderate-Vol,0.9776534566589078
2024-10-07,1,Moderate-Vol,0.9640800522087918
2024-10-08,1,Moderate-Vol,0.9502729137497885
2024-10-09,1,Moderate-Vol,0.9370121046716119
2024-10-10,1,Moderate-Vol,0.9154875458206745
2024-10-11,1,Moderate-Vol,0.857256846010015
2024-10-15,1,Moderate-Vol,0.7932822056465574
2024-10-16,1,Moderate-Vol,0.7360472441168022
2024-10-17,1,Moderate-Vol,0.6671995072899665
2024-10-18,1,Moderate-Vol,0.5939926056757352
2024-10-21,1,Moderate-Vol,0.5220727042469193
2024-10-22,1,Moderate-Vol,0.6282166572012601
2024-10-23,1,Moderate-Vol,0.7565230999801497
2024-10-24,1,Moderate-Vol,0.8362320316626382
2024-10-25,1,Moderate-Vol,0.9317648179038689
2024-10-28,1,Moderate-Vol,0.9710281236185517
2024-10-29,1,Moderate-Vol,0.985634886337928
2024-10-30,1,Moderate-Vol,0.9925949404650508
2024-10-31,1,Moderate-Vol,0.9959013423326656
2024-11-01,1,Moderate-Vol,0.9977532520994343
2024-11-04,1,Moderate-Vol,0.9980863150636632
2024-11-05,1,Moderate-Vol,0.9973980204616607
2024-11-06,1,Moderate-Vol,0.9945626584820153
2024-11-07,1,Moderate-Vol,0.972563418006662
2024-11-08,1,Moderate-Vol,0.9240639711757699
2024-11-12,1,Moderate-Vol,0.8549357512704131
2024-11-13,1,Moderate-Vol,0.6530756556228207
2024-11-14,1,Moderate-Vol,0.5415467237305671
2024-11-15,1,Moderate-Vol,0.9163444684253489
2024-11-18,1,Moderate-Vol,0.8816300994781163
2024-11-19,1,Moderate-Vol,0.8985372246785254
2024-11-20,1,Moderate-Vol,0.9464007241110769
2024-11-21,1,Moderate-Vol,0.9639419107122614
2024-11-22,1,Moderate-Vol,0.8999036516706157
2024-11-25,1,Moderate-Vol,0.7187218561222276
2024-11-26,0,Low-Vol,0.5865228619238326
2024-11-27,0,Low-Vol,0.8164683667575234
2024-11-29,0,Low-Vol,0.9607976696983789
2024-12-02,0,Low-Vol,0.9930551473269016
2024-12-03,0,Low-Vol,0.9973813060744258
2024-12-04,0,Low-Vol,0.9974056865601609
2024-12-05,0,Low-Vol,0.9975122826299629
2024-12-06,0,Low-Vol,0.9986320695774007
2024-12-09,0,Low-Vol,0.9947226194455043
2024-12-10,0,Low-Vol,0.995417147673221
2024-12-11,0,Low-Vol,0.996103481873668
2024-12-12,0,Low-Vol,0.9947488681399796
2024-12-13,0,Low-Vol,0.9967354451846034
2024-12-16,0,Low-Vol,0.9950469428279318
2024-12-17,0,Low-Vol,0.9841052729615107
2024-12-18,1,Moderate-Vol,0.9901758634061848
2024-12-19,1,Moderate-Vol,0.9997904348324587
2024-12-20,1,Moderate-Vol,0.9981776682440143
2024-12-23,1,Moderate-Vol,0.9909647281722651
2024-12-24,1,Moderate-Vol,0.9618742197124639
2024-12-26,1,Moderate-Vol,0.8758735847563945
2024-12-27,1,Moderate-Vol,0.9658976850160542
2024-12-30,1,Moderate-Vol,0.9954701422493857
2024-12-31,1,Moderate-Vol,0.9939590688514612
2025-01-02,1,Moderate-Vol,0.9948980311581717
2025-01-03,1,Moderate-Vol,0.9923194181077412
2025-01-06,1,Moderate-Vol,0.9999535575799491
2025-01-07,1,Moderate-Vol,0.9999945161983516
2025-01-08,1,Moderate-Vol,0.9999839994209302
2025-01-10,1,Moderate-Vol,0.9999946905013083
2025-01-13,1,Moderate-Vol,0.9999930747644556
2025-01-14,1,Moderate-Vol,0.9999909890977635
2025-01-15,1,Moderate-Vol,0.999993018764867
2025-01-16,1,Moderate-Vol,0.9999655145265084
2025-01-17,1,Moderate-Vol,0.9999491784848678
2025-01-21,1,Moderate-Vol,0.9998789786112866
2025-01-22,1,Moderate-Vol,0.9998634865819339
2025-01-23,1,Moderate-Vol,0.9998758962671569
2025-01-24,1,Moderate-Vol,0.9998332544023931
2025-01-27,1,Moderate-Vol,0.9999943993322561
2025-01-28,1,Moderate-Vol,0.9999432403266231
2025-01-29,1,Moderate-Vol,0.9999399385846864
2025-01-30,1,Moderate-Vol,0.9998768093893444
2025-01-31,1,Moderate-Vol,0.999921640135973
2025-02-03,1,Moderate-Vol,0.9999824544493081
2025-02-04,1,Moderate-Vol,0.9999302811827061
2025-02-05,1,Moderate-Vol,0.9997381456340378
2025-02-06,1,Moderate-Vol,0.9996501109841855
2025-02-07,1,Moderate-Vol,0.9999116650882928
2025-02-10,1,Moderate-Vol,0.9997129752494922
2025-02-11,1,Moderate-Vol,0.9997148078506992
2025-02-12,1,Moderate-Vol,0.9997581919590853
2025-02-13,1,Moderate-Vol,0.9996998505298569
2025-02-14,1,Moderate-Vol,0.9993499615439427
2025-02-18,1,Moderate-Vol,0.9995839032669673
2025-02-19,1,Moderate-Vol,0.9995631251447937
2025-02-20,1,Moderate-Vol,0.9997056586708792
2025-02-21,1,Moderate-Vol,0.9999876596847929
2025-02-24,1,Moderate-Vol,0.9999834724685506
2025-02-25,1,Moderate-Vol,0.9999843016810475
2025-02-26,1,Moderate-Vol,0.999967957390875
2025-02-27,1,Moderate-Vol,0.9999849129976978
2025-02-28,1,Moderate-Vol,0.9999910927696691
2025-03-03,1,Moderate-Vol,0.9999669428581229
2025-03-04,1,Moderate-Vol,0.9999876528559304
2025-03-05,1,Moderate-Vol,0.9999942580159727
2025-03-06,1,Moderate-Vol,0.9999805769277652
2025-03-07,1,Moderate-Vol,0.9999941084164227
2025-03-10,1,Moderate-Vol,0.9997609828068965
2025-03-11,1,Moderate-Vol,0.9999869346231144
2025-03-12,1,Moderate-Vol,0.9999925005070031
2025-03-13,1,Moderate-Vol,0.9999840044494108
2025-03-14,1,Moderate-Vol,0.9999603529297639
2025-03-17,1,Moderate-Vol,0.9999878548740915
2025-03-18,1,Moderate-Vol,0.9999782239985091
2025-03-19,1,Moderate-Vol,0.9999873190626261
2025-03-20,1,Moderate-Vol,0.9999914983631966
2025-03-21,1,Moderate-Vol,0.9999857308551302
2025-03-24,1,Moderate-Vol,0.9999736681008354
2025-03-25,1,Moderate-Vol,0.9999880299152013
2025-03-26,1,Moderate-Vol,0.999985582386379
2025-03-27,1,Moderate-Vol,0.9999915066693483
2025-03-28,1,Moderate-Vol,0.999806659990458
2025-03-31,1,Moderate-Vol,0.9999413371534184
2025-04-01,1,Moderate-Vol,0.9999364074543384
2025-04-02,1,Moderate-Vol,0.9999299230017532
2025-04-03,2,High-Vol,0.43119703392131264
2025-04-04,2,High-Vol,0.9994695783514727
2025-04-07,2,High-Vol,0.9991908518027596
2025-04-08,2,High-Vol,0.9999999061678962
2025-04-09,2,High-Vol,0.9999998157545925
2025-04-10,2,High-Vol,0.999395670664707
2025-04-11,2,High-Vol,0.9753839446697972
2025-04-14,2,High-Vol,0.43570041429984985
2025-04-15,1,Moderate-Vol,0.5533960094294557
2025-04-16,2,High-Vol,0.6076662806580317
2025-04-17,1,Moderate-Vol,0.730770826105186
2025-04-21,2,High-Vol,0.7609757143943429
2025-04-22,2,High-Vol,0.9418779096234313
2025-04-23,2,High-Vol,0.9348215784054902
2025-04-24,2,High-Vol,0.9137545996313167
2025-04-25,2,High-Vol,0.614578680071836
2025-04-28,1,Moderate-Vol,0.7992101738545916
2025-04-29,1,Moderate-Vol,0.9698709133449188
2025-04-30,1,Moderate-Vol,0.9951516631603866
2025-05-01,1,Moderate-Vol,0.9987422798481989
2025-05-02,1,Moderate-Vol,0.9996126012412982
2025-05-05,1,Moderate-Vol,0.9997160806233376
2025-05-06,1,Moderate-Vol,0.9995699312237131
2025-05-07,1,Moderate-Vol,0.9997515910514151
2025-05-08,1,Moderate-Vol,0.9998316147669879
2025-05-09,1,Moderate-Vol,0.9999540377130666
2025-05-12,1,Moderate-Vol,0.999529899420407
2025-05-13,1,Moderate-Vol,0.9999871201530762
2025-05-14,1,Moderate-Vol,0.9999879408676722
2025-05-15,1,Moderate-Vol,0.9999904355651247
2025-05-16,1,Moderate-Vol,0.9999954942591245
2025-05-19,1,Moderate-Vol,0.9999955808157727
2025-05-20,1,Moderate-Vol,0.9999956380437451
2025-05-21,1,Moderate-Vol,0.9999704989152837
2025-05-22,1,Moderate-Vol,0.9999910284695416
2025-05-23,1,Moderate-Vol,0.999989567335535
2025-05-27,1,Moderate-Vol,0.9999905104202852
2025-05-28,1,Moderate-Vol,0.9999966906435428
2025-05-29,1,Moderate-Vol,0.9999968396016466
2025-05-30,1,Moderate-Vol,0.9999974184125596
2025-06-02,1,Moderate-Vol,0.9999971891342223
2025-06-03,1,Moderate-Vol,0.9999966185745514
2025-06-04,1,Moderate-Vol,0.9999964757517448
2025-06-05,1,Moderate-Vol,0.9999977127901806
2025-06-06,1,Moderate-Vol,0.9999947564271676
2025-06-09,1,Moderate-Vol,0.9999935220440469
2025-06-10,1,Moderate-Vol,0.9999930209299627
2025-06-11,1,Moderate-Vol,0.9999948854888502
2025-06-12,1,Moderate-Vol,0.9999958015234557
2025-06-13,1,Moderate-Vol,0.9999962234996508
2025-06-16,1,Moderate-Vol,0.9999970796518187
2025-06-17,1,Moderate-Vol,0.9999959339525565
2025-06-18,1,Moderate-Vol,0.9999973601443561
2025-06-20,1,Moderate-Vol,0.9999972641762896
2025-06-23,1,Moderate-Vol,0.9999969610684157
2025-06-24,1,Moderate-Vol,0.999993479193177
2025-06-25,1,Moderate-Vol,0.9999833217992444
2025-06-26,1,Moderate-Vol,0.9999849266010954
2025-06-27,1,Moderate-Vol,0.999969167319658
2025-06-30,1,Moderate-Vol,0.9999765857265234
2025-07-01,1,Moderate-Vol,0.999979231649993
2025-07-02,1,Moderate-Vol,0.9999750078754889
2025-07-03,1,Moderate-Vol,0.9999779119840602
2025-07-07,1,Moderate-Vol,0.9999920444607625
2025-07-08,1,Moderate-Vol,0.9999693665077148
2025-07-09,1,Moderate-Vol,0.9999532246397919
2025-07-10,1,Moderate-Vol,0.999997720740103
2025-07-11,1,Moderate-Vol,0.9999977542337095
2025-07-14,1,Moderate-Vol,0.9999978117710436
2025-07-15,1,Moderate-Vol,0.9999977554996082
2025-07-16,1,Moderate-Vol,0.9999978067014252
2025-07-17,1,Moderate-Vol,0.9999978007043998
2025-07-18,1,Moderate-Vol,0.9999971686841456
2025-07-21,1,Moderate-Vol,0.9999971948424058
2025-07-22,1,Moderate-Vol,0.999997204080128
2025-07-23,1,Moderate-Vol,0.9999968562232368
2025-07-24,1,Moderate-Vol,0.999997252057284
2025-07-25,1,Moderate-Vol,0.9999961774960792
2025-07-28,1,Moderate-Vol,0.9999965178781429
2025-07-29,1,Moderate-Vol,0.9999962055475173
2025-07-30,1,Moderate-Vol,0.999995424965454
2025-07-31,1,Moderate-Vol,0.999995385631387
2025-08-01,1,Moderate-Vol,0.9999888824812311
2025-08-04,1,Moderate-Vol,0.9999926912584687
2025-08-05,1,Moderate-Vol,0.999994927505599
2025-08-06,1,Moderate-Vol,0.9999945978998201
2025-08-07,1,Moderate-Vol,0.9999952595808355
2025-08-08,1,Moderate-Vol,0.9999944872126559
2025-08-11,1,Moderate-Vol,0.9999943035253412
2025-08-12,1,Moderate-Vol,0.9999937915227158
2025-08-13,1,Moderate-Vol,0.9999942623526445
2025-08-14,1,Moderate-Vol,0.9999945103125042
2025-08-15,1,Moderate-Vol,0.9999918629454301
2025-08-18,1,Moderate-Vol,0.9999923784456082
2025-08-19,1,Moderate-Vol,0.999993040282188
2025-08-20,1,Moderate-Vol,0.9999925091691523
2025-08-21,1,Moderate-Vol,0.999991951623296
2025-08-22,1,Moderate-Vol,0.9999913386264511
2025-08-25,1,Moderate-Vol,0.9999927626681726
2025-08-26,1,Moderate-Vol,0.9999805714470751
2025-08-27,1,Moderate-Vol,0.999978585237998
2025-08-28,1,Moderate-Vol,0.9999896173851045
2025-08-29,1,Moderate-Vol,0.999979183150826
2025-09-02,1,Moderate-Vol,0.9999743316717382
2025-09-03,1,Moderate-Vol,0.99997721677143
2025-09-04,1,Moderate-Vol,0.9999883202895841
2025-09-05,1,Moderate-Vol,0.9999863077173444
2025-09-08,1,Moderate-Vol,0.9999891603244041
2025-09-09,1,Moderate-Vol,0.9999907921226471
2025-09-10,1,Moderate-Vol,0.9999918808849706
2025-09-11,1,Moderate-Vol,0.999992387796275
2025-09-12,1,Moderate-Vol,0.999992660914267
2025-09-15,1,Moderate-Vol,0.9999911896942812
2025-09-16,1,Moderate-Vol,0.9999891358992835
2025-09-17,1,Moderate-Vol,0.9999896742952452
2025-09-18,1,Moderate-Vol,0.9999895167763035
2025-09-19,1,Moderate-Vol,0.9999873578879269
2025-09-22,1,Moderate-Vol,0.999988604038811
2025-09-23,1,Moderate-Vol,0.9999815571336209
2025-09-24,1,Moderate-Vol,0.9999821027996485
2025-09-25,1,Moderate-Vol,0.9999883822921164
2025-09-26,1,Moderate-Vol,0.9999893184926806
2025-09-29,1,Moderate-Vol,0.999991065310754
2025-09-30,1,Moderate-Vol,0.9999874791706073
2025-10-01,1,Moderate-Vol,0.9999861254243867
2025-10-02,1,Moderate-Vol,0.9999878100146515
2025-10-03,1,Moderate-Vol,0.9999891172820127
2025-10-06,1,Moderate-Vol,0.999986132447558
2025-10-07,1,Moderate-Vol,0.9999862827719094
2025-10-08,0,Low-Vol,0.9995068532916337
2025-10-09,0,Low-Vol,0.9994774051980263
2025-10-10,1,Moderate-Vol,0.8393213151369027
2025-10-14,1,Moderate-Vol,0.5018855854560663
2025-10-15,0,Low-Vol,0.8412864227201242
2025-10-16,0,Low-Vol,0.6970408889984097
2025-10-17,0,Low-Vol,0.9143210113294671
2025-10-20,0,Low-Vol,0.9836213674179832
2025-10-21,0,Low-Vol,0.9980447544921296
2025-10-22,0,Low-Vol,0.9981683472262173
2025-10-23,0,Low-Vol,0.9991323691413602
2025-10-24,0,Low-Vol,0.9992769106133621
2025-10-27,0,Low-Vol,0.9988046502422802
2025-10-28,0,Low-Vol,0.9994250996175263
2025-10-29,0,Low-Vol,0.9992593595536371
2025-10-30,0,Low-Vol,0.9977950196242523
2025-10-31,0,Low-Vol,0.9990344247225831
2025-11-03,0,Low-Vol,0.9992750141994426
2025-11-04,0,Low-Vol,0.993360171622072
2025-11-05,0,Low-Vol,0.9985652592405554
2025-11-06,0,Low-Vol,0.9931186272324565
2025-11-07,0,Low-Vol,0.9980111498978157
2025-11-10,0,Low-Vol,0.9952479139466629
2025-11-12,0,Low-Vol,0.9988187996330943
2025-11-13,0,Low-Vol,0.9617893261585786
2025-11-14,0,Low-Vol,0.990321423700525
2025-11-17,0,Low-Vol,0.971678442763037
2025-11-18,0,Low-Vol,0.8818817547250064
2025-11-19,0,Low-Vol,0.8856459572667706
2025-11-20,1,Moderate-Vol,0.8602021998040214
2025-11-21,1,Moderate-Vol,0.8910905633368008
2025-11-24,1,Moderate-Vol,0.8878013312864602
2025-11-25,1,Moderate-Vol,0.5200923171572731
2025-11-26,0,Low-Vol,0.9183735345889436
2025-11-28,0,Low-Vol,0.9944773547153639
2025-12-01,0,Low-Vol,0.9983798044558396
2025-12-02,0,Low-Vol,0.9994085727408004
2025-12-03,0,Low-Vol,0.999514094881977
2025-12-04,0,Low-Vol,0.9996044637864234
2025-12-05,0,Low-Vol,0.9996399203040419
2025-12-08,0,Low-Vol,0.9993921858319221
2025-12-09,0,Low-Vol,0.9993489199467531
2025-12-10,0,Low-Vol,0.9994947738943022
2025-12-11,0,Low-Vol,0.9997383398484164
2025-12-12,0,Low-Vol,0.9990328372168563
2025-12-15,0,Low-Vol,0.9996151615559186
2025-12-16,0,Low-Vol,0.9996183206930765
2025-12-17,0,Low-Vol,0.9977550342359522
2025-12-18,0,Low-Vol,0.9993294237854867
2025-12-19,0,Low-Vol,0.9996970008314707
2025-12-22,0,Low-Vol,0.9998530531133676
2025-12-23,0,Low-Vol,0.9998607306702662
2025-12-24,0,Low-Vol,0.9998768957577948
2025-12-26,0,Low-Vol,0.9998906983475011
2025-12-29,0,Low-Vol,0.9998379433286022
2025-12-30,0,Low-Vol,0.9998649757927972
2025-12-31,0,Low-Vol,0.9997225117102322
2026-01-02,0,Low-Vol,0.9999027127234354
2026-01-05,0,Low-Vol,0.9998620385502061
2026-01-06,0,Low-Vol,0.9998691973918049
2026-01-07,0,Low-Vol,0.999820196272721
2026-01-08,0,Low-Vol,0.9998595952812153
2026-01-09,0,Low-Vol,0.9998719176109144
2026-01-12,1,Moderate-Vol,0.9999533969502467
2026-01-13,1,Moderate-Vol,0.9999383928767478
2026-01-14,1,Moderate-Vol,0.9999368907816577
2026-01-15,1,Moderate-Vol,0.9999644384041766
2026-01-16,1,Moderate-Vol,0.9997615991759842
2026-01-20,1,Moderate-Vol,0.9995541232855175
2026-01-21,1,Moderate-Vol,0.9996365247979617
2026-01-22,1,Moderate-Vol,0.9997547463531673
2026-01-23,1,Moderate-Vol,0.9995060312088133
2026-01-26,1,Moderate-Vol,0.9992854288358614
2026-01-27,1,Moderate-Vol,0.9982936230152573
2026-01-28,1,Moderate-Vol,0.9980444371516897
2026-01-29,1,Moderate-Vol,0.9972505088669633
2026-01-30,1,Moderate-Vol,0.9929883672198583
2026-02-02,1,Moderate-Vol,0.9925218060327389
2026-02-03,1,Moderate-Vol,0.9916233425897137
2026-02-04,1,Moderate-Vol,0.9870621699389593
2026-02-05,1,Moderate-Vol,0.9806914349068248
2026-02-06,1,Moderate-Vol,0.989048308731937
2026-02-09,1,Moderate-Vol,0.9883563025141099
2026-02-10,1,Moderate-Vol,0.9918086722885414
2026-02-11,1,Moderate-Vol,0.9969948160231561
2026-02-12,1,Moderate-Vol,0.9993579374734157
2026-02-13,1,Moderate-Vol,0.9996927618342648
2026-02-17,1,Moderate-Vol,0.9997914778072938
2026-02-18,1,Moderate-Vol,0.9998089512664172
2026-02-19,1,Moderate-Vol,0.999833034757791
2026-02-20,1,Moderate-Vol,0.9999752249433546
2026-02-23,1,Moderate-Vol,0.9999791781003102
2026-02-24,1,Moderate-Vol,0.9999731267653658
2026-02-25,1,Moderate-Vol,0.9999805318059163
2026-02-26,1,Moderate-Vol,0.9999789531517909
2026-02-27,1,Moderate-Vol,0.9999974954539176
2026-03-02,1,Moderate-Vol,0.9999974988200189
2026-03-03,1,Moderate-Vol,0.9999956622367584
2026-03-04,1,Moderate-Vol,0.9999975099386204
2026-03-05,1,Moderate-Vol,0.9999967907796675
2026-03-06,1,Moderate-Vol,0.9999713420363407
2026-03-09,1,Moderate-Vol,0.999996224399476
2026-03-10,1,Moderate-Vol,0.9999977605087687
2026-03-11,1,Moderate-Vol,0.9999980777235047
2026-03-12,1,Moderate-Vol,0.9999695881082129
2026-03-13,1,Moderate-Vol,0.9999932416075473
2026-03-16,1,Moderate-Vol,0.9999969283591186
2026-03-17,1,Moderate-Vol,0.9999981804114194
2026-03-18,1,Moderate-Vol,0.9999860207368978
2026-03-19,1,Moderate-Vol,0.9999953015105308
2026-03-20,1,Moderate-Vol,0.9999666792422821
2026-03-23,1,Moderate-Vol,0.9999888021871314
2026-03-24,1,Moderate-Vol,0.9999902202888289
2026-03-25,1,Moderate-Vol,0.9999937926094362
2026-03-26,1,Moderate-Vol,0.9999065883028189
2026-03-27,1,Moderate-Vol,0.9998034452752291
2026-03-30,1,Moderate-Vol,0.9999685529177487
2026-03-31,1,Moderate-Vol,0.9994047266905997
2026-04-01,1,Moderate-Vol,0.9999940254035758
2026-04-02,1,Moderate-Vol,0.9999963260253669
2026-04-06,1,Moderate-Vol,0.9999946573463585
2026-04-07,1,Moderate-Vol,0.9999935213509941
2026-04-08,1,Moderate-Vol,0.9999276177258689
2026-04-09,1,Moderate-Vol,0.9999979978677282
2026-04-10,1,Moderate-Vol,0.9999983956510546
2026-04-13,1,Moderate-Vol,0.9999978260168916
2026-04-14,2,High-Vol,0.9835414478186183
2026-04-15,2,High-Vol,0.9693248635812287
2026-04-16,2,High-Vol,0.93130264784726
2026-04-17,2,High-Vol,0.8359721204001176
2026-04-20,2,High-Vol,0.601973073828336
2026-04-21,0,Low-Vol,0.5567550972776449
2026-04-22,0,Low-Vol,0.648543741521531
2026-04-23,0,Low-Vol,0.792733083621999
2026-04-24,0,Low-Vol,0.9538439809128094
2026-04-27,0,Low-Vol,0.9952945865919802
2026-04-28,0,Low-Vol,0.9982944096522776
2026-04-29,0,Low-Vol,0.9983575405788805
2026-04-30,0,Low-Vol,0.9984514252719835
2026-05-01,0,Low-Vol,0.9995038381746332
2026-05-04,0,Low-Vol,0.9993124448367968
2026-05-05,0,Low-Vol,0.9992819458042779
2026-05-06,0,Low-Vol,0.9982587719371938
2026-05-07,0,Low-Vol,0.999340052102543
2026-05-08,0,Low-Vol,0.9994690139700999
2026-05-11,0,Low-Vol,0.999472602992493
2026-05-12,0,Low-Vol,0.9994593877433564
2026-05-13,0,Low-Vol,0.9995013369203302
2026-05-14,0,Low-Vol,0.9994533594746499
2026-05-15,0,Low-Vol,0.9991538323111829
2026-05-18,0,Low-Vol,0.999784221801691
2026-05-19,0,Low-Vol,0.9997200297287154
2026-05-20,0,Low-Vol,0.999634747404047
2026-05-21,0,Low-Vol,0.9997503191152064
2026-05-22,0,Low-Vol,0.9994926222435359
2026-05-26,0,Low-Vol,0.9996613187579207
2026-05-27,0,Low-Vol,0.9997353462083726
2026-05-28,0,Low-Vol,0.9996595438531685
2026-05-29,0,Low-Vol,0.9997144513413656
2026-06-01,0,Low-Vol,0.999440971416571
2026-06-02,0,Low-Vol,0.99939447098283
2026-06-03,0,Low-Vol,0.9990927524554398
2026-06-04,0,Low-Vol,0.9994353515004841
2026-06-05,0,Low-Vol,0.7854584346024942
2026-06-08,0,Low-Vol,0.9559939631436469
2026-06-09,0,Low-Vol,0.9871828211934427
2026-06-10,0,Low-Vol,0.9645295538294029
2026-06-11,0,Low-Vol,0.9550861108615599
2026-06-12,0,Low-Vol,0.9899472477189031
2026-06-15,0,Low-Vol,0.9917812910994099
2026-06-16,0,Low-Vol,0.9971198190999951
2026-06-17,0,Low-Vol,0.9781852041467448
2026-06-18,0,Low-Vol,0.9596292068534592
2026-06-22,0,Low-Vol,0.9556884574636763
2026-06-23,0,Low-Vol,0.9175953219371717
2026-06-24,0,Low-Vol,0.9358547282182805
2026-06-25,0,Low-Vol,0.9539422250606705
2026-06-26,0,Low-Vol,0.9789871809735191
2026-06-29,0,Low-Vol,0.9694895428987308
2026-06-30,0,Low-Vol,0.9843360758395735
2026-07-01,0,Low-Vol,0.9936632877938643
2026-07-02,0,Low-Vol,0.9981386073337076
2026-07-06,0,Low-Vol,0.9991338459523195
2026-07-07,0,Low-Vol,0.9993428856391009
2026-07-08,0,Low-Vol,0.9992080251835032
2026-07-09,0,Low-Vol,0.9994227865474927
2026-07-10,0,Low-Vol,0.9997243256159011
2026-07-13,0,Low-Vol,0.9995363248574864
2026-07-14,0,Low-Vol,0.9998243444615295
2026-07-15,0,Low-Vol,0.99992597330744
2026-07-16,0,Low-Vol,0.9998919202517236
2026-07-17,0,Low-Vol,0.9997438770073526
2026-07-20,0,Low-Vol,0.9998850194011671
2026-07-21,0,Low-Vol,0.9998806980726835
