control,draw,fee_a,fee_b
C1_placebo,0,-0.07153220007324151,-32.37058013193671
C1_placebo,1,1.3614608698810413,-30.675607227684864
C1_placebo,2,2.5564181520809237,-29.381033804761564
C1_placebo,3,3.8994633445389226,-27.9565419172933
C1_placebo,4,7.054166035667755,-24.242806630548905
C1_placebo,5,4.202953335112019,-27.757393929735116
C1_placebo,6,2.015593582549741,-29.92176490685782
C1_placebo,7,2.374861079162503,-29.656237425023008
C1_placebo,8,5.792183289769283,-25.685686696575388
C1_placebo,9,2.749814438132692,-29.28831309335095
C1_placebo,10,0.22145790109932842,-31.170871880081627
C1_placebo,11,4.936610348461817,-26.774694817301267
C1_placebo,12,2.4744185207433107,-29.607846187212576
C1_placebo,13,3.042312042884922,-28.89750947585163
C1_placebo,14,2.325700460901877,-29.63560114300916
C1_placebo,15,3.1784463876946614,-28.635752543334714
C1_placebo,16,2.197933254091576,-29.91191863823625
C1_placebo,17,1.430660148747211,-30.570483009944457
C1_placebo,18,5.212750049691377,-25.925442308165593
C1_placebo,19,0.7275746748603512,-31.385480158955342
C1_placebo,20,0.24175350492272543,-31.882302023249107
C1_placebo,21,2.4514959497759974,-29.171364076970356
C1_placebo,22,-0.23360363578084906,-32.718463159134636
C1_placebo,23,4.2636315244682566,-27.261911428455385
C1_placebo,24,2.590237085175138,-29.335560209808307
C1_placebo,25,3.8598566209623746,-28.032551594034974
C1_placebo,26,3.070690388763877,-28.601272392528003
C1_placebo,27,1.9880258234126582,-30.0763068426811
C1_placebo,28,2.159219154670678,-29.330334389780425
C1_placebo,29,-0.8976856057181982,-33.22932071573343
C1_placebo,30,4.292994284014693,-27.47728007683525
C1_placebo,31,3.379310787847174,-28.329657607996012
C1_placebo,32,3.829565045152014,-28.210327602791594
C1_placebo,33,2.423280080172688,-29.2857561698127
C1_placebo,34,3.755907392768389,-28.044377815253423
C1_placebo,35,11.965580523095538,-19.146637321621355
C1_placebo,36,3.961804820213391,-27.5890297480589
C1_placebo,37,0.49826029714916914,-31.703879807056992
C1_placebo,38,7.880699122217159,-23.159039634368234
C1_placebo,39,1.8906119083985318,-30.114624106222198
C1_placebo,40,1.253851576142448,-30.89926471185032
C1_placebo,41,0.9965191364831477,-30.999726291722272
C1_placebo,42,1.2643946275790088,-31.113904263573804
C1_placebo,43,2.635486887527029,-29.304767881665025
C1_placebo,44,3.3098418572841166,-28.615861301378867
C1_placebo,45,3.8333535647360737,-27.95764492624823
C1_placebo,46,1.0236262212459464,-31.08413907155952
C1_placebo,47,3.5808440858440167,-28.407839452851487
C1_placebo,48,3.798298569498236,-27.491953283503577
C1_placebo,49,0.40155177657628877,-31.450841430362367
C1_placebo,50,1.0789946484057453,-30.956495957495026
C1_placebo,51,2.828422555424363,-28.907547085753187
C1_placebo,52,1.7815245441619818,-29.933752530669977
C1_placebo,53,8.107375258810825,-23.45802133881618
C1_placebo,54,3.897923042051351,-27.798317854119734
C1_placebo,55,5.375006258490534,-26.31090504765526
C1_placebo,56,2.9463310061889114,-29.1080954506755
C1_placebo,57,1.2798983801556258,-30.64073195599382
C1_placebo,58,3.446629257336487,-28.270506304777935
C1_placebo,59,2.565854028660484,-29.49271453282471
C1_placebo,60,2.280110992125318,-29.682986104300852
C1_placebo,61,2.106760225288567,-29.81797461267286
C1_placebo,62,-0.49073418733366836,-32.69074839798138
C1_placebo,63,1.1752392978000046,-30.95499635702676
C1_placebo,64,3.9196048995685437,-27.961964770230114
C1_placebo,65,1.4037292516571191,-30.477574760052295
C1_placebo,66,4.341462067655398,-27.292434828773033
C1_placebo,67,2.852065766202575,-29.035491730500866
C1_placebo,68,3.8014580483366056,-27.60316525424688
C1_placebo,69,2.03814560004008,-29.899704303166928
C1_placebo,70,2.892469986550858,-28.843674389562175
C1_placebo,71,5.24982708297136,-26.178056674772836
C1_placebo,72,1.8735786899224032,-30.14762878293845
C1_placebo,73,-0.11360746663937538,-32.32265610730737
C1_placebo,74,2.5723927498449353,-29.3516909054474
C1_placebo,75,1.571769827048075,-30.600367918392504
C1_placebo,76,2.602173952559088,-29.446096393473752
C1_placebo,77,1.406149737876047,-30.949569281695453
C1_placebo,78,1.3330388360944123,-30.543800693288787
C1_placebo,79,3.8195687992258307,-27.94405162366754
C1_placebo,80,6.208364505463069,-25.240122648721233
C1_placebo,81,3.8937179718832096,-27.988107428316027
C1_placebo,82,0.2928945009695417,-31.913299085864818
C1_placebo,83,2.4728292027529344,-29.18525493199065
C1_placebo,84,-1.3347346981236885,-33.80315771232505
C1_placebo,85,-1.27257574551185,-33.67471111741804
C1_placebo,86,-1.0750813074562653,-33.52274789398095
C1_placebo,87,0.45302837500621496,-31.621364344570253
C1_placebo,88,2.849756087908887,-28.596363038809677
C1_placebo,89,1.6430218655660545,-30.062677032381448
C1_placebo,90,-0.1045813075221743,-32.43663132876335
C1_placebo,91,1.5031676647410357,-30.29666508948207
C1_placebo,92,5.298134521148118,-26.197248035633347
C1_placebo,93,3.1522829352153754,-28.53403455642718
C1_placebo,94,0.5633897252006471,-31.628690116967622
C1_placebo,95,-2.469338268881279,-35.19069015340895
C1_placebo,96,1.644505947967211,-30.452242871097926
C1_placebo,97,4.802509272155497,-27.286071078488575
C1_placebo,98,3.877409848554384,-27.344919286077914
C1_placebo,99,2.6891226268666806,-29.116726414404518
C2_shuffle,0,1.685274389511536,-30.386264611231063
C2_shuffle,1,4.021062218861774,-27.8529158776427
C2_shuffle,2,2.0733255315499157,-29.590135493262274
C2_shuffle,3,1.532385921664385,-30.568913147233673
C2_shuffle,4,4.054835869174302,-27.59393539396478
C2_shuffle,5,4.141546534095772,-27.38232115034111
C2_shuffle,6,0.006227877743843718,-32.18584876151492
C2_shuffle,7,0.5269783248728392,-31.945483730929965
C2_shuffle,8,7.383069483068528,-23.9835010825543
C2_shuffle,9,3.9521477981982045,-27.9109247098081
C2_shuffle,10,-1.5899846002820464,-33.445964104087324
C2_shuffle,11,2.227777605599357,-30.120437509528635
C2_shuffle,12,3.317803339146607,-28.509754076170267
C2_shuffle,13,-1.5238346035129815,-33.990088760425344
C2_shuffle,14,-0.41844718391082614,-32.462094019048116
C2_shuffle,15,0.7445761183108425,-31.630415168191693
C2_shuffle,16,2.3768462377545374,-29.87853924607889
C2_shuffle,17,4.63560508336503,-27.109926305621485
C2_shuffle,18,1.108111204903661,-31.246613563137604
C2_shuffle,19,1.8861944522199967,-30.486449632256015
C2_shuffle,20,1.2559554594772102,-31.248447853559366
C2_shuffle,21,2.372144151751835,-29.60228661126997
C2_shuffle,22,1.8966120679228264,-30.808222439348015
C2_shuffle,23,4.538286987232189,-27.08604896284022
C2_shuffle,24,1.1749059762966567,-30.953817061733933
C2_shuffle,25,2.1619773909123916,-29.67114686905422
C2_shuffle,26,5.571637704019042,-25.92412326757027
C2_shuffle,27,-0.7656858188743565,-33.33211036582255
C2_shuffle,28,-0.39299542408449534,-32.65025672226828
C2_shuffle,29,1.8682900467280876,-30.179598976738617
C2_shuffle,30,-3.129322205755891,-36.099978080024854
C2_shuffle,31,1.3778406329363624,-30.670537661510608
C2_shuffle,32,1.3544384998357288,-30.203422912921738
C2_shuffle,33,3.651442457671583,-28.163893353490824
C2_shuffle,34,-0.5332130286542993,-32.96785225229286
C2_shuffle,35,-2.7531767152777973,-35.616098245585434
C2_shuffle,36,3.3234055803053457,-28.630198614046098
C2_shuffle,37,0.009738459925639173,-32.61174614378249
C2_shuffle,38,0.6770840300848842,-31.406443850246248
C2_shuffle,39,4.911756210533759,-27.059519960640618
C2_shuffle,40,1.6747650926095046,-30.288016393097415
C2_shuffle,41,1.6899692947518028,-30.23754585347159
C2_shuffle,42,3.997759040614977,-28.250918786301195
C2_shuffle,43,2.230009714975657,-29.867987048075268
C2_shuffle,44,3.611549626669928,-28.203352315627253
C2_shuffle,45,1.1631270241084448,-31.04852354093628
C2_shuffle,46,-1.7636183022668501,-33.99431330348793
C2_shuffle,47,0.7211448186373692,-31.79524930164229
C2_shuffle,48,4.926808469403533,-26.582678628783402
C2_shuffle,49,1.7235280622158824,-30.189956529110194
C3_iid,0,0.09877628000250789,4.975621863312435
C3_iid,1,-0.32513853785471425,15.865810720330678
C3_iid,2,0.6614815649667017,1.444723341763392
C3_iid,3,0.8881436004545424,-16.366899433553993
C3_iid,4,-0.6646595598976952,-2.02024557567211
C3_iid,5,-1.128759708998664,18.43859002997555
C3_iid,6,-0.2697112859192882,3.5366670723050087
C3_iid,7,-0.2980174586034228,36.88737235203017
C3_iid,8,1.0027092969896545,24.305537060575496
C3_iid,9,-0.1751848099929956,7.453945057176476
C3_iid,10,-1.8392666855757467,9.730840932627128
C3_iid,11,0.48272782204352654,-2.965826075859332
C3_iid,12,-0.6369504449128943,17.382345103226694
C3_iid,13,0.44737211908897684,-6.288704638727643
C3_iid,14,-0.072058592468465,8.369397485621612
C3_iid,15,-0.23876221894177754,-10.92150015457069
C3_iid,16,0.021209792625706093,12.590310414013167
C3_iid,17,-0.23879470371130443,19.366026650485544
C3_iid,18,-0.2710480678147179,8.51666891619687
C3_iid,19,0.6567010864746519,-0.05238869522773665
