asset,days,calm_ret,calm_vol,calm_corr,stress_ret,stress_vol,stress_corr,vol_ratio,ret_delta,corr_shift,loeo_n,loeo_vol,loeo_ret,loeo_corr
mkt_ret,9120,0.1158,0.1434,1.0,0.1407,0.2501,1.0,1.745,0.025,0.0,30,1.0,1.0,1.0
bond10_ret,9046,0.0437,0.0657,-0.098,0.0717,0.0886,-0.3,1.348,0.028,-0.202,30,1.0,1.0,1.0
gold_ret,6454,0.11,0.1638,0.039,0.1485,0.2023,-0.015,1.234,0.0385,-0.054,17,1.0,1.0,1.0
smb,9120,-0.0167,0.0911,0.12,0.0455,0.1085,0.018,1.191,0.0621,-0.102,30,1.0,1.0,1.0
hml,9120,0.0391,0.0937,-0.295,-0.0234,0.1472,0.13,1.571,-0.0625,0.425,30,1.0,1.0,1.0
mom,9120,0.0902,0.1158,0.254,0.0032,0.2117,-0.515,1.829,-0.087,-0.769,30,1.0,1.0,1.0
ind_nodur,9120,0.1187,0.1219,0.707,0.1559,0.2053,0.851,1.684,0.0372,0.144,30,1.0,1.0,1.0
ind_durbl,9120,0.1201,0.2047,0.675,0.163,0.3431,0.827,1.676,0.043,0.153,30,1.0,0.967,1.0
ind_manuf,9120,0.1416,0.1481,0.826,0.1888,0.2677,0.921,1.808,0.0472,0.094,30,1.0,1.0,1.0
ind_enrgy,9120,0.1833,0.2353,0.501,0.0804,0.3865,0.687,1.643,-0.1029,0.187,30,1.0,1.0,1.0
ind_hitec,9120,0.1683,0.2054,0.818,0.2772,0.3013,0.89,1.467,0.1089,0.072,30,1.0,1.0,1.0
ind_telcm,9120,0.137,0.1729,0.733,0.1383,0.2834,0.85,1.638,0.0013,0.118,30,1.0,0.5,1.0
ind_shops,9120,0.1213,0.1475,0.796,0.2134,0.2531,0.887,1.715,0.0921,0.091,30,1.0,1.0,1.0
ind_hlth,9120,0.1825,0.1738,0.697,0.1689,0.2464,0.798,1.418,-0.0136,0.101,30,1.0,0.833,1.0
ind_utils,9120,0.11,0.1214,0.542,0.1184,0.2269,0.769,1.869,0.0085,0.226,30,1.0,0.967,1.0
ind_other,9120,0.1637,0.1376,0.834,0.1913,0.2749,0.903,1.998,0.0277,0.069,30,1.0,1.0,1.0
