as_of,obs_date,ebp,ebp_pctile,ebp_z
1973-03-01,1973-01-01,-0.0464711911936392,,
1973-04-01,1973-02-01,-0.0572091670919745,,
1973-05-01,1973-03-01,-0.1488825284746435,,
1973-06-01,1973-04-01,-0.2095497046745786,,
1973-07-01,1973-05-01,-0.0832026923497681,,
1973-08-01,1973-06-01,0.0365577055947285,,
1973-09-01,1973-07-01,-0.3462260544491965,,
1973-10-01,1973-08-01,-0.2133403657182571,,
1973-11-01,1973-09-01,-0.3530191636674176,,
1973-12-01,1973-10-01,0.1190951911349247,,
1974-01-01,1973-11-01,0.0532082790477357,,
1974-02-01,1973-12-01,-0.0067502153335652,,
1974-03-01,1974-01-01,-0.0376428769783825,,
1974-04-01,1974-02-01,0.1639450517629146,,
1974-05-01,1974-03-01,-0.099111682610337,,
1974-06-01,1974-04-01,0.0930735374091247,,
1974-07-01,1974-05-01,0.1002465634709608,,
1974-08-01,1974-06-01,0.7568877511560961,,
1974-09-01,1974-07-01,1.261659692508558,,
1974-10-01,1974-08-01,0.944567009557386,,
1974-11-01,1974-09-01,0.9969731769694716,,
1974-12-01,1974-10-01,1.1085162672597586,,
1975-01-01,1974-11-01,1.089891341071393,,
1975-02-01,1974-12-01,1.2207796547555811,,
1975-03-01,1975-01-01,0.3890224826372208,,
1975-04-01,1975-02-01,0.4127719077658203,,
1975-05-01,1975-03-01,0.6014610329020169,,
1975-06-01,1975-04-01,0.2339301391863579,,
1975-07-01,1975-05-01,0.3602359704655071,,
1975-08-01,1975-06-01,0.2551144742151616,,
1975-09-01,1975-07-01,0.385545055775607,,
1975-10-01,1975-08-01,0.1273157856513533,,
1975-11-01,1975-09-01,0.3035342702973371,,
1975-12-01,1975-10-01,0.1116926254917647,,
1976-01-01,1975-11-01,0.1829163668879929,,
1976-02-01,1975-12-01,-0.0405162896891959,,
1976-03-01,1976-01-01,-0.1652190552913156,,
1976-04-01,1976-02-01,-0.0837255823483225,,
1976-05-01,1976-03-01,-0.1250022281041358,,
1976-06-01,1976-04-01,-0.0672246095907762,,
1976-07-01,1976-05-01,-0.1275848217161137,,
1976-08-01,1976-06-01,-0.0521954847709009,,
1976-09-01,1976-07-01,-0.0906332015330851,,
1976-10-01,1976-08-01,-0.1709433664752732,,
1976-11-01,1976-09-01,-0.2075102328163844,,
1976-12-01,1976-10-01,-0.1451612187460986,,
1977-01-01,1976-11-01,-0.3741194456196465,,
1977-02-01,1976-12-01,-0.0463374376785654,,
1977-03-01,1977-01-01,-0.3398720689045837,,
1977-04-01,1977-02-01,-0.2092493818608001,,
1977-05-01,1977-03-01,-0.176903500704126,,
1977-06-01,1977-04-01,-0.246074783376739,,
1977-07-01,1977-05-01,-0.2481479294122823,,
1977-08-01,1977-06-01,-0.2608162285273659,,
1977-09-01,1977-07-01,-0.1779666024741403,,
1977-10-01,1977-08-01,-0.1877452918698073,,
1977-11-01,1977-09-01,-0.1359741016215964,,
1977-12-01,1977-10-01,-0.1512345111220088,,
1978-01-01,1977-11-01,-0.1346159771205352,,
1978-02-01,1977-12-01,-0.3375051539943358,,
1978-03-01,1978-01-01,-0.3345805779937284,,
1978-04-01,1978-02-01,-0.3393017419050591,,
1978-05-01,1978-03-01,-0.3372330676811484,,
1978-06-01,1978-04-01,-0.2852371316088612,,
1978-07-01,1978-05-01,-0.2459754294954804,,
1978-08-01,1978-06-01,-0.4582951735541793,,
1978-09-01,1978-07-01,-0.3714760251974585,,
1978-10-01,1978-08-01,-0.3950046734503113,,
1978-11-01,1978-09-01,-0.317766931585657,,
1978-12-01,1978-10-01,-0.4925867162710746,,
1979-01-01,1978-11-01,-0.2336050536938644,,
1979-02-01,1978-12-01,-0.3756091175269906,,
1979-03-01,1979-01-01,-0.248450624780199,,
1979-04-01,1979-02-01,-0.3098571054810287,,
1979-05-01,1979-03-01,-0.1671162832400571,,
1979-06-01,1979-04-01,-0.2036596496683845,,
1979-07-01,1979-05-01,-0.236817652167227,,
1979-08-01,1979-06-01,-0.1447661565268116,,
1979-09-01,1979-07-01,-0.2354049240120382,,
1979-10-01,1979-08-01,-0.3175107532735116,,
1979-11-01,1979-09-01,-0.0782597244899238,,
1979-12-01,1979-10-01,-0.6314995087788412,,
1980-01-01,1979-11-01,0.0137302690333711,,
1980-02-01,1979-12-01,0.226354157166617,,
1980-03-01,1980-01-01,-0.0071750986703482,,
1980-04-01,1980-02-01,-0.3058814653811399,,
1980-05-01,1980-03-01,0.3621665772843365,,
1980-06-01,1980-04-01,-0.3212140496111999,,
1980-07-01,1980-05-01,0.1424619030533302,,
1980-08-01,1980-06-01,0.0162256218498053,,
1980-09-01,1980-07-01,0.2319606064961035,,
1980-10-01,1980-08-01,0.093253917922501,,
1980-11-01,1980-09-01,0.0630722109872199,,
1980-12-01,1980-10-01,-0.0973800434513466,,
1981-01-01,1980-11-01,0.3738728432642029,,
1981-02-01,1980-12-01,0.1667654779746048,,
1981-03-01,1981-01-01,0.4484161737340786,,
1981-04-01,1981-02-01,0.208363436217143,,
1981-05-01,1981-03-01,0.071314758472307,,
1981-06-01,1981-04-01,0.5760155176753293,,
1981-07-01,1981-05-01,0.4103645208211831,,
1981-08-01,1981-06-01,0.4985982827848011,,
1981-09-01,1981-07-01,0.4806693911177723,,
1981-10-01,1981-08-01,0.3246878343827667,,
1981-11-01,1981-09-01,0.4541196360607135,,
1981-12-01,1981-10-01,0.5715312099994947,,
1982-01-01,1981-11-01,0.2544029706781905,,
1982-02-01,1981-12-01,0.5774153027014912,,
1982-03-01,1982-01-01,0.7697840434027706,,
1982-04-01,1982-02-01,0.5525158963459181,,
1982-05-01,1982-03-01,0.9785604096892904,,
1982-06-01,1982-04-01,0.8692587449382295,,
1982-07-01,1982-05-01,0.7937283094699827,,
1982-08-01,1982-06-01,0.7763357041755494,,
1982-09-01,1982-07-01,0.7073932215423298,,
1982-10-01,1982-08-01,-0.0069624023461793,,
1982-11-01,1982-09-01,0.5073585095617441,,
1982-12-01,1982-10-01,0.2436308501452395,,
1983-01-01,1982-11-01,0.5294606738738012,,
1983-02-01,1982-12-01,0.6814656466183948,0.8916666666666667,1.4169586164164736
1983-03-01,1983-01-01,0.2971860361559988,0.71900826446281,0.47965614279868607
1983-04-01,1983-02-01,0.2517139222553513,0.6967213114754098,0.36696957224137966
1983-05-01,1983-03-01,0.1750664206710506,0.6422764227642277,0.1784841837888737
1983-06-01,1983-04-01,0.0885531202508114,0.5645161290322581,-0.03412693013827631
1983-07-01,1983-05-01,-0.1020217153247365,0.384,-0.5021702580735306
1983-08-01,1983-06-01,0.0596517492855449,0.5476190476190477,-0.10135388597017225
1983-09-01,1983-07-01,-0.1029910516003068,0.3779527559055118,-0.5032797030293161
1983-10-01,1983-08-01,-0.1693763841556426,0.296875,-0.6650721206584521
1983-11-01,1983-09-01,-0.0714097890139654,0.4418604651162791,-0.41830666462717175
1983-12-01,1983-10-01,-0.0942495326680254,0.4076923076923077,-0.47334393685033666
1984-01-01,1983-11-01,0.0290072946282129,0.5419847328244275,-0.1627084332921049
1984-02-01,1983-12-01,0.0830193840791421,0.5833333333333334,-0.026253666494555468
1984-03-01,1984-01-01,0.0023406807465609,0.518796992481203,-0.2298025574501764
1984-04-01,1984-02-01,-0.0746683150528143,0.43283582089552236,-0.42379640126314644
1984-05-01,1984-03-01,0.0015186696529085,0.5185185185185185,-0.2285352939070945
1984-06-01,1984-04-01,0.0690703609323682,0.5808823529411765,-0.055378159492316774
1984-07-01,1984-05-01,-0.3620284491911492,0.058394160583941604,-1.1532780753752676
1984-08-01,1984-06-01,-0.0674869235887212,0.4420289855072464,-0.39565413829107304
1984-09-01,1984-07-01,-0.1616868134153039,0.302158273381295,-0.6349539236083979
1984-10-01,1984-08-01,0.1525916088244339,0.6642857142857143,0.17526842983388008
1984-11-01,1984-09-01,-0.0595833823611331,0.45390070921985815,-0.37257537827250414
1984-12-01,1984-10-01,-0.2580557459787973,0.1619718309859155,-0.8824597782476473
1985-01-01,1984-11-01,-0.1300273658242206,0.34965034965034963,-0.5472032912437793
1985-02-01,1984-12-01,-0.0133049849913663,0.5069444444444444,-0.24218625890186724
1985-03-01,1985-01-01,-0.1498469218179372,0.3103448275862069,-0.5963335755020086
1985-04-01,1985-02-01,-0.1777643304997808,0.2602739726027397,-0.6661687079875239
1985-05-01,1985-03-01,0.0575202291735528,0.5850340136054422,-0.048365886203508276
1985-06-01,1985-04-01,-0.0741341115653257,0.4391891891891892,-0.39361736541207853
1985-07-01,1985-05-01,-0.2895931002572336,0.14093959731543623,-0.9565870170775552
1985-08-01,1985-06-01,0.036618009827813,0.58,-0.09429197558164974
1985-09-01,1985-07-01,-0.0073490173093622,0.5165562913907285,-0.21013270007180146
1985-10-01,1985-08-01,0.017633432578527,0.5657894736842105,-0.14320643245580872
1985-11-01,1985-09-01,0.0987484844281105,0.6535947712418301,0.07300015526159237
1985-12-01,1985-10-01,0.1598242964453169,0.6948051948051948,0.23570250382526894
1986-01-01,1985-11-01,0.1803004096859819,0.7161290322580646,0.2896776628014336
1986-02-01,1985-12-01,-0.0465154000339815,0.46794871794871795,-0.32011521417948724
1986-03-01,1986-01-01,0.191767694677164,0.7261146496815286,0.32242828327820056
1986-04-01,1986-02-01,-0.2147865654722063,0.20253164556962025,-0.7750197827328336
1986-05-01,1986-03-01,0.5597221562600367,0.8867924528301887,1.3144211460332513
1986-06-01,1986-04-01,0.5107671268525711,0.86875,1.1731230596559798
1986-07-01,1986-05-01,0.004259182653524,0.5341614906832298,-0.19526275380070884
1986-08-01,1986-06-01,0.0705430483226234,0.6049382716049383,-0.015518661976393434
1986-09-01,1986-07-01,0.6918743205481763,0.9202453987730062,1.6548052850391803
1986-10-01,1986-08-01,0.6529706081797233,0.9085365853658537,1.5336283515352198
1986-11-01,1986-09-01,0.3004029178983913,0.7696969696969697,0.5817363537937352
1986-12-01,1986-10-01,0.4835298418022362,0.8433734939759037,1.0689560131148228
1987-01-01,1986-11-01,0.5931493218544774,0.8982035928143712,1.3530062355345218
1987-02-01,1986-12-01,0.6194581728282773,0.9047619047619048,1.4110331373359633
1987-03-01,1987-01-01,0.4785401826909077,0.8224852071005917,1.0267424128282396
1987-04-01,1987-02-01,0.545740751770647,0.8588235294117647,1.1982778740226994
1987-05-01,1987-03-01,0.433807718610723,0.8011695906432749,0.8937502299680379
1987-06-01,1987-04-01,-0.2831853821954633,0.13372093023255813,-1.0215786300318637
1987-07-01,1987-05-01,0.167695923468927,0.6647398843930635,0.18599546056667943
1987-08-01,1987-06-01,0.1536545630719539,0.6436781609195402,0.14783222469598076
1987-09-01,1987-07-01,0.2295977124026249,0.7028571428571428,0.35134546370370945
1987-10-01,1987-08-01,0.227460992496336,0.6988636363636364,0.3444781276942062
1987-11-01,1987-09-01,0.2211785415415443,0.6892655367231638,0.3264428197457539
1987-12-01,1987-10-01,-0.7003547801868832,0.0056179775280898875,-2.1411799369805196
1988-01-01,1987-11-01,0.2179487239808815,0.6871508379888268,0.32548933586172246
1988-02-01,1987-12-01,-0.0354513335071364,0.45,-0.35605162447512095
1988-03-01,1988-01-01,-0.1824316571460813,0.2265193370165746,-0.7497323192656281
1988-04-01,1988-02-01,0.1669605494257144,0.6538461538461539,0.19442028903881223
1988-05-01,1988-03-01,-0.0998803358911855,0.33879781420765026,-0.5271601070438424
1988-06-01,1988-04-01,-0.0284054188228801,0.45652173913043476,-0.33199936636427546
1988-07-01,1988-05-01,0.0537567467745601,0.5405405405405406,-0.10796946164531268
1988-08-01,1988-06-01,0.1518752818091606,0.6290322580645161,0.15949751727415007
1988-09-01,1988-07-01,-0.134731555392372,0.2994652406417112,-0.6228142987621244
1988-10-01,1988-08-01,0.0404517355639431,0.5319148936170213,-0.14204794886555966
1988-11-01,1988-09-01,0.2261418957786416,0.708994708994709,0.3673806747888578
1988-12-01,1988-10-01,0.3316434728743995,0.7789473684210526,0.6556380124884298
1989-01-01,1988-11-01,0.2317663556565135,0.7225130890052356,0.3788542395848385
1989-02-01,1988-12-01,0.3682097354240194,0.7916666666666666,0.7531847748467421
1989-03-01,1989-01-01,0.3647051349336506,0.7875647668393783,0.7404959115790155
1989-04-01,1989-02-01,0.2517837718911759,0.7371134020618557,0.42612240804064433
1989-05-01,1989-03-01,0.4860507237725222,0.8512820512820513,1.0710607930671703
1989-06-01,1989-04-01,0.5700748181758628,0.8877551020408163,1.2954659095743035
1989-07-01,1989-05-01,0.3906526620727984,0.8020304568527918,0.794732746020917
1989-08-01,1989-06-01,0.6505419658460527,0.9191919191919192,1.5033608096190352
1989-09-01,1989-07-01,0.8781582766977847,0.964824120603015,2.1035679101059133
1989-10-01,1989-08-01,0.5904217136778738,0.895,1.305763651817995
1989-11-01,1989-09-01,0.6363325056717382,0.9104477611940298,1.4206019854150371
1989-12-01,1989-10-01,0.5230398743803928,0.8465346534653465,1.1052249078554317
1990-01-01,1989-11-01,0.642902096312745,0.9113300492610837,1.4215032089706388
1990-02-01,1989-12-01,0.534954867100162,0.8480392156862745,1.1215100973840122
1990-03-01,1990-01-01,0.2690556991651935,0.7121951219512195,0.39733161160528224
1990-04-01,1990-02-01,0.4059415652806443,0.7766990291262136,0.7673611461342303
1990-05-01,1990-03-01,0.4290350068109574,0.7874396135265701,0.8269705742134152
1990-06-01,1990-04-01,0.1861402050082697,0.625,0.16353249498169284
1990-07-01,1990-05-01,0.1015389045104235,0.5502392344497608,-0.06778747424084491
1990-08-01,1990-06-01,0.155274550124671,0.5857142857142857,0.079404896352628
1990-09-01,1990-07-01,0.0855236366095608,0.5213270142180095,-0.11209082075606275
1990-10-01,1990-08-01,-0.2235257207172385,0.16037735849056603,-0.9593826580979636
1990-11-01,1990-09-01,-0.0024692162598016,0.431924882629108,-0.34917490702847004
1990-12-01,1990-10-01,0.1741632641972372,0.616822429906542,0.13835128276847455
1991-01-01,1990-11-01,0.2757368157881386,0.7162790697674418,0.41839926221865636
1991-02-01,1990-12-01,0.3520774929806873,0.7407407407407407,0.6281129334866478
1991-03-01,1991-01-01,0.3736661444484928,0.7603686635944701,0.6857469607454676
1991-04-01,1991-02-01,0.3056519554112873,0.7247706422018348,0.4951813647037262
1991-05-01,1991-03-01,0.2398743223470849,0.6757990867579908,0.3111540133653285
1991-06-01,1991-04-01,0.2034235068437495,0.6272727272727273,0.20890045401287635
1991-07-01,1991-05-01,0.1881691143427453,0.6199095022624435,0.16583685144124022
1991-08-01,1991-06-01,0.099605576202824,0.527027027027027,-0.08230733262751895
1991-09-01,1991-07-01,0.1969450509944694,0.6278026905829597,0.19080318820036996
1991-10-01,1991-08-01,0.1401807981608849,0.5491071428571429,0.030862124732193005
1991-11-01,1991-09-01,0.1718213370340082,0.5955555555555555,0.1199055522940107
1991-12-01,1991-10-01,0.1570936418505013,0.5707964601769911,0.07806754674482616
1992-01-01,1991-11-01,0.1695810453473332,0.5947136563876652,0.11322017140823123
1992-02-01,1991-12-01,0.1787554404085225,0.6096491228070176,0.1389785217102647
1992-03-01,1992-01-01,0.0532210576216249,0.45414847161572053,-0.21799790215023476
1992-04-01,1992-02-01,0.1038806168529338,0.5260869565217391,-0.07327626845472218
1992-05-01,1992-03-01,0.0474757186338163,0.4458874458874459,-0.23404936304840016
1992-06-01,1992-04-01,0.0393183504175294,0.4396551724137931,-0.2568361273288342
1992-07-01,1992-05-01,0.0059630765341123,0.41201716738197425,-0.3517677727892695
1992-08-01,1992-06-01,0.0054774383968181,0.41025641025641024,-0.3523184545066269
1992-09-01,1992-07-01,-0.064157716868469,0.3276595744680851,-0.5514998274531345
1992-10-01,1992-08-01,0.0819969678236383,0.4957627118644068,-0.12932163768945754
1992-11-01,1992-09-01,0.1804230109554083,0.6286919831223629,0.15506309775987645
1992-12-01,1992-10-01,0.1098826340932737,0.5378151260504201,-0.04931030710700657
1993-01-01,1992-11-01,0.0725305349235969,0.4895397489539749,-0.15747500852500956
1993-02-01,1992-12-01,0.1064310485618351,0.5375,-0.05867437530854192
1993-03-01,1993-01-01,0.0693573763227015,0.47717842323651455,-0.16645999013767615
1993-04-01,1993-02-01,0.0620427094224975,0.4669421487603306,-0.18743889989676757
1993-05-01,1993-03-01,0.0346802733019622,0.42386831275720166,-0.2669868379063761
1993-06-01,1993-04-01,0.0670832810119457,0.47540983606557374,-0.17154402448249964
1993-07-01,1993-05-01,0.0372907196986203,0.4326530612244898,-0.2585776161858454
1993-08-01,1993-06-01,-0.030840151164396,0.35365853658536583,-0.45815303189637
1993-09-01,1993-07-01,-0.0375204669914042,0.3481781376518219,-0.4766784608015026
1993-10-01,1993-08-01,-0.0389977775185907,0.34274193548387094,-0.47985266747532385
1993-11-01,1993-09-01,0.0528946769138671,0.4538152610441767,-0.20742896594153543
1993-12-01,1993-10-01,-0.0223740440955488,0.364,-0.42962684730944384
1994-01-01,1993-11-01,-0.1169686384686778,0.24701195219123506,-0.7084899848339326
1994-02-01,1993-12-01,-0.1542754670031252,0.20238095238095238,-0.8167061984999741
1994-03-01,1994-01-01,-0.2311352560737765,0.13438735177865613,-1.0410786642993322
1994-04-01,1994-02-01,-0.4254101518015922,0.01968503937007874,-1.6075356412176147
1994-05-01,1994-03-01,-0.3090910283894081,0.08627450980392157,-1.2561945678675186
1994-06-01,1994-04-01,-0.2668124841827286,0.10546875,-1.1259423727666125
1994-07-01,1994-05-01,-0.2728986649747078,0.10505836575875487,-1.1388338195158942
1994-08-01,1994-06-01,-0.3176359941263118,0.07751937984496124,-1.2647701425617772
1994-09-01,1994-07-01,-0.2912707723358569,0.09652509652509653,-1.181351479237196
1994-10-01,1994-08-01,-0.2599673102404607,0.12307692307692308,-1.0843495485475758
1994-11-01,1994-09-01,-0.3846783271653069,0.02681992337164751,-1.4438538169357569
1994-12-01,1994-10-01,-0.3007143522900442,0.09923664122137404,-1.190991461400823
1995-01-01,1994-11-01,-0.2257099723969149,0.16730038022813687,-0.9666651966650583
1995-02-01,1994-12-01,-0.1742894758192696,0.2159090909090909,-0.8127409027404163
1995-03-01,1995-01-01,-0.2186555620090129,0.17358490566037735,-0.9400597583517173
1995-04-01,1995-02-01,-0.25064461911555,0.13533834586466165,-1.0302853014353233
1995-05-01,1995-03-01,-0.2599172010185049,0.13108614232209737,-1.0534121030039456
1995-06-01,1995-04-01,-0.1988551995836811,0.20522388059701493,-0.8707119831594426
1995-07-01,1995-05-01,-0.2902967284364808,0.10408921933085502,-1.1352707705116407
1995-08-01,1995-06-01,-0.1032621624289749,0.3,-0.5830484216547643
1995-09-01,1995-07-01,-0.275447393929275,0.11808118081180811,-1.086318850522887
1995-10-01,1995-08-01,-0.1666074298194753,0.24632352941176472,-0.7632989017046051
1995-11-01,1995-09-01,-0.1239610631193519,0.30036630036630035,-0.635868374270539
1995-12-01,1995-10-01,-0.0874003857457261,0.3357664233576642,-0.5266800590878976
1996-01-01,1995-11-01,-0.0042456923609677,0.44,-0.28026021674975543
1996-02-01,1995-12-01,-0.017380479773599,0.42028985507246375,-0.3185267952103374
1996-03-01,1996-01-01,-0.0649526076338358,0.36462093862815886,-0.4586521285928584
1996-04-01,1996-02-01,-0.2785473031171019,0.11510791366906475,-1.0889066327405355
1996-05-01,1996-03-01,-0.3027302382067585,0.0931899641577061,-1.155854225243455
1996-06-01,1996-04-01,-0.2521198526363815,0.14642857142857144,-1.002036227471285
1996-07-01,1996-05-01,-0.285175697564582,0.11387900355871886,-1.0958270842005768
1996-08-01,1996-06-01,-0.2379128309405003,0.1702127659574468,-0.9523674727485663
1996-09-01,1996-07-01,-0.2863677567572014,0.10954063604240283,-1.0918955665091554
1996-10-01,1996-08-01,-0.3578194515571156,0.04225352112676056,-1.297663292492447
1996-11-01,1996-09-01,-0.3515611002424035,0.04912280701754386,-1.2732212261527345
1996-12-01,1996-10-01,-0.2938312647546044,0.1048951048951049,-1.098114047578144
1997-01-01,1996-11-01,-0.2457042993129299,0.18118466898954705,-0.9525586069757149
1997-02-01,1996-12-01,-0.368838782840329,0.03819444444444445,-1.3106524232988765
1997-03-01,1997-01-01,-0.3155619678482892,0.08996539792387544,-1.1485787170881283
1997-04-01,1997-02-01,-0.4329428526812285,0.017241379310344827,-1.4869356426832743
1997-05-01,1997-03-01,-0.463539720589035,0.013745704467353952,-1.5676966327734978
1997-06-01,1997-04-01,-0.4113594207240821,0.0273972602739726,-1.4070628431451888
1997-07-01,1997-05-01,-0.4103530424257495,0.030716723549488054,-1.3970112970894355
1997-08-01,1997-06-01,-0.511082620746611,0.01020408163265306,-1.6810629434901057
1997-09-01,1997-07-01,-0.4880872284475544,0.01694915254237288,-1.6040849431517188
1997-10-01,1997-08-01,-0.4890501477879092,0.016891891891891893,-1.597207269636642
1997-11-01,1997-09-01,-0.5421965814704532,0.010101010101010102,-1.7396599506740686
1997-12-01,1997-10-01,-0.4151422760354175,0.040268456375838924,-1.3652374532559963
1998-01-01,1997-11-01,-0.3078504046457202,0.12709030100334448,-1.0513745826448064
1998-02-01,1997-12-01,-0.3731051523315329,0.06333333333333334,-1.234735174747322
1998-03-01,1998-01-01,-0.3280924588989453,0.10631229235880399,-1.100692473075641
1998-04-01,1998-02-01,-0.302396278129071,0.1423841059602649,-1.023036302615195
1998-05-01,1998-03-01,-0.3548823897419388,0.07920792079207921,-1.1699217789356182
1998-06-01,1998-04-01,-0.3882473588039061,0.05263157894736842,-1.2607532909651231
1998-07-01,1998-05-01,-0.3411598849411965,0.09508196721311475,-1.1208943914619374
1998-08-01,1998-06-01,-0.3032852392453076,0.14705882352941177,-1.0084609399341238
1998-09-01,1998-07-01,-0.2630287142952856,0.1986970684039088,-0.8899033365613938
1998-10-01,1998-08-01,0.1356200670859411,0.6525974025974026,0.2582559962112265
1998-11-01,1998-09-01,0.1181147775977558,0.6440129449838188,0.20739219601495867
1998-12-01,1998-10-01,0.232445101570498,0.7645161290322581,0.5367054397664061
1999-01-01,1998-11-01,0.2191992227495973,0.7395498392282959,0.4973804100557111
1999-02-01,1998-12-01,0.0822499772655569,0.5961538461538461,0.10047812182381496
1999-03-01,1999-01-01,0.0745069674472624,0.5910543130990416,0.07788588501627068
1999-04-01,1999-02-01,-0.1515114974157601,0.321656050955414,-0.5777486157528493
1999-05-01,1999-03-01,-0.138132855012067,0.3396825396825397,-0.5377238968829103
1999-06-01,1999-04-01,-0.1789943653511561,0.2848101265822785,-0.6552533339482424
1999-07-01,1999-05-01,-0.1773724327624304,0.29337539432176657,-0.6490668682648519
1999-08-01,1999-06-01,-0.1137339904239873,0.3710691823899371,-0.46249015204645455
1999-09-01,1999-07-01,-0.0654431069174992,0.4263322884012539,-0.3208504716229819
1999-10-01,1999-08-01,-0.0043422030976354,0.496875,-0.14186187777143172
1999-11-01,1999-09-01,0.1297983714666639,0.6573208722741433,0.25078161332254034
1999-12-01,1999-10-01,0.1430806183923907,0.6677018633540373,0.28927164139080824
2000-01-01,1999-11-01,0.1080865525684058,0.6377708978328174,0.18613674612995385
2000-02-01,1999-12-01,-0.1221635883659792,0.3611111111111111,-0.49057482525453705
2000-03-01,2000-01-01,0.064087038084625,0.5753846153846154,0.05813709876461708
2000-04-01,2000-02-01,0.1530167671241356,0.6779141104294478,0.32003809110080933
2000-05-01,2000-03-01,0.4171967738516136,0.8623853211009175,1.097027291621317
2000-06-01,2000-04-01,0.5750031215110512,0.9207317073170732,1.5550510098098644
2000-07-01,2000-05-01,0.757460962202904,0.9635258358662614,2.075910206474266
2000-08-01,2000-06-01,0.8059131545313631,0.9727272727272728,2.1982821215037225
2000-09-01,2000-07-01,0.8859165214145737,0.9788519637462235,2.406408226844077
2000-10-01,2000-08-01,1.039735229398449,0.9879518072289156,2.8129541998530727
2000-11-01,2000-09-01,1.1464980288848,0.993993993993994,3.0693690714762245
2000-12-01,2000-10-01,1.5371564912895876,1.0,4.0625368690617085
2001-01-01,2000-11-01,1.6195539930405425,1.0,4.170196307204249
2001-02-01,2000-12-01,1.6187924230493709,0.9970238095238095,4.058059919756209
2001-03-01,2001-01-01,1.1642052883047969,0.9851632047477745,2.825114084818905
2001-04-01,2001-02-01,1.196650235687304,0.985207100591716,2.869359566801736
2001-05-01,2001-03-01,1.125132600441089,0.976401179941003,2.653330630022131
2001-06-01,2001-04-01,0.933212310452602,0.9558823529411765,2.1462797942796854
2001-07-01,2001-05-01,0.7884102352087998,0.9384164222873901,1.7684240917341127
2001-08-01,2001-06-01,1.031409768515648,0.9649122807017544,2.3593954511566824
2001-09-01,2001-07-01,0.7979772013484858,0.9387755102040817,1.7628875784545341
2001-10-01,2001-08-01,0.7790147436824308,0.9302325581395349,1.7056567708604722
2001-11-01,2001-09-01,1.243837180401354,0.9884057971014493,2.8276305147821144
2001-12-01,2001-10-01,1.059717574645484,0.9653179190751445,2.3504774829733432
2002-01-01,2001-11-01,-0.097265643086474,0.3631123919308357,-0.4865490133497575
2002-02-01,2001-12-01,0.4138628647446074,0.8132183908045977,0.7667978878769998
2002-03-01,2002-01-01,0.5769501733811491,0.8767908309455588,1.1635585942578572
2002-04-01,2002-02-01,0.7967673247604483,0.9314285714285714,1.6939168879319453
2002-05-01,2002-03-01,0.2898822278271318,0.7521367521367521,0.45172725135286285
2002-06-01,2002-04-01,0.4286500400637281,0.8125,0.7901428831175143
2002-07-01,2002-05-01,0.528329791995009,0.8470254957507082,1.0316474465298557
2002-08-01,2002-06-01,0.9813596906507072,0.9548022598870056,2.12611020234594
2002-09-01,2002-07-01,1.6091755226574644,0.9943661971830986,3.5860707794453957
2002-10-01,2002-08-01,1.5066937634045203,0.9887640449438202,3.2843096742196973
2002-11-01,2002-09-01,1.6919271647868048,1.0,3.6470025484380293
2002-12-01,2002-10-01,1.4804173534151022,0.9832402234636871,3.1079762635224273
2003-01-01,2002-11-01,1.06503500282746,0.9554317548746518,2.1375992792490526
2003-02-01,2002-12-01,0.930721514001088,0.9305555555555556,1.8198007629813426
2003-03-01,2003-01-01,0.8816537883409454,0.925207756232687,1.6988580545418996
2003-04-01,2003-02-01,0.6800970915544045,0.8812154696132597,1.236842516340829
2003-05-01,2003-03-01,0.1612534114464332,0.6253443526170799,0.059512384012063074
2003-06-01,2003-04-01,0.0785300727207203,0.5384615384615384,-0.1282654182101844
2003-07-01,2003-05-01,-0.4736948630626054,0.021917808219178082,-1.3791657275097315
2003-08-01,2003-06-01,-0.3637343812079217,0.06557377049180328,-1.1257921305552467
2003-09-01,2003-07-01,-1.077127839294969,0.0027247956403269754,-2.7147083273019517
2003-10-01,2003-08-01,-0.1917032110817533,0.24728260869565216,-0.7196552871707036
2003-11-01,2003-09-01,-0.5394294343304313,0.013550135501355014,-1.4964681887328162
2003-12-01,2003-10-01,-0.5165997197094399,0.016216216216216217,-1.4391043650683273
2004-01-01,2003-11-01,-0.5438320189837431,0.01078167115902965,-1.4937110042840662
2004-02-01,2003-12-01,-0.5074688687517277,0.024193548387096774,-1.4065107551859706
2004-03-01,2004-01-01,-0.7049394798001392,0.005361930294906166,-1.8377802405656647
2004-04-01,2004-02-01,-0.3347758737602559,0.11229946524064172,-1.00886780130132
2004-05-01,2004-03-01,-0.5217449856535783,0.021333333333333333,-1.4204036948557037
2004-06-01,2004-04-01,-0.7626668192499426,0.005319148936170213,-1.9448643676951405
2004-07-01,2004-05-01,-0.3785326558703714,0.07161803713527852,-1.088735710172888
2004-08-01,2004-06-01,-0.3826250275347727,0.07142857142857142,-1.0946228842100798
2004-09-01,2004-07-01,-0.3187422310986114,0.13192612137203166,-0.9504513293173615
2004-10-01,2004-08-01,-0.4223844921812028,0.05526315789473684,-1.1767834802329864
2004-11-01,2004-09-01,-0.5441337065944276,0.015748031496062992,-1.4410196006046987
2004-12-01,2004-10-01,-0.5272874197020114,0.02617801047120419,-1.3982556239325394
2005-01-01,2004-11-01,-0.665499962550518,0.013054830287206266,-1.6953968924732101
2005-02-01,2004-12-01,-0.7128615130468818,0.0078125,-1.7900305561986243
2005-03-01,2005-01-01,-0.6961910223088208,0.015584415584415584,-1.7441050527177446
2005-04-01,2005-02-01,-0.926674621839022,0.0051813471502590676,-2.232413465457967
2005-05-01,2005-03-01,-0.6386169855082011,0.023255813953488372,-1.5961322575410726
2005-06-01,2005-04-01,-0.3837339114966891,0.09020618556701031,-1.0379890165186836
2005-07-01,2005-05-01,-0.3019511595454967,0.18251928020565553,-0.8578949299416517
2005-08-01,2005-06-01,-0.4477686017081069,0.06666666666666667,-1.1720994267800133
2005-09-01,2005-07-01,-0.5507438400173306,0.028132992327365727,-1.3911551552077022
2005-10-01,2005-08-01,-0.5489038853729655,0.030612244897959183,-1.3819897186649934
2005-11-01,2005-09-01,-0.4566147723281291,0.07124681933842239,-1.1778392871624908
2005-12-01,2005-10-01,-0.3391751594701786,0.1446700507614213,-0.9205912439910151
2006-01-01,2005-11-01,-0.309160949631265,0.17721518987341772,-0.853514078670115
2006-02-01,2005-12-01,-0.2803099474141632,0.2196969696969697,-0.789194168604948
2006-03-01,2006-01-01,-0.3496957839324071,0.13350125944584382,-0.9378273031633391
2006-04-01,2006-02-01,-0.3049838510509277,0.1884422110552764,-0.8387986094922621
2006-05-01,2006-03-01,-0.3920128400382428,0.09273182957393483,-1.0254714584690265
2006-06-01,2006-04-01,-0.4291138241350971,0.0775,-1.1031037680306766
2006-07-01,2006-05-01,-0.3311891848453792,0.16209476309226933,-0.8881684266008167
2006-08-01,2006-06-01,-0.3403432286345769,0.14427860696517414,-0.9060217230783758
2006-09-01,2006-07-01,-0.2394291922437483,0.2729528535980149,-0.6852150056845935
2006-10-01,2006-08-01,-0.2643011141942553,0.24257425742574257,-0.7379499868231274
2006-11-01,2006-09-01,-0.3252433984368217,0.16790123456790124,-0.8688146114867915
2006-12-01,2006-10-01,-0.3554329846853035,0.12807881773399016,-0.9324435027615772
2007-01-01,2006-11-01,-0.3242242641597246,0.171990171990172,-0.8625758976100778
2007-02-01,2006-12-01,-0.4595592448348697,0.0661764705882353,-1.1542936860612196
2007-03-01,2007-01-01,-0.5201392195428849,0.04645476772616137,-1.2821377006498489
2007-04-01,2007-02-01,-0.5151753592684882,0.05121951219512195,-1.2672803828284491
2007-05-01,2007-03-01,-0.3261551337343538,0.17518248175182483,-0.8542167405639904
2007-06-01,2007-04-01,-0.3288948781739966,0.17233009708737865,-0.8583654033453344
2007-07-01,2007-05-01,-0.5614617947057143,0.026634382566585957,-1.3599812386116332
2007-08-01,2007-06-01,-0.3512600609688099,0.14492753623188406,-0.9008372990678551
2007-09-01,2007-07-01,0.0585993092271142,0.5662650602409639,-0.009222593770927746
2007-10-01,2007-08-01,0.1646374058171753,0.6754807692307693,0.22145146009568623
2007-11-01,2007-09-01,0.0974606590203945,0.6115107913669064,0.07488094123244826
2007-12-01,2007-10-01,0.015941842538262,0.5263157894736842,-0.10296095155707592
2008-01-01,2007-11-01,0.3632040267629497,0.7875894988066826,0.6549404299248034
2008-02-01,2007-12-01,0.5224075638050296,0.8452380952380952,1.0007603454340674
2008-03-01,2008-01-01,0.7399997551837005,0.9049881235154394,1.4711153393667609
2008-04-01,2008-02-01,0.9512692363000133,0.9454976303317536,1.9217694933249398
2008-05-01,2008-03-01,1.173186748809924,0.9739952718676123,2.385779249631902
2008-06-01,2008-04-01,0.6810525000733674,0.8915094339622641,1.3160858375461513
2008-07-01,2008-05-01,0.6927640153169659,0.8964705882352941,1.3370087711912597
2008-08-01,2008-06-01,0.832024811494001,0.9248826291079812,1.630893065998672
2008-09-01,2008-07-01,1.0864058353511077,0.9601873536299765,2.1649450798092524
2008-10-01,2008-08-01,1.2363036499501212,0.9789719626168224,2.466133348584328
2008-11-01,2008-09-01,1.7830409371578506,1.0,3.574202496769615
2008-12-01,2008-10-01,3.400465678940805,1.0,6.605535495069467
2009-01-01,2008-11-01,3.123191881165818,0.9976798143851509,5.802760723191652
2009-02-01,2008-12-01,3.3238543648898773,0.9976851851851852,5.923208049923926
2009-03-01,2009-01-01,2.808599319152643,0.9930715935334873,4.832236291709738
2009-04-01,2009-02-01,3.1952970685112247,0.9953917050691244,5.334312782985968
2009-05-01,2009-03-01,2.7668966576344736,0.9885057471264368,4.478387165802286
2009-06-01,2009-04-01,2.2667163765758467,0.9862385321100917,3.5721680103360147
2009-07-01,2009-05-01,1.37182807553766,0.965675057208238,2.0625636412632646
2009-08-01,2009-06-01,0.9363988110916734,0.9155251141552512,1.3326187736969084
2009-09-01,2009-07-01,0.3318890738709479,0.744874715261959,0.32561650483474924
2009-10-01,2009-08-01,0.0656270483087269,0.5477272727272727,-0.11806365741586321
2009-11-01,2009-09-01,0.069108129082577,0.5532879818594104,-0.11212606490324782
2009-12-01,2009-10-01,-0.134272585951412,0.36877828054298645,-0.4512771618148033
2010-01-01,2009-11-01,0.0056946695302766,0.49435665914221216,-0.21698145854616635
2010-02-01,2009-12-01,-0.4775295470166498,0.06306306306306306,-1.023485170913177
2010-03-01,2010-01-01,-0.1844158040971919,0.3146067415730337,-0.5321001489125194
2010-04-01,2010-02-01,0.01486772558196,0.5022421524663677,-0.1980368775993554
2010-05-01,2010-03-01,-0.1442882028715901,0.36017897091722595,-0.4643057720810413
2010-06-01,2010-04-01,-0.2601410474234624,0.25,-0.6577060325246803
2010-07-01,2010-05-01,-0.1182952565500512,0.38530066815144765,-0.41892494672895525
2010-08-01,2010-06-01,0.0632600022582745,0.5511111111111111,-0.11359097618753965
2010-09-01,2010-07-01,0.1990951764379067,0.6873614190687362,0.11487922091284121
2010-10-01,2010-08-01,-0.2663954760318381,0.2411504424778761,-0.6682916682242604
2010-11-01,2010-09-01,0.0242849805339311,0.5121412803532008,-0.1780604665580325
2010-12-01,2010-10-01,0.027046282914537,0.513215859030837,-0.17320407360046441
2011-01-01,2010-11-01,-0.10585176877716,0.389010989010989,-0.39721867072836764
2011-02-01,2010-12-01,-0.3918815336135028,0.09649122807017543,-0.8791771496550568
2011-03-01,2011-01-01,0.011473340116983,0.5010940919037199,-0.19671722875414357
2011-04-01,2011-02-01,-0.244430193083998,0.27292576419213976,-0.6290509263699254
2011-05-01,2011-03-01,-0.2867614797711642,0.22004357298474944,-0.699636167398383
2011-06-01,2011-04-01,-0.2340254107048316,0.2847826086956522,-0.6093257625640661
2011-07-01,2011-05-01,-0.1048996965899653,0.3947939262472885,-0.3897876604416901
2011-08-01,2011-06-01,0.0113006919984233,0.5043290043290043,-0.1922657683205772
2011-09-01,2011-07-01,-0.0306392160369495,0.46652267818574517,-0.2632495442532751
2011-10-01,2011-08-01,-0.0741542142338218,0.4245689655172414,-0.3368848932189474
2011-11-01,2011-09-01,0.4665739490785396,0.8043010752688172,0.583190328102735
2011-12-01,2011-10-01,-0.0666007149609733,0.4334763948497854,-0.32512220455876484
2012-01-01,2011-11-01,0.5343887141401069,0.828693790149893,0.699024247298425
2012-02-01,2011-12-01,0.3137018973843712,0.75,0.3219557533379829
2012-03-01,2012-01-01,0.2206303736664807,0.7014925373134329,0.1627618666115248
2012-04-01,2012-02-01,0.0959584075005191,0.597872340425532,-0.05041254432584118
2012-05-01,2012-03-01,-0.3129837224618614,0.18259023354564755,-0.7493322633044943
2012-06-01,2012-04-01,-0.1272632751472033,0.3728813559322034,-0.4306644895113579
2012-07-01,2012-05-01,-0.0443576365239626,0.452431289640592,-0.2881997976017216
2012-08-01,2012-06-01,0.2039751221516348,0.6962025316455697,0.13781195603893723
2012-09-01,2012-07-01,0.0360243038594179,0.5263157894736842,-0.15054307828346142
2012-10-01,2012-08-01,-0.169130877692802,0.32983193277310924,-0.5026742043930863
2012-11-01,2012-09-01,-0.1169034518754399,0.3836477987421384,-0.41228531607709357
2012-12-01,2012-10-01,-0.1489592495839056,0.3472803347280335,-0.46690610913229275
2013-01-01,2012-11-01,-0.0176563012209545,0.47390396659707723,-0.2402864129277771
2013-02-01,2012-12-01,-0.1357373976674392,0.36041666666666666,-0.44349541500063716
2013-03-01,2013-01-01,-0.0645195243986727,0.4386694386694387,-0.3201309741891918
2013-04-01,2013-02-01,0.0006738276909041,0.495850622406639,-0.20720861158744086
2013-05-01,2013-03-01,-0.0661158202676595,0.432712215320911,-0.32241291434102115
2013-06-01,2013-04-01,-0.0920595067871339,0.40702479338842973,-0.3669174864954866
2013-07-01,2013-05-01,-0.476025623997832,0.05979381443298969,-1.0303501602040221
2013-08-01,2013-06-01,-0.3446645622197977,0.13580246913580246,-0.8012859483524407
2013-09-01,2013-07-01,0.0072020201588594,0.5133470225872689,-0.19091536709307647
2013-10-01,2013-08-01,-0.1102753784065879,0.38729508196721313,-0.39436668287074966
2013-11-01,2013-09-01,-0.1187209126090285,0.3783231083844581,-0.4085516171762942
2013-12-01,2013-10-01,-0.0191567485122126,0.47959183673469385,-0.23517617803770605
2014-01-01,2013-11-01,0.0216991206620444,0.5315682281059063,-0.16389592074672188
2014-02-01,2013-12-01,-0.1367590095961945,0.35365853658536583,-0.43943079559416526
2014-03-01,2014-01-01,-0.293527425163302,0.20486815415821502,-0.7116903904315661
2014-04-01,2014-02-01,-0.1903059524815931,0.3016194331983806,-0.5309289422284379
2014-05-01,2014-03-01,-0.2615955985298512,0.2383838383838384,-0.6544404326139885
2014-06-01,2014-04-01,-0.3443063133365223,0.1350806451612903,-0.7976015633661399
2014-07-01,2014-05-01,-0.3602404114619562,0.11670020120724346,-0.8240505262357525
2014-08-01,2014-06-01,-0.2964033484025028,0.20481927710843373,-0.7113853960721456
2014-09-01,2014-07-01,-0.3117075368163793,0.18236472945891782,-0.7370089398809544
2014-10-01,2014-08-01,-0.3056196712033525,0.194,-0.7252485674642147
2014-11-01,2014-09-01,-0.2104814210976882,0.29740518962075846,-0.5579773339320958
2014-12-01,2014-10-01,-0.2095914078047609,0.29880478087649404,-0.5556932396695669
2015-01-01,2014-11-01,0.0670856644098059,0.5904572564612326,-0.07062873621766363
2015-02-01,2014-12-01,0.0858110525253637,0.6150793650793651,-0.037734498756604444
2015-03-01,2015-01-01,-0.0401313179561801,0.47128712871287126,-0.25866754706103795
2015-04-01,2015-02-01,-0.2925320197838257,0.21146245059288538,-0.7013616704949196
2015-05-01,2015-03-01,-0.1298112425438877,0.378698224852071,-0.4146692790275052
2015-06-01,2015-04-01,0.00981585891398,0.5275590551181102,-0.16870436014831355
2015-07-01,2015-05-01,0.0560919261280661,0.5736738703339882,-0.08707743225549507
2015-08-01,2015-06-01,0.1533870267509374,0.6686274509803921,0.08444584027999881
2015-09-01,2015-07-01,0.214926926972335,0.7201565557729941,0.19289865272424297
2015-10-01,2015-08-01,0.4044159300929224,0.798828125,0.5270989248002408
2015-11-01,2015-09-01,0.5437168822768847,0.8460038986354775,0.7722371964612976
2015-12-01,2015-10-01,0.4299358271901501,0.811284046692607,0.5702100310092137
2016-01-01,2015-11-01,0.516777941210554,0.8330097087378641,0.7228743165477226
2016-02-01,2015-12-01,0.6861960538931342,0.8856589147286822,1.0209040826978137
2016-03-01,2016-01-01,0.9236250459944104,0.9226305609284333,1.4371138192578896
2016-04-01,2016-02-01,0.9562429199893536,0.9324324324324325,1.490163209856794
2016-05-01,2016-03-01,0.5899330023782019,0.859344894026975,0.8414760572803441
2016-06-01,2016-04-01,0.2443733419796152,0.7365384615384616,0.23043910948310456
2016-07-01,2016-05-01,0.2578509034458673,0.744721689059501,0.254024037592127
2016-08-01,2016-06-01,0.0670438580229566,0.5766283524904214,-0.08377366840758622
2016-09-01,2016-07-01,0.0157113216061692,0.5219885277246654,-0.17458741968340638
2016-10-01,2016-08-01,-0.0115432521067044,0.48282442748091603,-0.2227174169745603
2016-11-01,2016-09-01,-0.0660469628201307,0.4342857142857143,-0.3191668184808266
2016-12-01,2016-10-01,-0.0652910731320957,0.4372623574144487,-0.31749118121749814
2017-01-01,2016-11-01,-0.7496326673742322,0.007590132827324478,-1.5299126215642112
2017-02-01,2016-12-01,-0.2369338759641537,0.26704545454545453,-0.6182898732161239
2017-03-01,2017-01-01,-0.1889265021802151,0.30434782608695654,-0.5323082961536244
2017-04-01,2017-02-01,-0.1752366122570907,0.32075471698113206,-0.5073550948133352
2017-05-01,2017-03-01,-0.1631330804605208,0.3352165725047081,-0.485245922759783
2017-06-01,2017-04-01,-0.1100124181322368,0.39285714285714285,-0.39019997203099166
2017-07-01,2017-05-01,-0.1574402526866964,0.33771106941838647,-0.4742050285086645
2017-08-01,2017-06-01,-0.1155234599132677,0.3895131086142322,-0.398991743044368
2017-09-01,2017-07-01,-0.1395925527478749,0.35514018691588783,-0.4414720207087058
2017-10-01,2017-08-01,-0.0703898202247981,0.43470149253731344,-0.3174966781487662
2017-11-01,2017-09-01,-0.2505477926581021,0.24767225325884543,-0.6388296950039064
2017-12-01,2017-10-01,-0.2057210094832184,0.2936802973977695,-0.5579423799566637
2018-01-01,2017-11-01,-0.1230072894100173,0.3821892393320965,-0.40940746188562305
2018-02-01,2017-12-01,-0.1887918463069748,0.3037037037037037,-0.5266565505131953
2018-03-01,2018-01-01,-0.3951562154760988,0.08133086876155268,-0.8951735389580883
2018-04-01,2018-02-01,-0.2379245000033327,0.26199261992619927,-0.6124282638823345
2018-05-01,2018-03-01,-0.0972272854530285,0.4198895027624309,-0.35959264475726055
2018-06-01,2018-04-01,-0.27922656401694,0.21875,-0.6855003336632699
2018-07-01,2018-05-01,-0.1908038267755654,0.30275229357798167,-0.526016348863239
2018-08-01,2018-06-01,0.0324820983886093,0.554945054945055,-0.12446020787032647
2018-09-01,2018-07-01,-0.1209459647815156,0.38939670932358317,-0.40012993467816976
2018-10-01,2018-08-01,-0.089811881560702,0.42883211678832117,-0.34371025981819264
2018-11-01,2018-09-01,-0.1711741600177128,0.32604735883424407,-0.489799431006545
2018-12-01,2018-10-01,0.009124808934035,0.5327272727272727,-0.16446009202117368
2019-01-01,2018-11-01,0.1539109874273256,0.6751361161524501,0.09681820758017706
2019-02-01,2018-12-01,0.3555007056038592,0.7807971014492754,0.46054876802754563
2019-03-01,2019-01-01,0.1946686132070352,0.7106690777576854,0.16958837815272754
2019-04-01,2019-02-01,0.0855835655697381,0.6209386281588448,-0.02779843284328191
2019-05-01,2019-03-01,-0.1067784388996817,0.4018018018018018,-0.37584561914336584
2019-06-01,2019-04-01,0.0151075273700616,0.539568345323741,-0.15475449839400238
2019-07-01,2019-05-01,-0.0013020318514636,0.5134649910233393,-0.18435603743364373
2019-08-01,2019-06-01,0.027452714759995,0.553763440860215,-0.1320193074851107
2019-09-01,2019-07-01,-0.0268611877117079,0.4883720930232558,-0.23051919772100843
2019-10-01,2019-08-01,-0.1442946937455029,0.3517857142857143,-0.44366480982731615
2019-11-01,2019-09-01,-0.2226841035222202,0.2727272727272727,-0.5856616006677045
2019-12-01,2019-10-01,-0.2178319117737921,0.27580071174377224,-0.5761402581787561
2020-01-01,2019-11-01,-0.161224230810387,0.33747779751332146,-0.4724573926500567
2020-02-01,2019-12-01,-0.2718257232486638,0.21808510638297873,-0.6733030905704884
2020-03-01,2020-01-01,-0.2355089990007479,0.26194690265486725,-0.6063022037808942
2020-04-01,2020-02-01,-0.1477919454001155,0.35335689045936397,-0.4456848450701604
2020-05-01,2020-03-01,1.192179703551001,0.9629629629629629,1.9936285410963293
2020-06-01,2020-04-01,0.6557726021795935,0.8838028169014085,1.014386113446148
2020-07-01,2020-05-01,0.4137918376490606,0.8084358523725835,0.5727985933223906
2020-08-01,2020-06-01,0.0575776092957482,0.5859649122807018,-0.07658375724156162
2020-09-01,2020-07-01,-0.1552530166894592,0.3397548161120841,-0.46446137001362786
2020-10-01,2020-08-01,-0.2801758881003857,0.20804195804195805,-0.6916819256544859
2020-11-01,2020-09-01,0.0075392559143749,0.5322862129144852,-0.16591055821877543
2020-12-01,2020-10-01,-0.2025194095610121,0.2926829268292683,-0.5493668959054637
2021-01-01,2020-11-01,-0.4597245551247557,0.057391304347826085,-1.0181300140451932
2021-02-01,2020-12-01,-0.4901106358953125,0.046875,-1.0717164712440819
2021-03-01,2021-01-01,-0.6456720903349988,0.01733102253032929,-1.352945495936647
2021-04-01,2021-02-01,-0.9458473213095024,0.0034602076124567475,-1.8940750331735718
2021-05-01,2021-03-01,-0.7390425552575377,0.010362694300518135,-1.5125869739130364
2021-06-01,2021-04-01,-0.4797726475246919,0.056896551724137934,-1.0383927560289739
2021-07-01,2021-05-01,-0.4152757450826365,0.08089500860585198,-0.9194393021563545
2021-08-01,2021-06-01,-0.5803101841216538,0.02577319587628866,-1.2175064520946421
2021-09-01,2021-07-01,-0.5518759843946892,0.029159519725557463,-1.1633685746433466
2021-10-01,2021-08-01,-0.474617048861176,0.06506849315068493,-1.0209241841156966
2021-11-01,2021-09-01,-0.6445834368910202,0.022222222222222223,-1.3272013107192837
2021-12-01,2021-10-01,-0.5243536586141995,0.04436860068259386,-1.10636181422007
2022-01-01,2021-11-01,-0.4500966984146581,0.08006814310051108,-0.969685999415325
2022-02-01,2021-12-01,-0.4443664206433626,0.08333333333333333,-0.957697414355836
2022-03-01,2022-01-01,-0.3497175880038496,0.13752122241086587,-0.784438497144275
2022-04-01,2022-02-01,-0.2154399646081779,0.29491525423728815,-0.5394953859156686
2022-05-01,2022-03-01,-0.8658185371036036,0.00676818950930626,-1.717961120073825
2022-06-01,2022-04-01,-0.3235650572074209,0.17229729729729729,-0.7312900196978958
2022-07-01,2022-05-01,-0.1245462754009372,0.403035413153457,-0.3690128654741949
2022-08-01,2022-06-01,0.0687492645574232,0.6195286195286195,-0.01722598656366618
2022-09-01,2022-07-01,0.0114464449838973,0.5529411764705883,-0.12149400635373722
2022-10-01,2022-08-01,-0.0322917898467522,0.5016778523489933,-0.20104971245134157
2022-11-01,2022-09-01,0.0223228987081705,0.5695142378559463,-0.10132562046624963
2022-12-01,2022-10-01,0.1030901690604224,0.6605351170568562,0.046109111743118394
2023-01-01,2022-11-01,-0.2229780937364354,0.2888146911519199,-0.5491616317713022
2023-02-01,2022-12-01,-0.0027966466996733,0.5283333333333333,-0.14643511578940543
2023-03-01,2023-01-01,-0.0129865315806936,0.5158069883527454,-0.1649416506288281
2023-04-01,2023-02-01,-0.1425053686355086,0.3770764119601329,-0.4017653313515671
2023-05-01,2023-03-01,-0.1753111697616742,0.33499170812603646,-0.46142623121769405
2023-06-01,2023-04-01,0.2134529982000939,0.7384105960264901,0.2513303523677532
2023-07-01,2023-05-01,0.1610268759551887,0.6991735537190082,0.1549770754910526
2023-08-01,2023-06-01,0.2023431380151206,0.7326732673267327,0.23066928676192053
2023-09-01,2023-07-01,0.0402045239192749,0.5881383855024712,-0.06733596652714477
2023-10-01,2023-08-01,0.0962342001302671,0.6513157894736842,0.035719220238265764
2023-11-01,2023-09-01,0.0117590894955317,0.5533661740558292,-0.11972822366368206
2023-12-01,2023-10-01,0.2492648978516694,0.7672131147540984,0.3176681830437845
2024-01-01,2023-11-01,-0.0582531792707483,0.4746317512274959,-0.24923784773022292
2024-02-01,2023-12-01,-0.2068102928850075,0.3022875816993464,-0.5228723506712224
2024-03-01,2024-01-01,-0.0432741711438136,0.48613376835236544,-0.2206797702559682
2024-04-01,2024-02-01,-0.1089208368342531,0.4169381107491857,-0.3416937174287553
2024-05-01,2024-03-01,-0.0661209473846957,0.46178861788617886,-0.26230826454730144
2024-06-01,2024-04-01,-0.1800406901869489,0.32142857142857145,-0.4726909004430146
2024-07-01,2024-05-01,-0.1065877970475621,0.419773095623987,-0.336348770659674
2024-08-01,2024-06-01,-0.0006494365642359,0.5339805825242718,-0.13988848498338718
2024-09-01,2024-07-01,-0.0631383116587569,0.47495961227786754,-0.2555768700210037
2024-10-01,2024-08-01,-0.0109152997340316,0.5193548387096775,-0.1585060180044348
2024-11-01,2024-09-01,-0.0692688335280014,0.4557165861513688,-0.26668118847127825
2024-12-01,2024-10-01,-0.339466583667514,0.14469453376205788,-0.7680291635902234
2025-01-01,2024-11-01,-0.2001844753621282,0.30497592295345105,-0.5084871702466012
2025-02-01,2024-12-01,-0.4388218579790366,0.08173076923076923,-0.9510999457233846
2025-03-01,2025-01-01,-0.2736028353292631,0.2272,-0.6429018740336382
2025-04-01,2025-02-01,-0.2281910307087676,0.2779552715654952,-0.5577668434273458
2025-05-01,2025-03-01,-0.0073992921720633,0.5247208931419458,-0.14633728082204045
2025-06-01,2025-04-01,-0.0641979608414631,0.47611464968152867,-0.2520163060458126
2025-07-01,2025-05-01,-0.1762345440270412,0.3322734499205087,-0.460603461311901
2025-08-01,2025-06-01,-0.1905823850364751,0.3126984126984127,-0.48691132007148324
2025-09-01,2025-07-01,-0.2105490209841146,0.29160063391442154,-0.523680802664882
2025-10-01,2025-08-01,-0.1585881479090511,0.3560126582278481,-0.4261611211013594
2025-11-01,2025-09-01,-0.2926699039640573,0.20221169036334913,-0.6761596988352638
2025-12-01,2025-10-01,-0.2596293722845589,0.2444794952681388,-0.6136694801596488
2026-01-01,2025-11-01,-0.2046146314511304,0.30551181102362207,-0.5101720617409611
2026-02-01,2025-12-01,-0.2133538994331344,0.2908805031446541,-0.5260137651998243
2026-03-01,2026-01-01,-0.2642593920588139,0.23390894819466249,-0.6207462363109059
2026-04-01,2026-02-01,-0.2624148491683027,0.23667711598746083,-0.6166198894736176
2026-05-01,2026-03-01,-0.269959440413418,0.22848200312989045,-0.630084411527143
2026-06-01,2026-04-01,-0.2074239342799091,0.30625,-0.512204506903482
2026-07-01,2026-05-01,-0.3799085044170986,0.1060842433697348,-0.8350247627088885
2026-08-01,2026-06-01,-0.297648271615362,0.19626168224299065,-0.6797279553630433
