peak,trough,recov,depth,months,equity,bond10,gold,commod,cash,trend,cpi_yoy,real_rate,credit_spread,growth
1929-08-31,1932-06-30,1945-02-28,-0.839,34,-0.839,,,,0.052,,,,5.59,-0.302
2007-10-31,2009-02-28,2012-02-29,-0.502,16,-0.502,0.176,0.25,-0.422,0.025,0.116,0.0,0.03,2.81,-0.136
1972-12-31,1974-09-30,1976-12-31,-0.464,21,-0.464,0.02,1.375,,0.136,,0.119,-0.04,0.94,-0.005
2000-03-31,2002-09-30,2006-10-31,-0.447,30,-0.447,0.336,0.116,0.079,0.104,,0.015,0.021,1.25,0.021
1968-11-30,1970-06-30,1971-12-31,-0.334,19,-0.334,-0.024,,,0.109,,0.06,0.017,0.77,-0.032
1987-08-31,1987-11-30,1989-05-31,-0.298,3,-0.298,0.023,0.015,,0.015,,0.045,0.045,1.22,0.077
2021-12-31,2022-09-30,2023-12-31,-0.249,9,-0.249,-0.166,-0.061,0.124,0.004,0.262,0.082,-0.044,1.1,0.025
1946-05-31,1947-05-31,1949-12-31,-0.245,12,-0.245,,,,0.0,,,,0.64,0.219
1961-12-31,1962-06-30,1963-05-31,-0.232,6,-0.232,0.024,,,0.013,,0.012,0.028,0.74,0.077
2020-01-31,2020-03-31,2020-07-31,-0.201,2,-0.201,0.08,0.02,-0.173,0.004,0.058,0.015,-0.008,1.27,-0.053
1998-06-30,1998-08-31,1998-11-30,-0.173,2,-0.173,0.039,-0.028,-0.127,0.009,,0.016,0.034,0.62,0.059
1990-05-31,1990-10-31,1991-02-28,-0.17,5,-0.17,0.034,0.033,,0.033,,0.064,0.023,1.21,0.018
1980-11-30,1982-07-31,1982-10-31,-0.166,20,-0.166,0.195,-0.458,,0.242,,0.066,0.071,2.19,-0.063
1957-07-31,1957-12-31,1958-07-31,-0.152,5,-0.152,,,,0.011,,0.03,,1.22,-0.068
1966-01-31,1966-09-30,1967-03-31,-0.151,8,-0.151,0.008,,,0.034,,0.036,0.014,0.6,0.092
2018-09-30,2018-12-31,2019-04-30,-0.145,3,-0.145,0.039,0.044,-0.1,0.006,-0.074,0.02,0.007,1.11,0.026
1980-01-31,1980-03-31,1980-06-30,-0.121,2,-0.121,-0.061,-0.18,,0.021,,0.146,-0.02,1.49,-0.003
1978-08-31,1978-10-31,1979-03-31,-0.12,2,-0.12,-0.022,0.102,,0.013,,0.089,0.0,0.7,0.059
1983-06-30,1984-05-31,1984-08-31,-0.106,11,-0.106,-0.048,-0.087,,0.088,,0.043,0.096,1.46,0.11
