,minvar_ret,trendgated_ret
1927-09-30,,
1927-10-31,,
1927-11-30,,
1927-12-31,,
1928-01-31,,
1928-02-29,,
1928-03-31,,
1928-04-30,,
1928-05-31,,
1928-06-30,,
1928-07-31,,
1928-08-31,,
1928-09-30,,
1928-10-31,,
1928-11-30,,
1928-12-31,,
1929-01-31,,
1929-02-28,,
1929-03-31,,
1929-04-30,,
1929-05-31,,
1929-06-30,,
1929-07-31,,
1929-08-31,,
1929-09-30,-0.017294851257663436,
1929-10-31,-0.10858991476236415,
1929-11-30,-0.04863773892567082,
1929-12-31,0.01620591742690369,0.0025030023012648783
1930-01-31,0.018564315717274477,0.0026032526014949653
1930-02-28,0.014842582076228386,0.00220231154073125
1930-03-31,0.03698034993804909,0.0026032526014949653
1930-04-30,-0.0008964198343655224,
1930-05-31,-0.010020026885244535,
1930-06-30,-0.051200604579064654,
1930-07-31,0.012402416177617321,0.0025030023012648783
1930-08-31,0.0015243347717192415,0.0
1930-09-30,-0.037289039641410136,0.0025030023012648783
1930-10-31,-0.02334230139788598,0.0
1930-11-30,-0.004127371234978568,0.002302531771885219
1930-12-31,-0.020515538130566793,0.0026032526014949653
1931-01-31,0.029892270351171774,0.0026032526014949653
1931-02-28,0.03888816997822159,0.0
1931-03-31,0.0013343311696213808,0.0
1931-04-30,-0.028062255030540162,0.0
1931-05-31,-0.03866545138819998,0.0
1931-06-30,0.03660942099179026,0.0
1931-07-31,-0.006333974225940972,0.0
1931-08-31,0.001171455820079889,0.0
1931-09-30,-0.09401435205597239,0.0
1931-10-31,0.034626900808878765,0.0
1931-11-30,-0.01189774491284261,0.002302531771885219
1931-12-31,-0.03593750492154271,0.0
1932-01-31,0.023826718329072204,0.0025030023012648783
1932-02-29,0.01753932104089644,0.002302531771885219
1932-03-31,-0.02627559010786279,0.0026032526014949653
1932-04-30,-0.040884332049002756,0.0
1932-05-31,-0.05752467086530985,0.0
1932-06-30,0.029346268319471836,0.0
1932-07-31,0.10076506619908443,0.0
1932-08-31,0.09913654876055077,0.0
1932-09-30,-0.0027356327250821874,
1932-10-31,-0.018991844409638314,
1932-11-30,-0.0029171727268388916,
1932-12-31,0.004538781518105259,
1933-01-31,0.010556664675230134,
1933-02-28,-0.0247039398597416,
1933-03-31,0.019334846786706217,
1933-04-30,0.07450985948491673,
1933-05-31,0.06466560869051997,
1933-06-30,0.039067694503524424,
1933-07-31,-0.011271007378369757,
1933-08-31,0.021577340788357522,
1933-09-30,-0.011932554614371017,
1933-10-31,-0.00880663712174696,
1933-11-30,0.01744778948094061,
1933-12-31,0.009330358954698173,
1934-01-31,0.038167479572871976,
1934-02-28,-0.001375706240664734,
1934-03-31,-0.0012498774094772704,
1934-04-30,-0.001946601117971559,
1934-05-31,-0.015217027757161751,
1934-06-30,0.0024732062564901025,
1934-07-31,-0.022981292524913127,
1934-08-31,0.011891493508942627,
1934-09-30,0.004866914181648153,
1934-10-31,-0.001798949266978337,
1934-11-30,0.023101330260985726,
1934-12-31,0.0008796106963650345,
1935-01-31,-0.004450252816697848,
1935-02-28,-0.0030506879042552872,0.0
1935-03-31,-0.009280097108189694,0.0
1935-04-30,0.02195441076335453,0.0
1935-05-31,0.004941789514383513,0.0
1935-06-30,0.019341606657443913,
1935-07-31,0.035466036647002736,
1935-08-31,0.014433053773596601,
1935-09-30,0.018317837692127553,
1935-10-31,0.04321033861707798,
1935-11-30,0.0322904963395497,
1935-12-31,0.023756758250355163,
1936-01-31,0.053695600964559644,
1936-02-29,0.011036473332739464,
1936-03-31,0.009886819607547675,
1936-04-30,-0.04319951865219756,
1936-05-31,0.0264654299900633,
1936-06-30,0.007647494053370038,
1936-07-31,0.03552375940376543,
1936-08-31,0.005510566629130384,
1936-09-30,0.007199147605814125,
1936-10-31,0.0379152977537431,
1936-11-30,0.02271802094089301,
1936-12-31,0.015483383527747112,
1937-01-31,0.03242942233479514,
1937-02-28,0.010118220853042275,
1937-03-31,-0.00015310561497311484,
1937-04-30,-0.04280485027902228,
1937-05-31,-0.013073936542989151,
1937-06-30,-0.028514607946420086,
1937-07-31,0.04386918349332162,
1937-08-31,-0.019056486418044787,
1937-09-30,-0.08690378282675265,
1937-10-31,-0.01457517906076393,0.0
1937-11-30,-0.03504346438848745,0.0
1937-12-31,-0.02143195178036196,0.0
1938-01-31,0.007053441044994585,0.0
1938-02-28,0.016711590535909357,0.0
1938-03-31,-0.08338028338221959,0.0
1938-04-30,0.04862522685239863,0.0
1938-05-31,-0.002633772955035891,0.0
1938-06-30,0.05587286009801525,0.0
1938-07-31,0.023310639386111012,0.0
1938-08-31,-0.010183657904807316,0.0
1938-09-30,0.00015593977162658548,0.0
1938-10-31,0.03887007689277137,0.0
1938-11-30,-0.00404139227632864,
1938-12-31,0.00461976616408377,
1939-01-31,-0.01813293641557846,
1939-02-28,0.02100406094647852,
1939-03-31,-0.04559595457170115,
1939-04-30,0.007003605442580764,
1939-05-31,0.03417142937856898,
1939-06-30,-0.021682411381545214,
1939-07-31,0.0458953514999083,
1939-08-31,-0.018517872075222017,
1939-09-30,0.0722556691619661,
1939-10-31,0.008209735350534977,
1939-11-30,-0.018212467887046925,
1939-12-31,0.0043400125196041955,
1940-01-31,-0.00245455502114663,
1940-02-29,0.012610303337508899,
1940-03-31,0.013857053856093617,
1940-04-30,0.005129517767602891,
1940-05-31,-0.07996614421148195,
1940-06-30,0.026582401518746107,
1940-07-31,0.012866083227470132,
1940-08-31,0.007235495494592173,
1940-09-30,0.006415257642741263,
1940-10-31,0.010584103566414342,0.0
1940-11-30,0.003686079848797745,0.0
1940-12-31,-0.00433555524087393,
1941-01-31,-0.007909385322308367,
1941-02-28,-0.00279390346431769,
1941-03-31,0.005936711968296538,0.0
1941-04-30,-0.016903430532191583,0.0
1941-05-31,0.005913258451732643,0.0
1941-06-30,0.017121333343591942,
1941-07-31,0.022910392603011403,
1941-08-31,-0.001198377767987536,
1941-09-30,-0.004722820287662796,
1941-10-31,-0.01805176674583059,
1941-11-30,-0.005814626735427478,
1941-12-31,-0.02446993076625025,0.0
1942-01-31,0.05533131499895289,0.0
1942-02-28,-0.00555047392046904,
1942-03-31,-0.01841084391016402,
1942-04-30,-0.013059896005588564,
1942-05-31,0.016429213348303516,
1942-06-30,0.022217349748087454,
1942-07-31,0.03376832463872925,
1942-08-31,0.020884985604969365,
1942-09-30,0.03172209918236979,
1942-10-31,0.05974541473508128,
1942-11-30,-0.0066576753449960275,
1942-12-31,0.03324352802140677,
1943-01-31,0.10259507440294738,
1943-02-28,0.07079179791871223,
1943-03-31,0.04219281256342393,
1943-04-30,0.03186866355816394,
1943-05-31,0.029182047219446148,
1943-06-30,0.0035629207503626798,
1943-07-31,-0.024663902494769054,
1943-08-31,0.005984598902222253,
1943-09-30,0.016740444152923816,
1943-10-31,-0.0022130369863304646,
1943-11-30,-0.02346993081902238,
1943-12-31,0.04119828886678419,
1944-01-31,0.008682445423680152,
1944-02-29,0.006037603001416062,
1944-03-31,0.019828807101922863,
1944-04-30,-0.011407692894905784,
1944-05-31,0.031044109352248928,
1944-06-30,0.042994545930671806,
1944-07-31,-0.00016709750071004607,
1944-08-31,0.010176799021576628,
1944-09-30,-0.001825789139576211,
1944-10-31,0.000763031097204704,
1944-11-30,0.0074557626149678105,
1944-12-31,0.02063788401997115,
1945-01-31,0.0035286807842724722,
1945-02-28,0.032088901220182535,
1945-03-31,-0.019140346557265084,
1945-04-30,0.043962611739049216,
1945-05-31,0.01397568486308738,
1945-06-30,0.006987571564617017,
1945-07-31,-0.010673440726375386,
1945-08-31,0.024967364717160594,
1945-09-30,0.027555915633147444,
1945-10-31,0.02386051629114429,
1945-11-30,0.02902351918223724,
1945-12-31,0.003698059683077153,
1946-01-31,0.04069648734586765,
1946-02-28,-0.026817290302369453,
1946-03-31,0.04343740262054819,
1946-04-30,0.03380704138703942,
1946-05-31,0.01798584626642047,
1946-06-30,-0.023499937093706513,
1946-07-31,-0.012780465771485262,
1946-08-31,-0.026477847209079596,
1946-09-30,-0.04324423686556616,
1946-10-31,-0.003638162440134576,
1946-11-30,-0.0019913235806759168,
1946-12-31,0.025928379212002226,0.0
1947-01-31,-0.005892705058366359,
1947-02-28,-0.010126426326565047,0.0
1947-03-31,-0.005383999798856251,0.0
1947-04-30,-0.021860379028840308,0.0
1947-05-31,-0.003711598449410186,0.0
1947-06-30,0.01800265926179036,0.0
1947-07-31,0.01618846288207794,0.0
1947-08-31,-0.007945983879623765,0.0
1947-09-30,-0.0033821003465870692,0.0
1947-10-31,0.015274202461319537,0.0
1947-11-30,-0.010123977426646046,
1947-12-31,0.017604398174776315,
1948-01-31,-0.024934248643985243,0.0
1948-02-29,-0.023190039907938522,0.0
1948-03-31,0.04375416859363476,0.0
1948-04-30,0.019116129613594456,
1948-05-31,0.043871573380351414,
1948-06-30,-0.00018495263409068984,
1948-07-31,-0.028966591975198082,
1948-08-31,0.0017392947382898673,
1948-09-30,-0.016294039147574997,
1948-10-31,0.0313866176160376,
1948-11-30,-0.04811753231467453,
1948-12-31,0.017920383447291934,
1949-01-31,0.003945102216138395,
1949-02-28,-0.025398831857977058,
1949-03-31,0.029152927919462335,
1949-04-30,-0.007666121162054519,
1949-05-31,-0.01681471878004797,0.0
1949-06-30,0.0039751656700767815,0.0
1949-07-31,0.026240645263960555,0.0
1949-08-31,0.012560206231945904,0.0
1949-09-30,0.026717898682944625,
1949-10-31,0.014297985768262534,
1949-11-30,0.006913594563920144,
1949-12-31,0.04269282361386677,
1950-01-31,0.01805993013412336,
1950-02-28,0.010548091105570364,
1950-03-31,0.011539576023726383,
1950-04-30,0.040289612389738085,
1950-05-31,0.004587426845297979,
1950-06-30,-0.04459275791722932,
1950-07-31,0.008268204608334431,
1950-08-31,0.0362096454927489,
1950-09-30,0.028289065546001826,
1950-10-31,-0.007835444863755068,
1950-11-30,0.006991485625945852,
1950-12-31,0.035913413699436146,
1951-01-31,0.036963466942350386,
1951-02-28,0.006186409683836655,
1951-03-31,-0.017519422142329426,
1951-04-30,0.024732113490203704,
1951-05-31,-0.014180045777398186,
1951-06-30,-0.02071734491957508,
1951-07-31,0.03797931737390605,
1951-08-31,0.02010960447826644,
1951-09-30,0.010399919014905817,
1951-10-31,-0.010335152893059921,
1951-11-30,0.002564288371403924,
1951-12-31,0.021322491735331715,
1952-01-31,0.007932798759737252,
1952-02-29,-0.011098975305161624,
1952-03-31,0.021851970779539945,
1952-04-30,-0.02343808620087079,
1952-05-31,0.015948910801720475,
1952-06-30,0.018893899329550188,
1952-07-31,0.005101277981478255,
1952-08-31,-0.000490099494132053,
1952-09-30,-0.007969953058989562,
1952-10-31,0.0004571588302030679,
1952-11-30,0.030228282371691763,
1952-12-31,0.018236311619015132,
1953-01-31,-3.144400135004274e-05,
1953-02-28,-0.001335630505709597,
1953-03-31,-0.008597742278412349,
1953-04-30,-0.008532330123633343,
1953-05-31,0.002317513723440779,
1953-06-30,-0.011153581114223104,
1953-07-31,0.010085885108495925,
1953-08-31,-0.017000350750479315,
1953-09-30,0.006309260625016853,
1953-10-31,0.014430861430433326,
1953-11-30,0.014324021582065619,
1953-12-31,0.002377570536446485,
1954-01-31,0.02060801924587485,
1954-02-28,0.009449500393681259,
1954-03-31,0.018180549875735322,
1954-04-30,0.022328038939384582,
1954-05-31,0.01005147372902022,
1954-06-30,0.00819525035755218,
1954-07-31,0.021513424087216418,
1954-08-31,-0.014448813953827843,
1954-09-30,0.03806096534570086,
1954-10-31,-0.007655114344077237,
1954-11-30,0.04884774687364733,
1954-12-31,0.027747623018318,
1955-01-31,0.004258519689601223,
1955-02-28,0.012671157778575309,
1955-03-31,0.0014907150081203413,
1955-04-30,0.017634692077579978,
1955-05-31,0.005975646884264108,
1955-06-30,0.03222909880936692,
1955-07-31,0.019766270072517956,
1955-08-31,0.0018663760055705443,
1955-09-30,0.005928473458426351,
1955-10-31,-0.015343982165836047,
1955-11-30,0.04124611021408471,
1955-12-31,0.0042715827222232616,
1956-01-31,-0.019954080999100125,
1956-02-29,0.025152732239450963,
1956-03-31,0.02970064742567212,
1956-04-30,8.865537398401927e-05,
1956-05-31,-0.02600568771072566,
1956-06-30,0.022002912106718574,
1956-07-31,0.022393586245501196,
1956-08-31,-0.01715875842382105,
1956-09-30,-0.02414269040505291,
1956-10-31,0.005475637354259257,
1956-11-30,0.003471616722683146,
1956-12-31,0.020321348869188186,
1957-01-31,-0.013830048269028521,
1957-02-28,-0.00690276801880716,
1957-03-31,0.020458693277050282,
1957-04-30,0.017978911319576955,
1957-05-31,0.015442192433258086,
1957-06-30,0.005449172630682686,
1957-07-31,0.005248803051936267,
1957-08-31,-0.021977280460987705,
1957-09-30,-0.024507499992806107,
1957-10-31,-0.029314646316732983,
1957-11-30,0.02435512221680866,0.0019017109693872936
1957-12-31,-0.013184006129832069,
1958-01-31,0.03912535886113667,0.00220231154073125
1958-02-28,0.001201851608660516,
1958-03-31,0.026359967439305795,
1958-04-30,0.026807954378641342,
1958-05-31,0.01636594869624014,
1958-06-30,0.015959728470950733,
1958-07-31,0.016204420094462726,
1958-08-31,0.015630583903962946,
1958-09-30,0.03043974989000178,
1958-10-31,0.013149757231504347,
1958-11-30,0.03426737358941963,
1958-12-31,0.01996169718081361,
1959-01-31,0.019655552987878726,
1959-02-28,0.027697902235856026,
1959-03-31,0.014224334196762892,
1959-04-30,0.030770104778628148,
1959-05-31,0.0019009171703722996,
1959-06-30,0.009642211487428418,
1959-07-31,0.015946491255743638,
1959-08-31,-0.005491000780893952,
1959-09-30,-0.024607284601573073,
1959-10-31,0.02439787575946721,
1959-11-30,0.015132558459975555,
1959-12-31,0.014710288292871533,
1960-01-31,-0.03022538040229375,
1960-02-29,0.015216509292214481,
1960-03-31,-0.007937747949717543,
1960-04-30,-0.002351797448671687,
1960-05-31,0.0334184913937318,
1960-06-30,0.01296783762113964,
1960-07-31,-0.014513633279623373,
1960-08-31,0.03278584033074952,
1960-09-30,-0.039744663729589146,
1960-10-31,-0.007032252802654993,
1960-11-30,0.021042048186905877,
1960-12-31,0.03221044474544986,
1961-01-31,0.029294356470169675,
1961-02-28,0.025337634532565812,
1961-03-31,0.02082218572063485,
1961-04-30,0.0065776762226114885,
1961-05-31,0.00819572698282683,
1961-06-30,-0.014107961099926705,
1961-07-31,0.010454419822286258,
1961-08-31,0.012702442133882611,
1961-09-30,-0.013357744375171324,
1961-10-31,0.019222148231489104,
1961-11-30,0.021175588474270788,
1961-12-31,-0.00653430753202456,
1962-01-31,-0.01129623218166667,
1962-02-28,0.010935828665079774,0.01093869712505521
1962-03-31,0.014676374484765243,0.012039938112625485
1962-04-30,0.0020838446384077126,-0.004386546815695051
1962-05-31,-0.0014182676586478496,-0.009956552534992157
1962-06-30,-0.00584399272395596,-0.0047809052672509456
1962-07-31,0.0005821951101900311,0.00013473340352132546
1962-08-31,0.010240578955189364,0.010089123541510592
1962-09-30,0.0044104600329782214,0.004615751115848665
1962-10-31,0.004634561630808613,0.005040474666723416
1962-11-30,0.004577389411065443,0.0029548076501824116
1962-12-31,0.008975048525307821,0.008746114708886532
1963-01-31,0.0020429645053363778,0.001726404249121627
1963-02-28,-0.0028838934693524118,-0.0038607765904811343
1963-03-31,0.0024708888911832982,0.0024708888911832982
1963-04-30,0.00331153029019271,0.006072923695553659
1963-05-31,0.002627427773900015,0.005028970744170818
1963-06-30,-4.2979574828461153e-05,-0.0010897095442273914
1963-07-31,0.003513008700909648,0.004053571495910432
1963-08-31,0.0018911104992953565,0.006672554678607001
1963-09-30,-0.0007665141654366048,-0.002128407640273372
1963-10-31,-0.0026280008381089903,-0.0009494686352374828
1963-11-30,0.008390962425377513,0.005840936721857359
1963-12-31,-0.001343937075435342,-0.0008198704866519608
1964-01-31,0.002842911129451675,0.0047648835677397364
1964-02-29,0.0005753490077478052,0.003436623725936774
1964-03-31,-0.0004392223275064934,0.0020686813001294995
1964-04-30,0.004494606149689773,0.005821585421945237
1964-05-31,0.0057275855256377906,0.006997996666094082
1964-06-30,0.0068410855033980145,0.007830711109804447
1964-07-31,0.0009543418334435701,0.004935399151397129
1964-08-31,0.0018587051455680713,0.0013436194813693984
1964-09-30,0.0063741515859424315,0.012137008632519743
1964-10-31,0.005138178053953587,0.007187075446344142
1964-11-30,-0.00021560522364016954,-0.0005869226916898236
1964-12-31,0.002857679080934483,0.0017115769976884859
1965-01-31,0.004936440203577262,0.013481151005884307
1965-02-28,0.000626985373574307,0.0033414954101544498
1965-03-31,0.005466770676784764,0.007271899908164515
1965-04-30,0.0027768978019391713,0.007065454735990972
1965-05-31,0.0017398834858795265,0.0010609958273090207
1965-06-30,0.005950584065647212,-0.002369396661517657
1965-07-31,0.002436986400973902,0.0033938273691004484
1965-08-31,0.0007046335134994708,0.0023171641784712304
1965-09-30,-0.0019760280278004103,-0.0009301669529503413
1965-10-31,0.0005379468595277483,0.002130281989977361
1965-11-30,-0.00020588628244827285,0.0012308691062060187
1965-12-31,-0.007860931448585101,-0.006434576244885759
1966-01-31,0.002905398784138157,0.005366642660846468
1966-02-28,-0.019033133591686784,-0.016358385548304818
1966-03-31,0.025305643688285664,-0.009462876150909398
1966-04-30,0.005316421402781295,0.011059753956256857
1966-05-31,-0.00715706451790553,-0.05596602897845288
1966-06-30,-0.008361232152430906,-0.007960953005221521
1966-07-31,-0.0037187628883134753,-0.013913538445353616
1966-08-31,-0.024480274884603224,-0.06237800503514414
1966-09-30,0.028728211262773497,-0.0030690298426593655
1966-10-31,0.008801546869764693,0.014460212912370839
1966-11-30,-0.003561863019644667,0.005770479735125616
1966-12-31,0.03863315509173529,0.005413154239647786
1967-01-31,0.020539197655043827,0.013157693466082643
1967-02-28,-0.008753590542407194,-0.002845732119803767
1967-03-31,0.026960747194021025,0.03565106707278229
1967-04-30,-0.012154499732446724,-0.0018988840221493743
1967-05-31,0.0010041149127752406,-0.0003421585385422832
1967-06-30,-0.019005148736887766,-0.00589508460228271
1967-07-31,0.011597329155299558,0.014897745901777388
1967-08-31,-0.003944092617673486,-0.004498044632629686
1967-09-30,0.006748610391087268,0.016221808257115593
1967-10-31,-0.019467610711040674,-0.01899865394400892
1967-11-30,-0.00178033673105519,0.004542106239004639
1967-12-31,0.011472418938158655,0.018072481335059416
1968-01-31,0.009576868162217351,-0.033315617386561434
1968-02-29,-0.002343742091814638,-0.02861764679531727
1968-03-31,-0.007611167171995494,0.007374229810178783
1968-04-30,0.02217687117654475,0.1560295082728289
1968-05-31,0.002054771958221517,0.052847915572115996
1968-06-30,0.014789926076959172,0.003006209667367713
1968-07-31,0.01682015450247423,0.013137077491098725
1968-08-31,0.003089275764271214,0.004294486598259356
1968-09-30,0.0029868450613446916,0.004644394350239752
1968-10-31,-0.0026263511595816216,-0.002001731196224535
1968-11-30,-0.001608244370077768,0.00019571825081402504
1968-12-31,-0.018538565736418326,-0.017643810104100488
1969-01-31,0.002495458058349455,0.0016712665131230703
1969-02-28,-0.006458111536635865,-0.03571850453172597
1969-03-31,0.004595499484052679,0.019123477010731367
1969-04-30,0.012758409723710815,0.013087481683145948
1969-05-31,-0.017534545294832164,-0.013319985118850035
1969-06-30,-0.012526310393123536,-0.06741418075584463
1969-07-31,0.00627023450694824,-0.05437920889525961
1969-08-31,-0.001686896526184132,0.004208410649582328
1969-09-30,-0.039018200967044184,-0.01410723573268361
1969-10-31,0.048046449489690064,0.006922817888806332
1969-11-30,-0.019494792419228343,0.005715416194423062
1969-12-31,-0.03218237715671263,0.006620831639314595
1970-01-31,0.01238666406952506,0.006318935958527172
1970-02-28,0.06388783717977799,0.005715416194423062
1970-03-31,-0.00719740270472332,-0.0058987469359380856
1970-04-30,-0.048530546172021204,-0.03989218523528014
1970-05-31,-0.0024928923324238185,0.006318935958527172
1970-06-30,0.024827830570691836,0.006620831639314595
1970-07-31,0.02822793541825924,0.024022710344489506
1970-08-31,-0.0011479156343960906,-4.70208644734421e-05
1970-09-30,0.019806706515680395,0.017847752610233806
1970-10-31,0.0033906077620229347,0.0034680220851007033
1970-11-30,0.0647133309750616,0.0647133309750616
1970-12-31,0.004825752975890829,0.004778079002596867
1971-01-31,0.03469355981070388,0.03379816954582338
1971-02-28,0.000766960371598735,0.009581392879913088
1971-03-31,0.05082797636071534,0.04167417990652284
1971-04-30,-0.03387184580336636,-0.011117074097742053
1971-05-31,-0.015149959614177123,-0.026097644594923683
1971-06-30,-0.015496259966969895,-0.015216157105177347
1971-07-31,-0.004228238071108035,-0.024577868076709742
1971-08-31,0.04377841261246707,0.05178277855536569
1971-09-30,0.023410422012025804,0.014208805113927197
1971-10-31,0.01344159370333452,-0.01202771356405714
1971-11-30,0.0003218854675010218,-0.004103214961347869
1971-12-31,0.00806590055978351,0.037252858186526086
1972-01-31,-0.009468523314926869,0.0207896440725197
1972-02-29,0.008458674175525482,0.01866426391059375
1972-03-31,-0.0004656187468204953,0.0007545164227451659
1972-04-30,0.0034733148074548303,0.006200884286710615
1972-05-31,0.011751100942085493,0.011497948334613768
1972-06-30,-0.005589226443406051,-0.009712952371229225
1972-07-31,0.0046121961193045635,0.0012770331663863738
1972-08-31,-0.011959577997359578,-0.007724650293916966
1972-09-30,-0.005918555688047392,-0.007741642355273484
1972-10-31,0.012225467021567309,0.011301262057491244
1972-11-30,0.017928176191618485,0.019525605863791144
1972-12-31,-0.002361778157859532,3.670250159639463e-05
1973-01-31,-0.004329479926419197,-0.008082651133291943
1973-02-28,-0.007448699998708466,-0.015423747002376776
1973-03-31,-0.00035511464060190905,-0.00043261287295404127
1973-04-30,0.0026312123775547548,0.007394255824358487
1973-05-31,-0.010763146667688064,-0.009923143703382875
1973-06-30,0.005001607474532609,0.005065707169446432
1973-07-31,-0.026796559473098013,-0.02705381310213506
1973-08-31,0.015508206583711166,0.006922817888806332
1973-09-30,0.03582121811275027,0.029696731553935374
1973-10-31,0.019092553399594807,0.019004199201246408
1973-11-30,0.0019397396848730942,0.006751833290628895
1973-12-31,-0.00899428362973322,-0.009454971239345356
1974-01-31,0.0032141293501095278,-0.000789900914149877
1974-02-28,0.004030902327428945,0.004287749406799213
1974-03-31,-0.02120466548629406,-0.020974136744327243
1974-04-30,-0.011847191324693512,-0.010419502461610386
1974-05-31,0.01377318254698027,0.016054244143582697
1974-06-30,-0.003403032426212143,-0.002031203462395492
1974-07-31,-0.011245794532637857,-0.009691333761603138
1974-08-31,-0.011263039356416949,-0.007344790298332238
1974-09-30,0.015238609038115403,0.017606867728613862
1974-10-31,0.023977680484812344,0.01688795064712023
1974-11-30,0.01551442447083903,0.015529586202671863
1974-12-31,0.021856876580584845,0.022437487373630605
1975-01-31,0.001558234125924581,-0.0022012290286306246
1975-02-28,0.010807700707199846,0.009951490745171876
1975-03-31,-0.02856564588639214,-0.02992012043120329
1975-04-30,-0.010963578865718564,-0.007101684033399483
1975-05-31,0.02607191422242127,0.030719518605418474
1975-06-30,0.012997200474435314,0.016890818751343163
1975-07-31,-0.009915413227127653,-0.014636193463624375
1975-08-31,0.005021026673011732,0.00018371636264585302
1975-09-30,-0.009807958534273567,-0.011262878661327356
1975-10-31,0.04514533122162581,0.04643449830278598
1975-11-30,-0.00869061839458735,0.0001835569802838737
1975-12-31,0.031498972229704186,0.023378226787420405
1976-01-31,0.008034122574976103,0.036807707590048026
1976-02-29,0.008401668631026177,0.017129126350453605
1976-03-31,0.014542757121203245,0.015717311140142888
1976-04-30,0.00536040281455683,0.0030768246272521267
1976-05-31,-0.01318418908935816,-0.015611337060554214
1976-06-30,0.01373792343539083,0.015704696878873745
1976-07-31,0.00598530809027699,0.0016465630985941595
1976-08-31,0.019422613760808984,0.014266798736078714
1976-09-30,0.014073581005686672,0.015546483023676337
1976-10-31,0.013735239905274187,0.009531320189389021
1976-11-30,0.03327771635883959,0.03217192603041504
1976-12-31,0.02551916679824592,0.03548655312718628
1977-01-31,-0.028988432922565813,-0.019363233384276257
1977-02-28,0.0010387844572232814,-0.0011396485458121078
1977-03-31,0.007224226371047375,0.003999568054459354
1977-04-30,0.004743420465378243,0.008035737682975434
1977-05-31,0.010666692511332534,0.00933079842427667
1977-06-30,0.022401929184894084,0.034635773198383915
1977-07-31,-0.007523045290753547,-0.0012779901566419734
1977-08-31,0.012495524829414201,0.0036116440145117536
1977-09-30,-0.0001990875986106755,0.004352612917605145
1977-10-31,-0.010990103975635561,-0.015547330239237489
1977-11-30,0.015706935041602553,0.025560190627940224
1977-12-31,-0.005395660134399964,0.0012306159842678105
1978-01-31,-0.006576673923327465,-0.015045000223123267
1978-02-28,-0.0012727887474503236,-0.0018584885681393703
1978-03-31,0.00673270982139585,0.015136579249423514
1978-04-30,0.009345003074997622,0.01871541757204482
1978-05-31,0.001998864619902678,0.008527082186830534
1978-06-30,-0.0019250375734069258,-0.00010113120079137308
1978-07-31,0.015723468872049257,0.03919018129502377
1978-08-31,0.028689668196336338,0.03251932975012903
1978-09-30,-0.0039157955887947115,-0.0035348052919618902
1978-10-31,-0.027448761956451448,-0.0447364942254277
1978-11-30,0.013242436940194224,0.024555216154270802
1978-12-31,-0.010865181483270203,0.01718260746480026
1979-01-31,0.020558527873178356,0.03643932855912137
1979-02-28,-0.007146905892422728,-0.009464993857747992
1979-03-31,0.01173027204234911,0.019487540831212805
1979-04-30,-0.007471846357607115,-0.00387082803252176
1979-05-31,0.02589830842747709,0.01988220786009952
1979-06-30,0.023265841436318935,0.028785509623910674
1979-07-31,-0.005054741765321391,-0.0025545021701681107
1979-08-31,-0.005991734379106606,0.009931520630739259
1979-09-30,-0.00522951953436579,-0.002198656465915883
1979-10-31,-0.06479023831496855,-0.06847160537599499
1979-11-30,0.02795423470973568,0.06159639411940042
1979-12-31,0.011147730052701643,0.053172748810012424
1980-01-31,-0.0358906849330215,0.013773299022396329
1980-02-29,-0.0745500841031208,0.008614452054191934
1980-03-31,0.014723412878851594,-0.05226474856795567
1980-04-30,0.11791140358556407,0.03423542781997293
1980-05-31,0.0363186883799932,0.03625433227746115
1980-06-30,0.017188832779266812,0.01875480902441127
1980-07-31,-0.014640462306373909,0.011766353338470767
1980-08-31,-0.016020797389001355,0.0358235694797272
1980-09-30,9.608394975035655e-05,0.017540563344598466
1980-10-31,-0.008866130450803054,0.020272554915504608
1980-11-30,0.022169585152383656,0.03659547749231886
1980-12-31,0.018976996362476302,0.007207104067162308
1981-01-31,-0.008430307129363731,-0.011918024308721535
1981-02-28,-0.015030805531963246,-0.006298864944173569
1981-03-31,0.030613651755340022,0.033307865457956644
1981-04-30,-0.016683097582153045,-0.005932438811047541
1981-05-31,0.035358902231527614,0.02750676328407116
1981-06-30,-0.007682562440736777,-0.016561642668676043
1981-07-31,-0.01985224624578896,-0.013763937294212429
1981-08-31,-0.02128468269333334,-0.028733101117859292
1981-09-30,-0.010527568103509894,-0.025781185338939284
1981-10-31,0.057884046129920784,0.04523336199803634
1981-11-30,0.0609483282350713,0.05862570341782199
1981-12-31,-0.015515984854169794,-0.012390871853409216
1982-01-31,0.001704764534872155,0.0004977631562996206
1982-02-28,0.0035133284009833134,-0.0011761796837984361
1982-03-31,0.006483023231416966,0.006887658002659142
1982-04-30,0.03511453702081827,0.022509046273150264
1982-05-31,0.008457596726741377,0.016824430587993912
1982-06-30,-0.0221145616209771,-0.01638428604090802
1982-07-31,0.03360823769001965,0.04081052335060727
1982-08-31,0.07268174754127958,0.04552227838296334
1982-09-30,0.053527429973373786,0.03938359360346487
1982-10-31,0.06837362922465312,0.07102679505187902
1982-11-30,0.012270278438016698,0.023139745069120317
1982-12-31,0.024967056621735748,0.020753911729040564
1983-01-31,-0.0035337408271737926,0.003952517409658947
1983-02-28,0.03297914191030123,0.03642433040233384
1983-03-31,0.00424845298718314,0.01593494361590419
1983-04-30,0.03539194738357052,0.0474477915390501
1983-05-31,-0.003240288639354281,0.023320450910128705
1983-06-30,0.012631365995274505,0.02846385970310539
1983-07-31,-0.028309317672111572,-0.03479687323266342
1983-08-31,-0.008577531764667537,-0.01860581562780888
1983-09-30,0.027697559878463538,0.022292305745320217
1983-10-31,-0.019563888595020923,-0.026403968710682787
1983-11-30,0.019136438659661914,0.02295691030131032
1983-12-31,-0.0038989708826714002,-0.007834481365302614
1984-01-31,0.01572817895673264,0.012770380561171366
1984-02-29,-0.016256542788435715,-0.02209063150269632
1984-03-31,-0.011901615079341732,-0.007576456933541819
1984-04-30,-0.006130307869789749,-0.007699117495492793
1984-05-31,-0.039630293234723155,0.0088370587475326
1984-06-30,0.013648656635792376,0.008433685273423253
1984-07-31,0.04569005233983002,0.008433685273423253
1984-08-31,0.030803591050215996,0.017980449965327994
1984-09-30,0.023645235964624804,0.026564598133536954
1984-10-31,0.04300872248510521,0.04825948242959521
1984-11-30,0.01604550967248864,0.011888148182547973
1984-12-31,0.01341573242173542,0.015836337806651637
1985-01-31,0.043051519566098304,0.05539568541798849
1985-02-28,-0.01925803193020234,-0.0018198380807604234
1985-03-31,0.0242476585000509,0.02415716946522539
1985-04-30,0.016367847281261293,0.008552373286016133
1985-05-31,0.07340020233073945,0.07063772638406665
1985-06-30,0.016850598534232285,0.022359796214601033
1985-07-31,-0.013482569314013159,-0.01634412379247392
1985-08-31,0.01966301513053418,0.014249408241050122
1985-09-30,-0.006602020535395296,-0.016280402706763314
1985-10-31,0.02874675572827146,0.030449563147533262
1985-11-30,0.0403853679465715,0.04451558643820097
1985-12-31,0.04086593582700787,0.0382661260646051
1986-01-31,0.010011866565456766,0.014006101448160292
1986-02-28,0.06955584861244918,0.069899056094127
1986-03-31,0.056845495150007974,0.0569488538338737
1986-04-30,0.009231798063670565,0.01018165009606337
1986-05-31,-0.013639390631398124,-0.0033434005322202794
1986-06-30,0.03818876572328282,0.03357053826159085
1986-07-31,-0.017671432530101134,-0.02409775531890525
1986-08-31,0.03208389289810323,0.031626205365926904
1986-09-30,-0.04718117642352754,-0.052807669409836944
1986-10-31,0.024108953706766592,0.028682100508696497
1986-11-30,0.0157595220547632,0.01168111389427743
1986-12-31,-0.005550851872869466,-0.010252887833225484
1987-01-31,0.026369281818972565,0.04310704943382801
1987-02-28,0.012777513950379269,0.018133408657654275
1987-03-31,-0.010873584829015057,-0.0023297432007498647
1987-04-30,-0.03492823570284398,-0.030141322774797374
1987-05-31,-0.00794399412055083,-0.005406650743867873
1987-06-30,0.019342245038959538,0.025028579365982004
1987-07-31,-0.0026699538294592817,0.003957929590003509
1987-08-31,-0.009644017651752643,0.007789619521167508
1987-09-30,-0.029460542639590685,-0.012795045853869572
1987-10-31,-0.0016134330059735316,-0.16530867691540269
1987-11-30,-0.005044467937740869,0.004007609127756773
1987-12-31,0.01743620073880609,0.004409252331712299
1988-01-31,0.046667632930742636,0.0020019011404841525
1988-02-29,0.017768430257121104,0.013025797262492755
1988-03-31,-0.015514389599524569,-0.018555875666204202
1988-04-30,-0.0036586789047049735,-0.011976915882536576
1988-05-31,-0.009751848548721095,-0.012879421317015916
1988-06-30,0.030773497478102055,0.03180970238360881
1988-07-31,-0.005336663477179578,-0.01148170109653146
1988-08-31,-0.0031589739190778887,0.0003892756723000712
1988-09-30,0.033050089743131485,0.03149337688468212
1988-10-31,0.022380057263561435,0.021017081175396468
1988-11-30,-0.01769187573847042,-0.016459537890305596
1988-12-31,0.0051847535680878375,0.010066126642541898
1989-01-31,0.025029657957642216,0.04250403828771512
1989-02-28,-0.010930396651617182,-0.00925011739869109
1989-03-31,0.017991623897332432,0.029045285972356012
1989-04-30,0.027988730553121857,0.03200325872035069
1989-05-31,0.03688811868764504,0.040164187015233555
1989-06-30,0.03186934442155758,0.01931239512934894
1989-07-31,0.03511664675363441,0.047905712093028685
1989-08-31,-0.013985514312657744,-0.004917301478003091
1989-09-30,0.0064314145247571924,0.011292128398830387
1989-10-31,0.028593962730866933,0.022847566930015474
1989-11-30,0.01430751186608536,0.016422255088793143
1989-12-31,0.00433872770087828,0.006299779887697353
1990-01-31,-0.04221457993782384,-0.050826126363704816
1990-02-28,0.002538695561464283,0.007447998715214693
1990-03-31,0.001715604976686733,0.01181092886454947
1990-04-30,-0.01830003095962101,-0.021335396881573133
1990-05-31,0.03695576357879687,0.050696846883068664
1990-06-30,0.018023165722142354,0.02028936367764203
1990-07-31,0.01158480350656399,0.005136592346066164
1990-08-31,-0.023571714245205766,-0.03987731122139508
1990-09-30,0.009232536873161612,-0.004816384303323122
1990-10-31,0.01844693494083116,0.01844693494083116
1990-11-30,0.032055852040249855,0.032055852040249855
1990-12-31,0.018190208366413607,0.018190208366413607
1991-01-31,0.009978581403351061,0.009978581403351061
1991-02-28,0.006570892503501735,0.03009277786974934
1991-03-31,0.0044482303490174235,0.013180871201137975
1991-04-30,0.008980112880449198,0.004989138860780835
1991-05-31,0.004417239566812947,0.012218370190488364
1991-06-30,-0.0051127662538233976,-0.009017234890085428
1991-07-31,0.00984065371385956,0.017666184929946642
1991-08-31,0.03217460348853618,0.03549310340402041
1991-09-30,0.029767861500360926,0.029874048023642914
1991-10-31,0.006533271508333494,0.016443376994198955
1991-11-30,0.011688891389852962,0.007405653595261659
1991-12-31,0.05312584357203365,0.056134252980925475
1992-01-31,-0.03478190832206085,0.026907077383725025
1992-02-29,0.013709995354247429,0.025647275104198314
1992-03-31,-0.011597171178089878,-0.011633265820318827
1992-04-30,-0.0015715341142731242,-0.009735633871949789
1992-05-31,0.023067290352852758,0.018621489991973734
1992-06-30,0.015029748869522876,0.006730893880385022
1992-07-31,0.035504351847688485,0.03556832220999229
1992-08-31,0.00645974789907801,-0.004126163089636295
1992-09-30,0.02232658850011147,0.021470969778729122
1992-10-31,-0.01840873795461424,-0.013302922715101967
1992-11-30,0.004339071934224328,0.011967024679137808
1992-12-31,0.022626841056934317,0.021972606980814217
1993-01-31,0.02955005508825764,0.031010147947157684
1993-02-28,0.029938226000784086,0.029162397484725953
1993-03-31,0.011675115727331042,0.017464570541915483
1993-04-30,0.004599127576880378,0.005494186997082915
1993-05-31,0.0028886317683099825,0.008458112700600998
1993-06-30,0.03509504452959687,0.03827831761286031
1993-07-31,0.009737187755469275,0.016548575783991937
1993-08-31,0.0388684291007977,0.043537353163550445
1993-09-30,0.013581400655927832,0.02184385334031622
1993-10-31,0.011397268642090709,0.026484369421465138
1993-11-30,-0.022899162522524635,-0.020448439458395345
1993-12-31,0.008714924069813987,0.013309235592898216
1994-01-31,0.021141748430732042,0.03009060090625211
1994-02-28,-0.02567810282326434,-0.02197328711862136
1994-03-31,-0.038121524838836476,-0.039259798786856814
1994-04-30,-0.01174340887310082,-0.0070319734559436235
1994-05-31,0.0026342813803243523,0.017144075714531477
1994-06-30,-0.006281992605750813,-0.008989480759776479
1994-07-31,0.024602458196810527,0.04117433392282945
1994-08-31,0.006794240912908931,0.0424559953932521
1994-09-30,-0.018673186059939256,0.012283624285465816
1994-10-31,-0.0034407969281659433,0.026586404057788608
1994-11-30,-0.0015658957014220004,-0.04298972223093785
1994-12-31,0.01113963356822567,0.028437091579593746
1995-01-31,0.022281176134689717,0.021079451817105313
1995-02-28,0.031625684313959956,0.0555268364649414
1995-03-31,0.007900000418737285,0.039862685792990946
1995-04-30,0.014283295059178913,0.022557898176994925
1995-05-31,0.0612264495231063,0.05954903747565926
1995-06-30,0.011689875123424676,0.0433179528586856
1995-07-31,-0.012081190739470227,0.022962198046697985
1995-08-31,0.018261728516817753,0.021320172093581814
1995-09-30,0.0137832901573114,0.022723218152608374
1995-10-31,0.013507338617961271,-0.0008211258250385278
1995-11-30,0.025350664977709648,0.02734909839108736
1995-12-31,0.017678166811212925,0.017086335640502867
1996-01-31,0.005323384301219842,0.01070519734387797
1996-02-29,-0.025878997251625614,-0.008352175819496328
1996-03-31,-0.005724398206667073,-0.0006957881571054174
1996-04-30,0.020126003841507745,0.03470227299935562
1996-05-31,0.009789548986822907,0.022376372277903123
1996-06-30,0.007395215015273056,0.005092714395638041
1996-07-31,-0.015027749987573676,-0.020361639625330517
1996-08-31,0.003235717236172677,0.008038577145259428
1996-09-30,0.026706319232643327,0.02888183606338288
1996-10-31,0.02650867357808367,0.023873295486081296
1996-11-30,0.03429400963976191,0.03947938746476663
1996-12-31,-0.017379740424353047,-0.015789315820042876
1997-01-31,0.013821923268310086,0.021500160069197468
1997-02-28,0.00272508209787424,0.0027430155037249087
1997-03-31,-0.019825268836557462,-0.01990149251534273
1997-04-30,0.024494741013146942,0.026515626702227874
1997-05-31,0.020303863216681567,0.026718206756822217
1997-06-30,0.021060477193731206,0.025528700954881828
1997-07-31,0.044804476428089275,0.04787376600916231
1997-08-31,-0.008829862856014855,0.00597084693849303
1997-09-30,0.03378503310696696,0.05222179677264775
1997-10-31,0.02186682605145474,0.014482141237150525
1997-11-30,-0.001914328178440687,-0.008473685084017364
1997-12-31,0.008918895924106907,0.001898971269275484
1998-01-31,0.02018091373474281,0.019406776888703785
1998-02-28,0.006588395275884389,0.019374840147956204
1998-03-31,0.006688969819262669,0.01985997988367213
1998-04-30,0.004584813984014329,0.0060100068029662656
1998-05-31,0.011380702638704691,0.0067934095377186095
1998-06-30,0.013848235047924066,0.01414445646099506
1998-07-31,-0.0018917217905105536,-0.00858820575572386
1998-08-31,0.020782472674053573,-0.010927130987758788
1998-09-30,0.05342783762107608,0.05221494842441454
1998-10-31,-0.004161442033727876,-0.01203483608041822
1998-11-30,0.0056012658917128305,-0.004147071557080828
1998-12-31,0.01645054095939571,0.020217017564010523
1999-01-31,0.009968960118504306,0.015204674241203203
1999-02-28,-0.043028806908098446,-0.042799744778664814
1999-03-31,0.008986929506190032,0.010489170563849572
1999-04-30,0.005407596141468234,0.022083909869953414
1999-05-31,-0.011495483563739514,-0.00701995836160127
1999-06-30,-0.001439837978220961,0.0037246055178161413
1999-07-31,-0.0005299933323442006,0.0016441332823597826
1999-08-31,-0.005370123937242359,-0.010361975669086112
1999-09-30,0.007372425361731206,-0.008660050591947998
1999-10-31,0.0027753734005670524,0.02819335862499133
1999-11-30,0.0004450763637661396,0.030389561380562372
1999-12-31,0.008096571822430882,0.09397503385973317
2000-01-31,0.004416723420370821,0.05533401108945646
2000-02-29,0.04846683295522137,0.1061398708178165
2000-03-31,0.031795211460382326,0.005272701616877647
2000-04-30,-0.01946648887526508,-0.041098490883811484
2000-05-31,-0.0037779229630335014,-0.019304344765895362
2000-06-30,0.030603182116558575,0.03714169739363273
2000-07-31,0.0018795816320203308,-0.001357597252412563
2000-08-31,0.0332511442492127,0.0402601800994433
2000-09-30,-0.0005398397417694101,-0.0041086052180917924
2000-10-31,0.006973250730572866,-0.0003980014403743744
2000-11-30,0.02643000571440579,0.011904128144190845
2000-12-31,0.031384509646577845,0.02907602060134621
2001-01-31,-0.0014390740275565328,-0.00315263292939882
2001-02-28,0.024139077377917526,0.021313178662196175
2001-03-31,0.0025511257903114604,0.003418188970370606
2001-04-30,-0.02503149437525851,-0.027397049067763413
2001-05-31,-0.000783248047225997,-0.0013648997253516981
2001-06-30,0.004289722116938942,-0.0009282402062537713
2001-07-31,0.030015117387225967,0.03108154816195996
2001-08-31,0.019956358044498357,0.02141531322141743
2001-09-30,-0.0019805909728740894,0.0011791234914915183
2001-10-31,0.028051617885961312,0.027777115155542154
2001-11-30,-0.030699741036544582,-0.03340934714843069
2001-12-31,-0.014745293580324448,-0.01814262092814689
2002-01-31,0.005039900924526504,0.0116328725660997
2002-02-28,0.017325738497975803,0.006950738835006554
2002-03-31,-0.02623712134392994,0.002421274824705496
2002-04-30,0.02482734501386787,0.0013908739945422315
2002-05-31,0.00797115099994369,0.009475695751618326
2002-06-30,0.005260385999527717,-0.01044881268020207
2002-07-31,0.009400626544891393,-0.002515881770068392
2002-08-31,0.03121318169818748,0.03320507416602969
2002-09-30,0.013558175441876326,0.008671756251374868
2002-10-31,-0.001342423592015779,0.002432128978096963
2002-11-30,0.0026102822276466674,0.006236461887748897
2002-12-31,0.01363464194207309,0.012334279701823657
2003-01-31,-0.01741696435457185,-0.01043378703316733
2003-02-28,0.009808303000463687,0.026678780408197156
2003-03-31,-0.004580159422552561,-0.0066702273662706535
2003-04-30,0.025562152940483935,-0.001613762549997122
2003-05-31,0.05266777470615238,0.04644498078236703
2003-06-30,-0.0020983210661163322,-0.011351282394119533
2003-07-31,-0.046157639444809766,-0.04228140729858695
2003-08-31,0.01709919128044923,0.020259344272116633
2003-09-30,0.023118690872650505,0.01744353363493014
2003-10-31,0.004605482040374812,0.011882668660027011
2003-11-30,0.0058229444276604305,0.006646700201850823
2003-12-31,0.022982345275490736,0.026653536901129544
2004-01-31,0.014068611363822784,0.01468922773145254
2004-02-29,0.013298100888356855,0.012027585307494766
2004-03-31,0.0029338173251468825,-0.0017933738158554787
2004-04-30,-0.03450989364698586,-0.028632947013306282
2004-05-31,-0.0008857915849006508,0.008861704564716369
2004-06-30,0.018312660657435222,0.03817125451875354
2004-07-31,-0.0038188554151036593,-0.03127959263227734
2004-08-31,0.01700259452324108,0.014961911435504288
2004-09-30,0.011900490321501755,0.013545762789733273
2004-10-31,0.012437791174132153,0.012593456537506726
2004-11-30,0.023433021715639886,0.028797373507810878
2004-12-31,0.02286048162298348,0.02306809912915081
2005-01-31,0.004421130357952371,0.004052356373764497
2005-02-28,0.011939017329705736,0.011721306918577793
2005-03-31,-0.007522987386429843,-0.0075027041658679
2005-04-30,-0.0035407787740265734,-0.04225947602955159
2005-05-31,0.031546079675462205,0.028500017590592404
2005-06-30,0.029811274572692933,0.023600120822419565
2005-07-31,0.011776306187195352,0.0020215795043549804
2005-08-31,0.0183197675657061,0.01844962168074615
2005-09-30,-0.004592928911672034,-0.005790392197322096
2005-10-31,-0.025838878332961578,-0.026127907781958365
2005-11-30,0.014162221351288055,0.014619396369842858
2005-12-31,0.011298198929309677,0.01125671321871136
2006-01-31,0.019749297779085448,0.023007478188525762
2006-02-28,-0.0031364911758074918,-0.003766578512464163
2006-03-31,-0.002755455315037087,-0.0005472436041625683
2006-04-30,-0.007817597840996435,-0.007188663034431758
2006-05-31,-0.013106783463564614,-0.04159294588808371
2006-06-30,0.00010927722880335589,-0.0032327487652075
2006-07-31,0.008933480436722653,-0.010816395576857702
2006-08-31,0.020217385847538318,0.006384253885757669
2006-09-30,0.0058347268259375425,-0.010307971740785012
2006-10-31,0.014144307446073368,0.015739481369147323
2006-11-30,0.015672753564884644,0.015688213885148475
2006-12-31,-0.008810746182488222,-0.006894249088202279
2007-01-31,3.3455073454192324e-06,0.002098196899297809
2007-02-28,0.016941249432245085,0.012992450447397807
2007-03-31,0.0006156996019282537,0.002728078193292873
2007-04-30,0.01609865341997063,0.01861083765303178
2007-05-31,-0.005856619744222346,-0.00044480748280800904
2007-06-30,-0.007079008137337445,-0.008147503766644476
2007-07-31,0.007860215339986727,-0.003137919259342533
2007-08-31,0.013902915776010077,0.008327823779848798
2007-09-30,0.0027597416435896508,0.004595374759010808
2007-10-31,0.015279412190431704,0.01724750646141613
2007-11-30,0.016400206848095636,-0.000642554779628747
2007-12-31,-0.0014192759081240532,-0.0010313975721203848
2008-01-31,0.003504982657273642,0.033370538098569824
2008-02-29,0.011044514090984572,0.014265084619955903
2008-03-31,0.0044477979413918645,0.009135699798199948
2008-04-30,0.0031518407394497995,-0.022860918236099814
2008-05-31,0.0070760895773025086,-0.02004760304647235
2008-06-30,-0.0034758205506820097,0.008924503493919822
2008-07-31,-0.006954213007723359,0.0033732415078215894
2008-08-31,0.017181679981279983,0.016181886978043902
2008-09-30,-0.03632086484784386,0.0010018868076204779
2008-10-31,-0.05605824554893858,-0.009820566140469555
2008-11-30,0.07402352122056045,0.09543972710386717
2008-12-31,0.05097655263024063,0.05819766347976064
2009-01-31,-0.048197033607300654,-0.043020361817560054
2009-02-28,-0.036854739701110584,-0.008162784203042261
2009-03-31,0.046892247193793424,0.021286525702846157
2009-04-30,-0.018467659145255944,-0.025915478344188433
2009-05-31,-0.010412363769338127,-0.01654716628050268
2009-06-30,0.0015971618584853283,-0.0014494782199607223
2009-07-31,0.02185697337326439,0.0026203607420463484
2009-08-31,0.020608664940270992,0.009081860305129402
2009-09-30,0.018639308474337844,0.007289536028587408
2009-10-31,-0.009996249121465461,-0.0040036722244025475
2009-11-30,0.02582689211328551,0.027707485811816382
2009-12-31,-0.03144341538900397,-0.009803161784269068
2010-01-31,0.014168748176526568,-0.008560891978802195
2010-02-28,0.009928139457313155,0.016822721460411715
2010-03-31,0.00012965936153601018,0.05405063517893708
2010-04-30,0.024550866971107723,0.030243464143691882
2010-05-31,0.015690916368014923,-0.06636551764611555
2010-06-30,0.017143593095795405,0.004808478168459144
2010-07-31,0.021949706119035114,0.03394409712503604
2010-08-31,0.029814567746600094,0.019378492348286435
2010-09-30,0.01816321266996145,0.03395795969022953
2010-10-31,0.0029447887714890084,0.008021512564696583
2010-11-30,-0.008011511718582037,-0.007438969340345608
2010-12-31,-0.019734598941633083,-0.01035766511894149
2011-01-31,-0.004495892969476235,-0.0029010254223355496
2011-02-28,0.010748657637954559,0.01493069838266409
2011-03-31,0.0032680624022232954,0.004020049347559211
2011-04-30,0.015085628506316087,0.015074210831832746
2011-05-31,0.01344179324602367,0.011952967496085477
2011-06-30,-0.014433034395653192,-0.01571063866057746
2011-07-31,0.01982156033511109,0.016271978492594926
2011-08-31,0.016274499862647757,0.00405113197695596
2011-09-30,-0.004845799183258129,-0.010995280615375604
2011-10-31,0.017548012093243862,-0.020661256017046825
2011-11-30,0.005726540858423201,0.009491477135624038
2011-12-31,0.016858959481946517,0.018701048325004077
2012-01-31,0.010894928213215327,0.006901250227169253
2012-02-29,-0.00018576794894116858,-0.011933132965937676
2012-03-31,-0.008847758829737994,-0.020224349868744218
2012-04-30,0.013454321033969235,0.015953345119945173
2012-05-31,0.018233607231346358,0.03466983177460192
2012-06-30,0.00282242279576046,-0.0060501010892437534
2012-07-31,0.013504674951022817,0.01594741024945656
2012-08-31,-0.0009541262333506106,-0.004058424178645992
2012-09-30,0.00580683944874149,0.005925513375944389
2012-10-31,-0.00925394087000829,-0.00929528729399652
2012-11-30,0.007998379445069823,0.00681250305223462
2012-12-31,-0.006920239208869783,-0.003666650459458266
2013-01-31,-0.0006029477866950177,0.011103463369284668
2013-02-28,0.014155890670767876,0.017119043654871074
2013-03-31,0.014602376594292834,0.020905831408957118
2013-04-30,0.017587695681438316,0.01785318283763092
2013-05-31,-0.019292064509256572,-0.010088960225421138
2013-06-30,-0.01989694342252019,0.007279618881585824
2013-07-31,0.015269481201268309,0.06878219770204776
2013-08-31,-0.018976085766600693,-0.035520747919455246
2013-09-30,0.023807086189747383,0.05159170821381058
2013-10-31,0.016352069306461534,0.03650195825202287
2013-11-30,0.007773027255109021,0.05006235194191449
2013-12-31,-0.002361793539488682,0.03766069080601586
2014-01-31,0.015153072113081265,-0.024736773510864337
2014-02-28,0.018580320867896096,0.04379915604753023
2014-03-31,-0.0005051087773592852,0.005334455803877409
2014-04-30,0.004962952545186138,-3.425966731741039e-06
2014-05-31,0.023717412114956343,0.029693783300366303
2014-06-30,0.0059269383058490974,0.020799372614896366
2014-07-31,-0.014275887877852111,-0.014711564737689151
2014-08-31,0.030455677570462417,0.03185580446014563
2014-09-30,-0.019722336332335666,-0.021578792628361154
2014-10-31,0.025094277578530028,0.028386917547168336
2014-11-30,0.014902500735873282,0.014176698424013824
2014-12-31,0.0030583992572145407,0.0031838997516829386
2015-01-31,0.033188707310215164,0.029958934686353904
2015-02-28,-0.010114858533273643,-0.006887832424570849
2015-03-31,0.0025187052010407713,0.0012289838544467754
2015-04-30,-0.009942195534365468,-0.00882966779623237
2015-05-31,0.0019757834153738933,0.004020154841345594
2015-06-30,-0.013609057607752068,-0.011069713390748769
2015-07-31,0.013204579905614643,0.011762204342299357
2015-08-31,-0.013827770884486255,-0.02421525881655658
2015-09-30,0.00323205728457435,-0.005062288577171406
2015-10-31,0.002262202485098103,0.007977297939771718
2015-11-30,0.00228409394386597,-0.002741708722043268
2015-12-31,-0.010347583198202493,-0.0034665019573231204
2016-01-31,0.003759040795365702,0.03131618716481377
2016-02-29,0.019936037226648176,0.0
2016-03-31,0.011062893485825624,-0.0020603358524553528
2016-04-30,-0.0029224754792089628,-0.003060337658570944
2016-05-31,0.0009376901188342098,0.0005431463847871409
2016-06-30,0.029835714119691343,0.03371735159215605
2016-07-31,0.013361164973841868,0.0038730425176789485
2016-08-31,-0.008260221045330857,-0.009620549210135887
2016-09-30,0.0002969162806718353,0.00038880205626846314
2016-10-31,-0.01896805533345335,-0.018877834717745665
2016-11-30,-0.0244103423714538,-0.023576115992901152
2016-12-31,0.0067287550132826696,0.00777479211609533
2017-01-31,0.003141420030337849,0.003293935210493768
2017-02-28,0.004353137910765401,-0.00919476055328176
2017-03-31,-0.0003350427040016967,0.0022796935904257788
2017-04-30,0.011705122354219406,0.012560549759395502
2017-05-31,0.008098035120552705,0.005439735893141414
2017-06-30,-0.0036018293332273355,0.005616310113660349
2017-07-31,0.005813014292831792,0.014760707373206347
2017-08-31,0.009094073613287984,-0.017090459134343546
2017-09-30,0.006632155296336286,0.06380795790807284
2017-10-31,0.002386385201513132,0.014502175692391917
2017-11-30,0.009486156271009953,0.03713610051549587
2017-12-31,0.004361573670667992,0.004422527509200609
2018-01-31,-0.008302597801055113,-0.007701750952601026
2018-02-28,-0.013436495975150342,-0.01806805688309458
2018-03-31,0.011906327902884139,0.008778031537920858
2018-04-30,-0.01482631308583354,-0.013878267487856541
2018-05-31,0.021423023052470277,0.035062259319592025
2018-06-30,0.006404934476945261,0.01576484414756411
2018-07-31,-0.0004576255695842024,0.012523028949857289
2018-08-31,0.01504880599413987,0.02181039023019699
2018-09-30,-0.008750789018370671,-0.0002668625786329264
2018-10-31,-0.03810603263321726,-0.09266191947149037
2018-11-30,0.010201070006901763,-0.0029610636291773737
2018-12-31,0.0046525954320789445,0.0019017109693872936
2019-01-31,0.02563844668687148,0.007389720166466773
2019-02-28,-0.001703251571792904,-0.006608287291612891
2019-03-31,0.028034016505272513,0.03026073226114634
2019-04-30,-0.0003952864645200751,-0.0066188397831911105
2019-05-31,0.02096585209486766,0.01572369836953907
2019-06-30,0.0192463283473059,0.01415867564407347
2019-07-31,0.003298685831384805,-4.0165297445438064e-05
2019-08-31,0.03754197975030878,0.04955494602262367
2019-09-30,-0.009300790961433556,-0.015120193132340365
2019-10-31,-0.0010170764096527995,0.0004914763977903469
2019-11-30,-0.001082516997821181,0.0008837037346333303
2019-12-31,-0.0031124398891629887,-0.00028766464507827376
2020-01-31,0.03089517042337226,0.025141600092906856
2020-02-29,0.015456258685677767,-0.009674645363738892
2020-03-31,-0.0012806757741296443,0.041522081444578474
2020-04-30,0.032985686243667885,0.0062239843940294914
2020-05-31,0.020054366538973502,-0.0005124761532592226
2020-06-30,0.012838074918157909,0.018226450430347346
2020-07-31,0.02435533629620991,0.029799005436950028
2020-08-31,9.356589139830271e-05,0.0070871218106828785
2020-09-30,-0.005507184931253289,-0.007969671391050112
2020-10-31,-0.016747581715841963,-0.016589614047897126
2020-11-30,0.03267811878992648,0.03788079125586861
2020-12-31,0.004091043843978292,0.006389650157164166
2021-01-31,-0.004033988146907357,-0.0024627382622196773
2021-02-28,-0.013614122427693904,-0.013619213944623532
2021-03-31,-0.018513912403234137,0.005504433988124044
2021-04-30,0.022682733131520447,0.032880525285013104
2021-05-31,0.007757362088008483,0.0037206771167005853
2021-06-30,0.015595652659217361,0.013152703442170644
2021-07-31,0.011681001672502685,-0.017864410079219066
2021-08-31,-0.006326719925685873,-0.007086033238975819
2021-09-30,-0.014999155316409628,0.005179499103579588
2021-10-31,0.009200797769721485,0.03814593002417724
2021-11-30,0.003955198545808675,-0.024378843640058805
2021-12-31,-0.0034839627110042765,0.012385582059734482
2022-01-31,-0.021564255844518748,-0.007554379021209018
2022-02-28,-0.0009407578717023483,0.006347984046645164
2022-03-31,-0.03283905775595139,0.03346667478512356
2022-04-30,-0.04633347462560871,-0.035034301589773685
2022-05-31,0.007089071343973075,0.025196132879715484
2022-06-30,-0.014748005528973871,-0.0742544783396027
2022-07-31,0.03111598512475567,0.0
2022-08-31,-0.035552882362164716,-0.002259157299342053
2022-09-30,-0.05609736315802024,-0.06282647881545386
2022-10-31,-0.01773625021628995,0.002102101330598183
2022-11-30,0.03748169855565329,0.002102101330598183
2022-12-31,-0.0153439452611088,-0.016985522557086005
2023-01-31,0.035343810326165195,0.004007609127756773
2023-02-28,-0.029919629482640216,-0.014281648396809838
2023-03-31,0.03933019018614104,0.0046101341821787045
2023-04-30,0.01249817837413997,0.0038068477582051674
2023-05-31,-0.015179387477386666,0.004409252331712299
2023-06-30,-0.006843884644129069,0.004208410649582328
2023-07-31,-0.007677982198591318,0.014676252855744178
2023-08-31,-0.006807056277380759,-0.011637019159801384
2023-09-30,-0.035713021981880894,-0.01863426595334712
2023-10-31,-0.01923539645080989,-0.028817674707598176
2023-11-30,0.04510580924644777,0.004208410649582328
2023-12-31,0.04296388357085612,0.004007609127756773
2024-01-31,-0.005275176241155278,-0.010798953186356063
2024-02-29,-0.01699085522438046,-0.0020879076109674415
2024-03-31,0.007207128238498636,0.013811709373041119
2024-04-30,-0.033963657129230995,-0.021962852022525913
2024-05-31,0.017993174421627733,0.028400024162702667
2024-06-30,0.014995832914705964,-0.004567229989182222
2024-07-31,0.02534070539282607,0.002019528543721464
2024-08-31,0.017833391333072157,0.013746823379746293
2024-09-30,0.011052101885883125,0.009278773947315425
2024-10-31,-0.03352576748068614,-0.02410296719735469
2024-11-30,0.01113500741398088,0.035301868237376674
2024-12-31,-0.027454337168993814,-0.032176516905236735
2025-01-31,0.004392058576429658,0.024607573617765187
2025-02-28,0.030402695821781345,-0.009681152847546337
2025-03-31,0.004285628128118724,-0.008206959823525413
2025-04-30,0.00820952597795288,0.007148826810945747
2025-05-31,-0.015239769792151914,0.0022267675857133816
2025-06-30,0.016955874218758105,0.01796892514381807
2025-07-31,-0.006460908242859831,0.007929598178052187
2025-08-31,0.014656807217453993,0.00965262486943289
2025-09-30,0.008984791757091548,0.015451865789150117
2025-10-31,0.007508980334510529,-0.002665218071275177
2025-11-30,0.010140214374687595,0.013956401457909703
2025-12-31,-0.009170303993196538,-0.021312153434181726
2026-01-31,0.002643657196031609,0.014890591518652473
2026-02-28,0.02777091072882638,0.029745522803159407
2026-03-31,-0.023414734337576373,-0.02580032144085212
2026-04-30,0.003973289186598649,0.022450434037323372
2026-05-31,0.001931930311499736,0.006460779258110056
