section,key,n,n_eps,hazard21,fwd5_ann,fwd21_ann,fvol21,sig,frac_dsig_pos,frac_d2sig_pos,dd,frac_ddd_pos,j21,med_age,ret_ann,days,t_trough,t_sigpeak,sigpk_minus_trough,early_j21,early_dsig,med_days,med_early_j21,med_early_dsig
age_profile,1-5,142.0,30.0,0.352,-0.234,0.149,0.202,0.171,0.528,0.507,-0.075,0.38,1.16,,,,,,,,,,,
age_profile,6-10,125.0,26.0,0.352,0.35,0.34,0.178,0.189,0.536,0.472,-0.087,0.464,1.34,,,,,,,,,,,
age_profile,11-21,240.0,24.0,0.338,0.316,0.389,0.167,0.2,0.433,0.446,-0.088,0.588,1.05,,,,,,,,,,,
age_profile,22-42,332.0,20.0,0.283,0.493,0.289,0.157,0.21,0.31,0.461,-0.093,0.605,0.28,,,,,,,,,,,
age_profile,43-63,238.0,12.0,0.164,0.14,0.17,0.183,0.222,0.206,0.542,-0.104,0.58,0.07,,,,,,,,,,,
age_profile,64-126,501.0,10.0,0.22,0.201,0.137,0.17,0.217,0.291,0.499,-0.117,0.601,0.16,,,,,,,,,,,
age_profile,127-+,1075.0,5.0,0.083,0.024,0.046,0.247,0.262,0.315,0.505,-0.296,0.515,0.38,,,,,,,,,,,
vol_trajectory,hi-vol/rising,462.0,,0.024,0.217,0.244,0.311,,,,,,,,,,,,,,,,,
vol_trajectory,hi-vol/falling,865.0,,0.065,0.182,0.194,0.23,,,,,,,,,,,,,,,,,
vol_trajectory,lo-vol/rising,421.0,,0.285,0.156,0.136,0.16,,,,,,,,,,,,,,,,,
vol_trajectory,lo-vol/falling,905.0,,0.354,0.096,0.081,0.141,,,,,,,,,,,,,,,,,
phase_quadrant,vol-rising/DD-deepening,482.0,26.0,0.089,0.269,0.192,0.267,,,,,,0.85,73.0,,,,,,,,,,
phase_quadrant,vol-rising/DD-healing,401.0,26.0,0.219,0.09,0.193,0.206,,,,,,0.77,80.0,,,,,,,,,,
phase_quadrant,vol-falling/DD-deepening,714.0,23.0,0.141,0.214,0.128,0.205,,,,,,0.28,112.0,,,,,,,,,,
phase_quadrant,vol-falling/DD-healing,1056.0,27.0,0.26,0.086,0.143,0.17,,,,,,0.25,91.0,,,,,,,,,,
position,first10 (tau<=10),267.0,,,,,,0.179,0.532,,,0.419,1.25,,-0.146,,,,,,,,,
position,middle,2166.0,,,,,,0.245,0.32,,,0.548,0.37,,0.123,,,,,,,,,
position,last10 (EX-POST),220.0,,,,,,0.141,0.218,,,0.677,0.2,,0.663,,,,,,,,,
episode_shape,1990-09-11,,,,,,,,,,,,,,,115.0,23.0,29.0,6.0,1.9,-0.0583,,,
episode_shape,1991-06-25,,,,,,,,,,,,,,,27.0,1.0,5.0,4.0,0.0,0.019,,,
episode_shape,1991-09-17,,,,,,,,,,,,,,,37.0,17.0,1.0,-16.0,0.4,-0.0613,,,
episode_shape,1991-11-19,,,,,,,,,,,,,,,26.0,5.0,1.0,-4.0,1.0,0.0906,,,
episode_shape,1992-03-27,,,,,,,,,,,,,,,89.0,9.0,16.0,7.0,0.3,0.0388,,,
episode_shape,1992-08-19,,,,,,,,,,,,,,,61.0,37.0,38.0,1.0,0.0,0.0003,,,
episode_shape,1993-02-18,,,,,,,,,,,,,,,12.0,1.0,5.0,4.0,1.0,0.1091,,,
episode_shape,1993-04-06,,,,,,,,,,,,,,,40.0,14.0,4.0,-10.0,1.0,0.011,,,
episode_shape,1993-06-07,,,,,,,,,,,,,,,51.0,13.0,2.0,-11.0,0.9,-0.0363,,,
episode_shape,1993-11-09,,,,,,,,,,,,,,,41.0,10.0,11.0,1.0,2.0,0.0205,,,
episode_shape,1994-02-10,,,,,,,,,,,,,,,16.0,15.0,10.0,-5.0,1.0,0.0089,,,
episode_shape,2001-03-02,,,,,,,,,,,,,,,588.0,402.0,408.0,6.0,0.4,0.0298,,,
episode_shape,2007-12-17,,,,,,,,,,,,,,,458.0,308.0,243.0,-65.0,0.0,-0.0279,,,
episode_shape,2010-06-03,,,,,,,,,,,,,,,102.0,22.0,6.0,-16.0,1.6,0.0383,,,
episode_shape,2011-08-11,,,,,,,,,,,,,,,131.0,37.0,9.0,-28.0,4.0,0.1497,,,
episode_shape,2014-10-17,,,,,,,,,,,,,,,15.0,1.0,5.0,4.0,1.5,0.0353,,,
episode_shape,2015-08-24,,,,,,,,,,,,,,,198.0,119.0,11.0,-108.0,3.8,0.3144,,,
episode_shape,2019-01-23,,,,,,,,,,,,,,,22.0,1.0,1.0,0.0,0.3,-0.0559,,,
episode_shape,2019-03-15,,,,,,,,,,,,,,,9.0,7.0,6.0,-1.0,0.0,-0.0177,,,
episode_shape,2020-03-09,,,,,,,,,,,,,,,122.0,11.0,14.0,3.0,7.8,0.4474,,,
episode_shape,2020-09-22,,,,,,,,,,,,,,,17.0,2.0,2.0,0.0,0.9,-0.0123,,,
episode_shape,2020-11-02,,,,,,,,,,,,,,,5.0,1.0,4.0,3.0,1.0,0.0657,,,
episode_shape,2022-02-14,,,,,,,,,,,,,,,330.0,169.0,91.0,-78.0,0.0,0.0367,,,
episode_shape,2023-10-13,,,,,,,,,,,,,,,33.0,11.0,23.0,12.0,0.0,0.0271,,,
episode_shape,2025-03-12,,,,,,,,,,,,,,,6.0,2.0,3.0,1.0,1.0,0.0793,,,
episode_shape,2025-03-28,,,,,,,,,,,,,,,73.0,8.0,10.0,2.0,2.0,0.284,,,
episode_shape,2026-03-23,,,,,,,,,,,,,,,22.0,6.0,12.0,6.0,0.4,0.1066,,,
species,short (<=42d),15.0,,,,,,,,,,,,,,,,,,,,22.0,1.0,0.0205
species,long (>42d),12.0,,,,,,,,,,,,,,,,,,,,118.0,1.25,0.037500000000000006
