peak,trough,dP,cashflow,cashflow_12m,multiple,mult_realrate,mult_riskprem,dRR,dominant,sleeves_that_helped
1872-05-01,1877-06-01,-0.64,-0.35,-0.3,-0.29,0.07,-0.36,0.06,cash-flow,
1880-03-01,1880-05-01,-0.11,0.04,0.14,-0.15,0.08,-0.23,0.066,multiple/risk-prem,
1881-06-01,1896-08-01,-0.55,-0.73,-0.52,0.19,0.14,0.05,0.112,cash-flow,
1902-09-01,1903-10-01,-0.35,-0.09,-0.18,-0.26,0.14,-0.4,0.115,multiple/risk-prem,
1906-09-01,1907-11-01,-0.47,-0.1,-0.23,-0.37,0.03,-0.41,0.026,multiple/risk-prem,
1909-12-01,1921-08-01,-0.47,-0.5,-0.31,0.03,0.3,-0.26,0.24,cash-flow,
1929-09-01,1932-06-01,-1.88,-1.11,-1.3,-0.77,0.12,-0.89,0.101,cash-flow,cash+0.05
1956-07-01,1957-12-01,-0.19,-0.05,-0.21,-0.14,-0.01,-0.13,-0.006,multiple/risk-prem,(none strong)
1959-07-01,1960-10-01,-0.11,-0.04,-0.1,-0.06,-0.01,-0.05,-0.012,multiple/risk-prem,
1961-12-01,1962-06-01,-0.25,0.08,0.19,-0.34,-0.01,-0.33,-0.008,multiple/risk-prem,(none strong)
1966-01-01,1966-10-01,-0.19,0.05,0.01,-0.24,-0.02,-0.23,-0.015,multiple/risk-prem,(none strong)
1968-12-01,1970-06-01,-0.34,-0.04,-0.08,-0.3,0.01,-0.31,0.005,multiple/risk-prem,cash+0.11
1973-01-01,1974-12-01,-0.57,0.31,0.2,-0.87,-0.1,-0.78,-0.077,multiple/risk-prem,"gold+1.38, cash+0.14"
1980-11-01,1982-07-01,-0.22,-0.06,-0.14,-0.16,0.09,-0.25,0.075,multiple/risk-prem,"bond10+0.20, cash+0.24"
1987-08-01,1987-12-01,-0.31,0.13,0.43,-0.44,0.0,-0.44,0.001,multiple/risk-prem,(none strong)
1990-06-01,1990-10-01,-0.16,0.02,-0.21,-0.18,-0.02,-0.16,-0.014,multiple/risk-prem,(none strong)
1998-07-01,1998-09-01,-0.13,-0.02,0.13,-0.11,-0.01,-0.1,-0.005,multiple/risk-prem,(none strong)
2000-08-01,2003-02-01,-0.57,-0.59,-0.04,0.02,-0.02,0.04,-0.015,cash-flow,"bond10+0.34, gold+0.12, commod+0.08, cash+0.10"
2007-10-01,2009-03-01,-0.71,-2.38,-0.2,1.67,0.03,1.65,0.022,cash-flow,"bond10+0.18, gold+0.25, trend+0.12"
2018-09-01,2018-12-01,-0.12,0.02,0.07,-0.14,0.0,-0.14,0.002,multiple/risk-prem,(none strong)
2020-01-01,2020-03-01,-0.21,-0.12,-0.03,-0.09,0.0,-0.09,0.001,cash-flow,"bond10+0.08, trend+0.06"
2021-12-01,2022-10-01,-0.23,-0.08,,-0.15,0.02,-0.17,0.018,multiple/risk-prem,"commod+0.12, trend+0.26"
