peak,depth,bond10,gold,commod,cash,trend
1929-08-31,-0.839,,,,#,
2007-10-31,-0.502,#,#,.,+,#
1972-12-31,-0.464,+,#,,#,
2000-03-31,-0.447,#,#,#,#,
1968-11-30,-0.334,.,,,#,
1987-08-31,-0.298,+,+,,+,
2021-12-31,-0.249,.,.,#,+,#
1946-05-31,-0.245,,,,.,
1961-12-31,-0.232,+,,,+,
2020-01-31,-0.201,#,+,.,+,#
1998-06-30,-0.173,+,.,.,+,
1990-05-31,-0.17,+,+,,+,
1980-11-30,-0.166,#,.,,#,
1957-07-31,-0.152,,,,+,
1966-01-31,-0.151,+,,,+,
2018-09-30,-0.145,+,+,.,+,.
1980-01-31,-0.121,.,.,,+,
1978-08-31,-0.12,.,#,,+,
1983-06-30,-0.106,.,.,,#,
