method,h,rmse,corr,rmse_hiVIX,rmse_loVIX
persistence,1,0.6355733952367606,0.7126659927357049,0.7944937455165889,0.4203412539836992
EWMA,1,0.4926156677340781,0.678270044315284,0.606603796393595,0.3425963023662999
VAR1_raw,1,0.4539559114393314,0.7320193814551045,0.5536798150576033,0.32494707485867047
VAR1_EWMA,1,0.4802991372561636,0.6840477481622476,0.5897021928903913,0.3370843309889884
HMM,1,0.7979618286384381,0.3756225596336228,0.8363660578964637,0.7576133427591739
persistence,5,0.6633015138646124,0.6560924933355394,0.8125677780455967,0.4701762335754495
EWMA,5,0.5200736285465075,0.642173667980297,0.6323595396437274,0.37668763039548986
VAR1_raw,5,0.5005671074591213,0.6452870640713535,0.6096534628218978,0.3608656701084223
VAR1_EWMA,5,0.5028293644504491,0.6500192225144938,0.6095639789537328,0.36723011355491686
HMM,5,0.789147886588657,0.3581481552070825,0.8437994747484585,0.7308050700410907
persistence,21,0.717976216083316,0.5367707308955716,0.8589786213026559,0.5427515838486129
EWMA,21,0.5863719068301947,0.5094915247724905,0.6900811143760627,0.46077292863659813
VAR1_raw,21,0.5597834367211922,0.5233941560588424,0.6454658903291342,0.4590853434573758
VAR1_EWMA,21,0.56707164118641,0.5134672398736014,0.6487892946749645,0.4720785113524812
HMM,21,0.760321472455078,0.24954543992490502,0.820344085437017,0.6955782775978016
