asset,cls,hist,stress,carry,n_bear,lift,GFC08,COVID20,INFL22
GLD,gold,2004,0.18331888784361577,0.0976725812673105,1217,1.0510624442924403,0.1550495342935061,0.08527130418903606,0.031583954913472656
KMLM,trend-MF,2020,0.14033772015674154,0.058547109625048506,298,0.5134651421509216,,,0.19646176346314048
TLT,bond-20y+,2004,0.10826439972925105,0.020466461871526273,1217,1.2188062651352536,0.12559353757657155,0.11811726885529805,-0.24027260052263089
FXY,haven-JPY,2007,0.09359007739838351,-0.050906773550588584,1217,0.6749781560575305,0.22976563197830768,0.030699252235606656,-0.13762360150281117
IEF,bond-7-10y,2004,0.08640819970397268,0.01786986046877586,1217,1.2790509528627045,0.15602783016587818,0.06542453611669652,-0.10638808095837127
DBMF,trend-MF,2019,0.06352242623790717,0.10796395537588624,395,0.7876361095614016,,-0.05996961150212343,0.1808570486884593
SLV,silver,2006,0.058013213262642666,0.14296942894229955,1217,1.2794186959133325,-0.11420608836058577,0.018965513272460877,0.001844122046742891
TIP,TIPS,2004,0.03813511219689904,0.03290697328983283,1217,0.7740139843262587,0.07151286207129592,0.03900546963938001,-0.08459541350815158
FXF,haven-CHF,2006,0.03424305946079639,0.01703999579985355,1217,1.168500190750088,0.07367173594779985,0.03562686034767104,-0.015179435033275679
LQD,credit-IG,2004,0.030490403061068524,0.04446363048364879,1217,0.5760003742139534,0.04680898066558026,0.041200901417777436,-0.12371962517814439
UUP,dollar,2007,0.013676763781106995,0.022494273857782025,1217,0.9665637652797173,0.01982353426239203,-0.028688555670629112,0.09096812125427345
BIL,cash,2007,0.013004477131509658,0.013864472480666875,1217,0.39332992007678436,0.025023867144920553,0.0021108265216251976,0.014599905372450594
HYG,credit-HY,2007,-0.00846983281094107,0.07454866437410232,1217,0.2583514973494144,-0.1248095643061714,-0.04008758955129976,-0.07036506262457276
USMV,eq-minvol,2011,-0.028135756344316216,0.14780997813110777,609,0.0,,-0.09409011669488687,-0.0319297857554206
EEM,eq-EM,2004,-0.030674270642087748,0.146466521287177,1217,0.33886514245985355,-0.408409164390388,0.036698333310738684,-0.1541949053838344
VNQ,REIT,2004,-0.11361922984377563,0.1756159744520781,1217,0.09277759017405009,-0.5395067867874728,-0.20005393879422828,-0.18994881314347645
DBC,commodities,2006,-0.1173637400985243,0.08966996670736144,1217,1.13541263609738,-0.28840608422272085,-0.1358621133790745,0.09632907228470144
EFA,eq-intl-dev,2004,-0.13791004891479466,0.1456761374444259,1217,0.20520168300950342,-0.4346475029611865,-0.04152114788132166,-0.09533260536527455
BTC-USD,crypto,2014,-0.2937957963434294,0.8549902800986597,565,0.12345784122521311,,-0.04212986345879688,-0.5882942197950216
