section,key,n,frac,ann_ret,ann_vol,sharpe,k3_0,k3_1,k3_2,agreement
state,0,2709.0,0.2970394736842105,0.10326511627907044,0.12843447004221042,0.8040296054877791,,,,
state,1,4812.0,0.5276315789473685,0.17469276807980083,0.16186736313084393,1.0792340389124002,,,,
state,2,1599.0,0.17532894736842106,0.0010086303939964428,0.2827765564514276,0.00356688123886145,,,,
k2_partition,k2 calm,,,,,,0.38688727385186333,0.582341116437297,0.030771609710839646,
k2_partition,k2 stressed,,,,,,0.07802487749717302,0.39427063701470033,0.5277044854881267,
phase_alignment,crash(entry→trough),1256.0,,,,,0.046974522292993634,0.23964968152866242,0.7133757961783439,
phase_alignment,rebound(trough→exit),1397.0,,,,,0.10594130279169649,0.5332856120257695,0.360773085182534,
stability,start+2y,8616.0,,,,,,,,1.0
stability,start-2y,9120.0,,,,,,,,1.0
meta,switches_yr,,,,,,,,,2.569736842105263
