asset,days,start,bear_frac,switches_per_yr
mkt_ret,6221,2001-08-31,0.288,0.85
bond10_ret,6173,2001-09-04,0.575,1.35
gold_ret,6202,2001-09-04,0.659,1.46
ind_nodur,6221,2001-08-31,0.532,1.13
ind_durbl,6221,2001-08-31,0.435,1.13
ind_manuf,6221,2001-08-31,0.615,1.17
ind_enrgy,6221,2001-08-31,0.708,1.09
ind_hitec,6221,2001-08-31,0.253,1.42
ind_telcm,6221,2001-08-31,0.387,1.5
ind_shops,6221,2001-08-31,0.526,1.17
ind_hlth,6221,2001-08-31,0.395,1.34
ind_utils,6221,2001-08-31,0.279,1.01
ind_other,6221,2001-08-31,0.256,0.93
