port,ann_ret,vol,sharpe,maxDD,avg_eq,GFC08,COVID20,INFL22
A_orig,0.09077218254369455,0.10936683267183187,0.6975335012669228,-0.2745000194791797,0.49980307925651457,-0.15673357284597955,-0.009054463245291133,0.018141953640437913
SPY_bh,0.11784653396691154,0.20001701103444106,0.5167913381614375,-0.5518946854118931,1.0,-0.38906028175831886,-0.015208675310278919,-0.04468599349675362
timed_timid,0.09089417917521588,0.11168623833027426,0.686618851543968,-0.18837543769943144,0.4667321198126222,-0.03153484957078734,-0.017693404592732165,0.054248438969915824
stat_timed_timid,0.09197714557140717,0.11297121975964634,0.6864168877200137,-0.2735420704154793,0.4663852874324617,-0.14274781286112936,-0.014087734485576875,0.0300869709312237
timed_mid,0.09811269077056427,0.12783756587045964,0.6554829800003591,-0.22834887574143203,0.6499448598990564,-0.11646621201876106,-0.018052839062938975,0.035220195502254414
stat_timed_mid,0.09999550923437099,0.13625232200624132,0.6275340640311479,-0.35887706096725003,0.6495125192825859,-0.2339465831311961,-0.014279764726532473,0.005725559859547369
timed_aggr,0.10151543874587615,0.13831929086876557,0.6302936391403497,-0.25494685945943785,0.7332883072522692,-0.14612396442523767,-0.01850340185097865,0.027921087455563542
stat_timed_aggr,0.10392306787235256,0.14962545744332229,0.597662933320195,-0.4083018580555716,0.7328704979659023,-0.27312400033475437,-0.014433887117375921,-0.005830556672076215
timed_hot_on,0.10118236042278812,0.1405284713074805,0.618506750766304,-0.21351642571416585,0.7334733615541457,-0.1060962076272175,-0.019858080876464568,0.03694295221278088
stat_timed_hot_on,0.10393199676592066,0.14965667661036916,0.5975979102232902,-0.40840813538169574,0.7330556335336788,-0.2732094038536148,-0.014434275864900536,-0.0058565358651614385
timed_vaggr,0.1050326584863427,0.15005387842820017,0.6043831104658489,-0.28935307557657863,0.8166654020326841,-0.17505232753141853,-0.01897124690430374,0.020510518395500332
stat_timed_vaggr,0.10804374458621137,0.16428843166690893,0.5694163215658139,-0.4546805851788823,0.8163096277966995,-0.3108972244042556,-0.014629944737173162,-0.017677781672267967
