asset,property,r2_raw,r2_both,dr2_env
SPY,fwd_ret,0.058434139980862776,0.06272640171689636,0.004292261736033587
SPY,fwd_vol,0.13722552371293384,0.16220109827795526,0.02497557456502142
IEF,fwd_ret,-0.06536368047325336,-0.054606846943920484,0.010756833529332877
IEF,fwd_vol,0.24459834108566536,0.14873890314904703,-0.09585943793661833
TLT,fwd_ret,-0.026493031338156836,-0.018468044782669057,0.008024986555487779
TLT,fwd_vol,-0.12282157447981468,-0.48190553901362776,-0.3590839645338131
HYG,fwd_ret,0.08107128162322641,-0.026904467000799848,-0.10797574862402626
HYG,fwd_vol,-0.1597729559362795,-0.6351088134397944,-0.4753358575035149
LQD,fwd_ret,-0.002223123479204725,-0.03005464885362663,-0.027831525374421906
LQD,fwd_vol,-0.08476974533995141,-0.4928714445266742,-0.4081016991867228
GLD,fwd_ret,-0.14822784474955686,-0.159187755532334,-0.010959910782777138
GLD,fwd_vol,-0.4753780089789277,-0.44198196377873566,0.033396045200192015
IWF,fwd_ret,0.045007735609924326,0.061632835853769885,0.01662510024384556
IWF,fwd_vol,-0.035609357475699266,0.0313333762042457,0.06694273367994497
IWD,fwd_ret,0.05603259442305519,0.0016417761746321258,-0.05439081824842307
IWD,fwd_vol,0.0959834980569555,0.026973941795607415,-0.06900955626134808
GmV(growth-value),fwd_ret,0.0013354333841443244,-0.01175969391025089,-0.013095127294395215
GmV(growth-value),fwd_vol,-0.9937781255174845,-1.2515188613101458,-0.2577407357926613
