section,key,n,ann_ret,ann_vol,sharpe,skew,ex_kurt,var5,es5,best,worst,days,trough_day,ep_ret,crash_ret,rebound_inside,ret_63d_after_exit,p_exit_21d,frac_mom_pos,med_mom
state_moments,calm,6467.0,0.11576335240451577,0.14334763220033267,0.8075707329628786,-0.43842099897034476,4.599635246174848,-0.0149,-0.021741896024464823,0.0539,-0.0696,,,,,,,,,
state_moments,stressed,2653.0,0.1407229551451188,0.25005330720168434,0.562771821416529,-0.08574568304709528,7.261665334021556,-0.0236,-0.03683134328358208,0.1135999999999999,-0.12,,,,,,,,,
episode,1990-09-11,,,,,,,,,,,115.0,23.0,0.15918181515347585,-0.0894167392994184,0.2730102399001144,0.04188033948249337,,,
episode,1991-06-25,,,,,,,,,,,27.0,1.0,0.04603638532936283,-0.0020000000000000018,0.04813265063062411,0.033304900147907324,,,
episode,1991-09-17,,,,,,,,,,,37.0,17.0,0.023393120248732968,-0.015166711127372112,0.039153663682759854,0.09172960067752123,,,
episode,1991-11-19,,,,,,,,,,,26.0,5.0,0.05225373873464112,-0.024576536245079383,0.07876607220822862,0.0327618791923352,,,
episode,1992-03-16,,,,,,,,,,,2.0,1.0,0.008204560000000027,0.0005999999999999339,0.007600000000000051,-0.016351396584634803,,,
episode,1992-03-27,,,,,,,,,,,89.0,9.0,0.02939664655853491,-0.039377960740764606,0.07159382617572851,0.0018368294429891296,,,
episode,1992-08-13,,,,,,,,,,,3.0,1.0,0.007513504999999698,0.0004999999999999449,0.007009999999999739,0.029286330347705114,,,
episode,1992-08-19,,,,,,,,,,,61.0,37.0,0.028155256749755386,-0.03357435727481983,0.06387414747243936,0.06748345738370287,,,
episode,1993-02-18,,,,,,,,,,,12.0,1.0,0.03249770867267476,-0.0016000000000000458,0.03415235243657322,0.01768098123499784,,,
episode,1993-04-06,,,,,,,,,,,40.0,14.0,0.0329786603852853,-0.022368568984304615,0.05661359446278014,0.03482761602084672,,,
episode,1993-06-07,,,,,,,,,,,51.0,13.0,0.020431361301714412,-0.015408609214436986,0.03640085709824881,0.031200817366505484,,,
episode,1993-11-09,,,,,,,,,,,41.0,10.0,0.018579108428163904,-0.010479139316433517,0.02936597791836726,-0.02557922149756031,,,
episode,1994-02-10,,,,,,,,,,,16.0,15.0,-0.012714241213649724,-0.017332777160993018,0.0046999999999999265,-0.0166947692927093,,,
episode,2001-03-02,,,,,,,,,,,588.0,402.0,-0.1230754083940967,-0.3432055857221088,0.3351584187420853,0.03703822224062292,,,
episode,2007-12-17,,,,,,,,,,,458.0,308.0,-0.21656644599142916,-0.5169277732778623,0.6217731235027106,0.07503385848667099,,,
episode,2010-06-03,,,,,,,,,,,102.0,22.0,0.08745331410408741,-0.07065831857023464,0.17013294015939517,0.10561542480317021,,,
episode,2011-08-11,,,,,,,,,,,131.0,37.0,0.2332763504962112,-0.024259780871237258,0.26393923948056797,-0.04376162039592901,,,
episode,2012-03-09,,,,,,,,,,,2.0,2.0,0.004196569999999955,0.004196569999999955,0.0,-0.04825488333102479,,,
episode,2014-10-17,,,,,,,,,,,15.0,1.0,0.08930654809056948,0.011300000000000088,0.07713492345552209,0.015204452521888179,,,
episode,2015-08-24,,,,,,,,,,,198.0,119.0,0.07579748010386123,-0.08572099181784276,0.17666212444584928,0.04192932074122613,,,
episode,2019-01-23,,,,,,,,,,,22.0,1.0,0.0672500075296687,0.0017000000000000348,0.06543876163488926,0.0071434292588652415,,,
episode,2019-03-15,,,,,,,,,,,9.0,7.0,-0.0032639195737690363,-0.006009589465077347,0.0027622700000000666,0.03969866021640622,,,
episode,2020-03-09,,,,,,,,,,,122.0,11.0,0.21370959166499848,-0.24736026967609226,0.6126036704741373,0.06567608921185752,,,
episode,2020-09-22,,,,,,,,,,,17.0,2.0,0.07141607370662761,-0.01484946999999992,0.08756585017177776,0.12689018119181905,,,
episode,2020-11-02,,,,,,,,,,,5.0,1.0,0.07688995083563088,0.011699999999999822,0.06443604906161027,0.16031056525080745,,,
episode,2022-02-14,,,,,,,,,,,330.0,169.0,-0.025302156223493744,-0.18759054902812944,0.1997618228228304,0.04498531141960416,,,
episode,2023-10-13,,,,,,,,,,,33.0,11.0,0.04793637607314416,-0.05468895919149086,0.1085625057090851,0.13546227313462866,,,
episode,2025-03-12,,,,,,,,,,,6.0,2.0,0.021088023994797478,-0.009477909999999978,0.030858407200991866,0.06109743918295796,,,
episode,2025-03-28,,,,,,,,,,,73.0,8.0,0.11167344627914844,-0.12730427490174456,0.2738385376575403,0.05376419552289824,,,
episode,2026-03-23,,,,,,,,,,,22.0,6.0,0.09941105055656507,-0.023730549522527733,0.12613484936854968,0.06056662470175023,,,
phase_moments,crash(entry..trough),1256.0,-0.4221200636942673,0.29377934280604034,-1.4368609435312147,-0.21484552511843416,5.742300038530692,-0.02975,-0.046622222222222204,0.1135999999999999,-0.12,,,,,,,,,
phase_moments,rebound(trough..exit),1397.0,0.6467579098067285,0.19748599027932645,3.274955903919801,0.89368340198688,7.021824718575694,-0.0163999999999999,-0.023911267605633786,0.0967,-0.0591,,,,,,,,,
hazard,age>0,30.0,,,,,,,,,,,,,,,,0.3333333333333333,,
hazard,age>21,20.0,,,,,,,,,,,,,,,,0.4,,
hazard,age>42,12.0,,,,,,,,,,,,,,,,0.16666666666666666,,
hazard,age>63,10.0,,,,,,,,,,,,,,,,0.1,,
hazard,age>126,5.0,,,,,,,,,,,,,,,,0.2,,
hazard,age>252,3.0,,,,,,,,,,,,,,,,0.0,,
bull_age,young bull (0-63d),1245.0,0.1593773493975908,0.12362031453093113,1.28924885850952,-0.42715211640878253,2.2250834547310054,-0.01248,-0.018161904761904754,0.0278,-0.037,,,,,,,,,
bull_age,mid bull (63-252d),1899.0,0.07084928909952626,0.13819986047289862,0.5126581811088008,-0.6831197425924287,5.695363156410764,-0.01461,-0.021793684210526312,0.0496999999999999,-0.0696,,,,,,,,,
bull_age,old bull (252d+),3323.0,0.12508997893469836,0.15278164541780367,0.8187500441733141,-0.32980659004628526,4.283875263812765,-0.0163,-0.022689411764705868,0.0539,-0.0671,,,,,,,,,
momentum,calm,6330.0,,,,,,,,,,,,,,,,,0.9709320695102686,0.16775707235746418
momentum,stressed,2538.0,,,,,,,,,,,,,,,,,0.4385342789598109,-0.034548024555352275
