date,eq,bond,corr,level_z,level_pctile,state
1963-12-31,0.020492312358266762,-0.001343937075435342,0.17337117542809002,,1.0,violated
1964-01-31,0.024514737160213462,0.002842911129451675,0.15234698352280707,,0.5,violated
1964-02-29,0.017617852470040996,0.0005753490077478052,0.1342932828160471,,0.3333333333333333,violated
1964-03-31,0.01628100610018346,-0.00045190102524028664,0.1952695474143135,,1.0,violated
1964-04-30,0.0033840621415253125,0.004494606149689773,0.22026338273776663,,1.0,violated
1964-05-31,0.01643656005725247,0.0057275855256377906,0.18827656819499416,,0.6666666666666666,violated
1964-06-30,0.014922494361423677,0.0068410855033980145,-0.046124300738572634,,0.14285714285714285,under_test
1964-07-31,0.019498618951614866,0.00047329539931983966,0.0010126574809657814,,0.25,under_test
1964-08-31,-0.012307687442132509,0.001908863746478584,-0.014472955688043064,,0.2222222222222222,under_test
1964-09-30,0.029041652505154447,0.005899665434268453,0.07162598848012951,,0.4,under_test
1964-10-31,0.008144725472992942,0.005090289569566586,0.07938710861864465,,0.45454545454545453,under_test
1964-11-30,0.0035076654931711637,-0.00021560522364016954,0.10249724469512754,,0.5,violated
1964-12-31,0.002736815774634138,0.002857679080934483,0.11646118145400583,,0.5384615384615384,violated
1965-01-31,0.03730325406481194,0.004922678511777745,0.18136162779449277,,0.7857142857142857,violated
1965-02-28,0.00836418851228915,0.000626985373574307,0.05754972767469625,,0.26666666666666666,under_test
1965-03-31,-0.008722451903225958,0.005441247433656038,0.002434029261167651,,0.25,under_test
1965-04-30,0.03316610626807903,0.0027127413613525775,-0.017187751394920636,,0.11764705882352941,under_test
1965-05-31,-0.0036387395365844455,0.0017581706671851993,-0.007167674008837599,,0.2222222222222222,under_test
1965-06-30,-0.05043058107980025,0.006073438601184922,-0.21077599787792248,,0.05263157894736842,intact
1965-07-31,0.01658780274167948,0.0019188499609574805,-0.2088067882756287,,0.1,intact
1965-08-31,0.029469651803727404,-0.00024648554714679083,-0.23871502624076624,,0.047619047619047616,intact
1965-09-30,0.030830152097381935,-0.002734038376311698,-0.37182051479869643,,0.045454545454545456,intact
1965-10-31,0.028093638823918576,-0.0012667484881982993,-0.3677810756206689,,0.08695652173913043,intact
1965-11-30,0.003847815008818145,-0.0021291891377872574,-0.27802248994040085,,0.125,intact
1965-12-31,0.014551638184212123,-0.009180501323454493,-0.2213345422361473,,0.2,intact
1966-01-31,0.011397437048624948,0.0007382081399134321,-0.2324225769622676,,0.19230769230769232,intact
1966-02-28,-0.008415095582575693,-0.02143564027801481,0.030172076246275988,,0.5555555555555556,under_test
1966-03-31,-0.020290823213338305,0.028565821566048255,-0.1902014333745941,,0.32142857142857145,intact
1966-04-30,0.02524706143353117,-0.0024026353839951,-0.20142261626908325,,0.3103448275862069,intact
1966-05-31,-0.05249940279355325,0.0032124691289083795,-0.19983826470418387,,0.3333333333333333,intact
1966-06-30,-0.009912376026541936,-0.008787421042517063,-0.1692651140547946,,0.3870967741935484,intact
1966-07-31,-0.012206255134583066,-0.002114135487666702,-0.15547809467188817,,0.40625,intact
1966-08-31,-0.07474344316807424,-0.018435046874128447,0.12545358277741026,,0.7878787878787878,violated
1966-09-30,-0.006227968153538654,0.03032524928770508,0.056250797878525924,,0.6176470588235294,under_test
1966-10-31,0.04289138680857074,0.0077907765571421095,0.08672478417891648,,0.7142857142857143,under_test
1966-11-30,0.01808531939432889,-0.007489421524759621,0.06765129713178877,,0.6388888888888888,under_test
1966-12-31,0.0056493353672435465,0.0415617095093026,0.06809930613034618,,0.6486486486486487,under_test
1967-01-31,0.08591246566792066,0.013157693466082643,0.13157400723509252,,0.8157894736842105,violated
1967-02-28,0.011763482390685143,-0.01215466180771363,0.11973790133159483,,0.7692307692307693,violated
1967-03-31,0.044539920987075154,0.021246138883928678,0.17724306008394886,,0.9,violated
1967-04-30,0.04299520831371817,-0.01790978947084676,0.10942931921912273,,0.7073170731707317,violated
1967-05-31,-0.03912732427590193,0.0019065409695493418,0.1061224384655442,,0.6904761904761905,violated
1967-06-30,0.02619079342260955,-0.026450351973994923,0.08543584202004738,,0.627906976744186,under_test
1967-07-31,0.04977950554701427,0.008624153646169752,0.10516416300619927,,0.6818181818181818,violated
1967-08-31,-0.006521724493441461,-0.0034648495617043418,0.11230075249637889,,0.7333333333333333,violated
1967-09-30,0.03513618190168155,0.0011966258394600082,0.11845223000972538,,0.7608695652173914,violated
1967-10-31,-0.026740681131492083,-0.019739438429811518,0.16593289800903213,,0.8723404255319149,violated
1967-11-30,0.007908449541901952,-0.002849723964091444,0.16516385209523013,,0.8541666666666666,violated
1967-12-31,0.03453777357717214,0.007460783000215354,0.18191010460585885,,0.9387755102040817,violated
1968-01-31,-0.03628829415297441,0.01670361356079808,0.12933709872472918,,0.76,violated
1968-02-29,-0.03359020263018975,0.0027113612626832317,0.10852623180513035,,0.6274509803921569,violated
1968-03-31,0.006211269740282965,-0.009921711606873496,0.16341203438796156,,0.8269230769230769,violated
1968-04-30,0.09430320539856085,0.005895380794526783,0.1786262347527883,,0.9056603773584906,violated
1968-05-31,0.027174974513155314,-0.003654325054309737,0.19017708426833346,,0.9629629629629629,violated
1968-06-30,0.01037015000110264,0.015669023812477034,0.17225426950658917,,0.8363636363636363,violated
1968-07-31,-0.021895674474653348,0.020186560996464653,0.1188956148891034,,0.6607142857142857,violated
1968-08-31,0.017088314566175544,0.0016222443741029657,-0.012362039703064116,,0.2982456140350877,under_test
1968-09-30,0.0442153242932708,-0.005223396768896937,0.021302532300260225,,0.3620689655172414,under_test
1968-10-31,0.007716650821623983,-0.004140976549948716,0.014722068904088241,,0.3559322033898305,under_test
1968-11-30,0.05774673357067872,-0.008602870731103662,-0.01929304335335575,-0.2991972206062446,0.25,under_test
1968-12-31,-0.03570789739249658,-0.021550448032906067,0.12656639407808096,0.6348680974063389,0.7213114754098361,violated
1969-01-31,-0.00801916075911313,0.0030850872790602057,0.032465018022224665,0.024270339356767485,0.4032258064516129,under_test
1969-02-28,-0.053377407774946595,-0.00012365667182612228,0.025873127738508927,-0.018695824485521862,0.38095238095238093,under_test
1969-03-31,0.0306639516936269,0.002143140963362322,-0.04284872522969007,-0.4673686487790593,0.234375,under_test
1969-04-30,0.020924734042951032,0.012327859440413702,0.03168418849258356,0.026955962549202794,0.4153846153846154,under_test
1969-05-31,0.003503572123790377,-0.020064259195003875,0.05629235581845755,0.19003511983160074,0.45454545454545453,under_test
1969-06-30,-0.06756580899452713,-0.006404829112733101,0.14826428083595036,0.7997711776121318,0.7910447761194029,violated
1969-07-31,-0.06377513557479852,0.010501479470315545,0.02902092172492135,-0.00576819888099112,0.38235294117647056,under_test
1969-08-31,0.0511338085038211,-0.006241405375620013,-0.002088241499781682,-0.21588717025036921,0.30434782608695654,under_test
1969-09-30,-0.023272712475543078,-0.03958024717040276,0.07108366207286279,0.2835193080553537,0.5142857142857142,under_test
1969-10-31,0.05745563658259423,0.04584678844225509,0.1820674666251096,1.0340182862713727,0.9436619718309859,violated
1969-11-30,-0.03215157033128602,-0.018929917348511904,0.21792031090286887,1.2580248621705643,0.9861111111111112,violated
1969-12-31,-0.019671980482759643,-0.03222238481206874,0.23023577519695604,1.31710812966058,1.0,violated
1970-01-31,-0.07473255218484132,0.015148208320706846,0.18714645120808465,1.0087552538034317,0.918918918918919,violated
1970-02-28,0.05682298709422251,0.06452897234414667,0.30558111485014483,1.7665173068065594,1.0,violated
1970-03-31,-0.004204226975067837,-0.006535478267001182,0.3100137077129,1.747434401627386,1.0,violated
1970-04-30,-0.10541650228316501,-0.042363704273654657,0.4354872216656972,2.457526221896268,1.0,violated
1970-05-31,-0.06281710338533053,-0.0020323920933235096,0.43291205318836684,2.3368023163583893,0.9871794871794872,violated
1970-06-30,-0.05145743587761242,0.02491294952550671,0.3687668969944433,1.8816996989459982,0.9746835443037974,violated
1970-07-31,0.07364494519579279,0.026902267868972984,0.43122661709200144,2.179282148394117,0.975,violated
1970-08-31,0.05131888339670887,-0.0011479156343960906,0.418046844865786,2.0326781154571503,0.9629629629629629,violated
1970-09-30,0.04811909880894061,0.019806706515680395,0.4563388874729172,2.1749903013622895,1.0,violated
1970-10-31,-0.01844131842761909,0.0033906077620229347,0.4581619534915653,2.1116877090877955,1.0,violated
1970-11-30,0.050337017204624024,0.0647133309750616,0.540896474052523,2.4607522350013245,1.0,violated
1970-12-31,0.06184508887095275,0.004825752975890829,0.5125517822295751,2.2250859430196606,0.9882352941176471,violated
1971-01-31,0.052331060151501685,0.03469355981070388,0.5342557928344488,2.254262474151369,0.9883720930232558,violated
1971-02-28,0.017784109556523875,0.000766960371598735,0.5320335517943074,2.167593007637697,0.9770114942528736,violated
1971-03-31,0.04357169207823608,0.05082797636071534,0.5567993356253587,2.212962983365443,1.0,violated
1971-04-30,0.03360763799619426,-0.03470510033765395,0.49504587995035737,1.8618370750562032,0.9438202247191011,violated
1971-05-31,-0.03783489176674759,-0.016290411439842445,0.5160606138906964,1.911433278263547,0.9555555555555556,violated
1971-06-30,0.0037193987765566927,-0.016739866123952063,0.5067157277365272,1.821929016010885,0.9340659340659341,violated
1971-07-31,-0.04093153407265837,-0.00483223722511239,0.5387436525817978,1.9207595646540607,0.9782608695652174,violated
1971-08-31,0.042399567940535565,0.046687932622766715,0.5809697702878348,2.054919148708353,1.0,violated
1971-09-30,-0.004148740850988375,0.025485979053761598,0.5686964889201829,1.9473522837143706,0.9893617021276596,violated
1971-10-31,-0.04002221252597704,0.01396995409052848,0.5293459094890237,1.7338699676709386,0.9263157894736842,violated
1971-11-30,-0.00045157184227440084,0.00022390059144949959,0.515784060188171,1.641361799888912,0.90625,violated
1971-12-31,0.09168624778344903,0.008089909291627784,0.4725907256915563,1.4295313789912747,0.865979381443299,violated
1972-01-31,0.026883102220612187,-0.009468523314926869,0.49443690919014327,1.4989041058452581,0.8673469387755102,violated
1972-02-29,0.03072921908050974,0.008458674175525482,0.4624672848706283,1.3414512110988122,0.8484848484848485,violated
1972-03-31,0.008343742025346934,-0.0004656187468204953,0.45847122131091206,1.306182675927046,0.84,violated
1972-04-30,0.00481235085424081,0.0034733148074548303,0.31111115328031536,0.6702057580146666,0.7623762376237624,violated
1972-05-31,0.014801294136168597,0.01188258257036634,0.2905323228882407,0.5780262249017911,0.7352941176470589,violated
1972-06-30,-0.022322019567611373,-0.001859105394682925,0.38781568187647214,0.9876073245400475,0.7766990291262136,violated
1972-07-31,-0.003981628936616688,0.0070240938124785934,0.36019117589481897,0.8612720211423205,0.7596153846153846,violated
1972-08-31,0.035119505363435,-0.015599096666583101,0.3526350988645053,0.8220437334312545,0.7523809523809524,violated
1972-09-30,-0.007211015537759824,-0.00326638919078448,0.34927938720983426,0.8012765988902218,0.7452830188679245,violated
1972-10-31,0.009434718786232255,0.014408270879057161,0.34588084176868555,0.7806415276659899,0.7383177570093458,violated
1972-11-30,0.05008670743050003,0.01430278755824399,0.2878878406170381,0.5260374305582602,0.6944444444444444,violated
1972-12-31,0.010103109201196059,-0.0037242908696029087,0.30568274893561775,0.599706881574342,0.7155963302752294,violated
1973-01-31,-0.02876488633934693,-0.002376611044992205,0.25369162415847024,0.3708932011674281,0.6818181818181818,violated
1973-02-28,-0.044686449400457184,-0.002279824542504416,0.2642704542493671,0.4150490593982885,0.6846846846846847,violated
1973-03-31,-0.008598274203170608,-0.00043261287295404127,0.17422382544732148,0.01893627433311394,0.5625,violated
1973-04-30,-0.05081897408852398,0.007394255824358487,0.2709218518067747,0.4437908283104814,0.6902654867256637,violated
1973-05-31,-0.02521420973950783,-0.009923143703382875,0.24181945437575297,0.3132453342119693,0.6666666666666666,violated
1973-06-30,-0.011227342937964235,0.005065707169446432,0.25739174200587656,0.38067174985687724,0.6782608695652174,violated
1973-07-31,0.05665565134953021,-0.02705381310213506,0.045339169853944226,-0.5636662773758917,0.2672413793103448,under_test
1973-08-31,-0.03112374327554046,0.01903772115033653,-0.1888686573324134,-1.588756873298127,0.10256410256410256,intact
1973-09-30,0.05533679928245072,0.029696731553935374,-0.01440244617489155,-0.8064227673585062,0.1694915254237288,under_test
1973-10-31,-0.001317049324015107,0.019004199201246408,0.026035476822681907,-0.6224970979953617,0.24369747899159663,under_test
1973-11-30,-0.121559997600444,0.006751833290628895,-0.01788367718956092,-0.813126811574023,0.15,under_test
1973-12-31,0.013717644094158654,-0.009454971239345356,-0.07767197100023021,-1.0711038938871802,0.12396694214876033,under_test
1974-01-31,0.00492063623345107,-0.000789900914149877,-0.0496584221838147,-0.9384816537149882,0.13114754098360656,under_test
1974-02-28,0.0011815180658543145,0.004287749406799213,-0.06829268243160896,-1.0134170852203785,0.13008130081300814,under_test
1974-03-31,-0.02220164966372362,-0.020974136744327243,-0.024070043563283686,-0.8100858854862132,0.16129032258064516,under_test
1974-04-30,-0.044399460871135776,-0.010419502461610386,0.013821419723771051,-0.636707004907626,0.248,under_test
1974-05-31,-0.04042521041618918,0.016054244143582697,-0.045681574782075754,-0.8974696864004417,0.15079365079365079,under_test
1974-06-30,-0.022332087137589274,-0.002031203462395492,-0.045488843078078704,-0.8902589434916353,0.15748031496062992,under_test
1974-07-31,-0.07394115902741072,-0.009691333761603138,0.006979170074188199,-0.6505952070655973,0.2578125,under_test
1974-08-31,-0.08729537567856349,-0.007344790298332238,0.11677466039158461,-0.1549425391301138,0.4728682170542636,violated
1974-09-30,-0.11003043706471727,0.017606867728613862,0.008287253456866187,-0.6424507703862586,0.26153846153846155,under_test
1974-10-31,0.16565367688095023,0.01688795064712023,0.1324908105729234,-0.07871990255439808,0.5343511450381679,violated
1974-11-30,-0.039147797855198396,0.015529586202671863,0.07522283368975112,-0.33807812442734625,0.3939393939393939,under_test
1974-12-31,-0.02826191969271241,0.022437487373630605,0.07396970341802171,-0.34236561780371144,0.39097744360902253,under_test
1975-01-31,0.14340534771438374,-0.0022012290286306246,0.0219718924962455,-0.5778678619431044,0.2835820895522388,under_test
1975-02-28,0.05954082608266709,0.009951490745171876,0.0333600924600215,-0.5230522428518358,0.3333333333333333,under_test
1975-03-31,0.030553858562355263,-0.02992012043120329,-0.021073650210059202,-0.7693817838323952,0.16911764705882354,under_test
1975-04-30,0.04670974792348859,-0.01225210914247954,-0.04044877155345825,-0.8533805823548379,0.16058394160583941,under_test
1975-05-31,0.05611317229318136,0.02443569704644344,-0.001974212255497289,-0.672071185929007,0.2391304347826087,under_test
1975-06-30,0.053038293181675966,0.011779614707412733,0.015166849595425573,-0.5898484905304551,0.28776978417266186,under_test
1975-07-31,-0.06163462009629228,-0.00856377232606187,0.1145831862207157,-0.12806201651161095,0.4928571428571429,violated
1975-08-31,-0.024250218352643627,0.005680113638725448,0.13324394423282537,-0.041016933201978384,0.5673758865248227,violated
1975-09-30,-0.036192245621547214,-0.009667200126865727,0.09128276499156636,-0.23624516485900685,0.44366197183098594,under_test
1975-10-31,0.058079899947441005,0.04494870588597233,0.17400340836818604,0.15111145814509044,0.6293706293706294,violated
1975-11-30,0.030477286131933345,-0.009560852956534971,0.18791957437045104,0.21580979217525637,0.6805555555555556,violated
1975-12-31,-0.011710178966716445,0.032360526077085394,0.1685529265307786,0.12394238919188559,0.6068965517241379,violated
1976-01-31,0.12598483488394918,0.003780231791836508,0.15619921582584836,0.06519360149732095,0.5821917808219178,violated
1976-02-29,0.007151776237193319,0.007559458152132104,0.15609430776622327,0.06447505260275346,0.5782312925170068,violated
1976-03-31,0.027849762232501796,0.01443246109305285,0.14113560637692352,-0.006856121590088731,0.5608108108108109,violated
1976-04-30,-0.010815280364672275,0.005637028669686295,0.1123912596829455,-0.14394551170970823,0.4697986577181208,violated
1976-05-31,-0.00957189247682999,-0.012802219640221213,0.1451968636604626,0.013551992167622552,0.5666666666666667,violated
1976-06-30,0.0445484557172966,0.013511035010014272,0.1441401862001566,0.008432514579297081,0.5629139072847682,violated
1976-07-31,-0.006581841941457278,0.006537385803999207,0.09553418480895817,-0.2257802227230438,0.42105263157894735,under_test
1976-08-31,-0.0011192685302162664,0.020200806600452648,0.025535808562164555,-0.562836444631261,0.28104575163398693,under_test
1976-09-30,0.025051152471382565,0.013735363763367037,0.09012894415806462,-0.24800578185394237,0.4155844155844156,under_test
1976-10-31,-0.02002863863815274,0.014680079463121887,0.017057626134112762,-0.601634968403479,0.2645161290322581,under_test
1976-11-30,0.007742326627090401,0.03386820102973975,0.023481873335181938,-0.5678323817178641,0.28205128205128205,under_test
1976-12-31,0.061123498799050546,0.019964163838326998,0.08644233627832182,-0.2586597479462666,0.4140127388535032,under_test
1977-01-31,-0.036292844003380176,-0.033791275634739604,0.28271255243322296,0.7019580320919506,0.7784810126582279,violated
1977-02-28,-0.015515879328247939,0.002150356401438014,0.28614813143017304,0.7154397463647642,0.779874213836478,violated
1977-03-31,-0.009036330445321816,0.008851427427911007,0.3495952226182796,1.0214482098233333,0.83125,violated
1977-04-30,0.005284905100255033,0.003811934995547217,0.41386710590737374,1.326519519905876,0.8571428571428571,violated
1977-05-31,-0.010492256909683362,0.010971001610077469,0.38025224169074356,1.152944886115393,0.845679012345679,violated
1977-06-30,0.051861918321974176,0.01869565616738833,0.39756184213040036,1.228340858617905,0.852760736196319,violated
1977-07-31,-0.013255029043109823,-0.009341235531740377,0.3666916152627967,1.0699754145909712,0.8292682926829268,violated
1977-08-31,-0.01312206780656855,0.016321632703773625,0.34916611018240334,0.978269581465742,0.8,violated
1977-09-30,0.0014114287270730053,-0.0026683290780099567,0.31042055852911943,0.7846028408429979,0.7831325301204819,violated
1977-10-31,-0.0395314952098661,-0.008063626154872439,0.2630968521323371,0.5503285017356873,0.7245508982035929,violated
1977-11-30,0.04419835479660761,0.010428731911398481,0.30701261853861256,0.7625787457660438,0.7738095238095238,violated
1977-12-31,0.006641849056815197,-0.00884759639194399,0.37049365103424686,1.068163472594335,0.8402366863905325,violated
1978-01-31,-0.055615991927584485,-0.0039160472340217245,0.552460265809765,1.935607470381174,0.9823529411764705,violated
1978-02-28,-0.010104099112407727,-0.0008060545989577728,0.5555350541979753,1.9235224048221844,0.9824561403508771,violated
1978-03-31,0.03256986882593793,-0.00015331839074761433,0.5109429431603668,1.6884556074956696,0.9244186046511628,violated
1978-04-30,0.08513780876404198,0.0006373277986753134,0.4113357403858713,1.2005286643030812,0.8439306358381503,violated
1978-05-31,0.022131955706627737,-0.004618182547426075,0.38131092964888563,1.0498238040648276,0.8275862068965517,violated
1978-06-30,-0.012736099441925441,-0.005350083409268125,0.37366234757619204,1.007227067308737,0.8171428571428572,violated
1978-07-31,0.0573129707870641,0.010713444155046936,0.38676379992670007,1.0636687362394686,0.8295454545454546,violated
1978-08-31,0.04221693326528686,0.018665987802129358,0.43771887974855667,1.2983976681564464,0.8757062146892656,violated
1978-09-30,-0.00832211146204953,-0.004180536753033093,0.43636246467415574,1.282251643402413,0.8707865168539326,violated
1978-10-31,-0.11239637621226517,-0.01785404242605293,0.5471733902784054,1.7908786933291965,0.9720670391061452,violated
1978-11-30,0.03343773216429935,0.013242436940194224,0.6203084163027541,2.105899560065878,1.0,violated
1978-12-31,0.01673043817858999,-0.010865181483270203,0.5583189078711377,1.792785799529774,0.9834254143646409,violated
1979-01-31,0.0489773609157973,0.020558527873178356,0.5851847482030689,1.8940534118553947,0.9945054945054945,violated
1979-02-28,-0.028167964578002858,-0.007146905892422728,0.6009070031959303,1.9411873220439702,0.994535519125683,violated
1979-03-31,0.06580363547763901,0.01173027204234911,0.6350951490831354,2.068303682562212,1.0,violated
1979-04-30,0.007240708857079392,-0.007471846357607115,0.6275047123099652,2.005754817735705,0.9945945945945946,violated
1979-05-31,-0.012863257293162844,0.02589830842747709,0.5503217378559493,1.6397311983871425,0.9408602150537635,violated
1979-06-30,0.04668862606604618,0.023265841436318935,0.5466867639751875,1.6076767367958813,0.93048128342246,violated
1979-07-31,0.016698780394955426,-0.005054741765321391,0.5293791158772314,1.516495253057104,0.9042553191489362,violated
1979-08-31,0.06243232974593793,-0.005991734379106606,0.5214984808081757,1.4688073569173399,0.8941798941798942,violated
1979-09-30,-0.0007551994624782621,-0.00522951953436579,0.5225333630580549,1.4611900771015722,0.8947368421052632,violated
1979-10-31,-0.07185253080389686,-0.06479023831496855,0.5934097555754132,1.7570005635585457,0.9790575916230366,violated
1979-11-30,0.06316835318748382,0.02795423470973568,0.6131417754004418,1.8232531877264067,0.984375,violated
1979-12-31,0.027856525885688432,0.011147730052701643,0.6160876617459341,1.8155804118234176,0.9844559585492227,violated
1980-01-31,0.06447978556261691,-0.0358906849330215,0.4929382834863964,1.269377249551809,0.8350515463917526,violated
1980-02-29,-0.004453072511807155,-0.0745500841031208,0.4597248402680368,1.1181191989206745,0.8205128205128205,violated
1980-03-31,-0.11657613447918058,0.014723412878851594,0.31366761550230887,0.48050355836059594,0.6836734693877551,violated
1980-04-30,0.05239048207026764,0.11887973656786288,0.34464312152259474,0.6135243947533727,0.6852791878172588,violated
1980-05-31,0.061344710828393545,0.038409138200622195,0.37324142520795534,0.7356445231346879,0.7323232323232324,violated
1980-06-30,0.03606214843699229,0.017599892138239204,0.3743564075769784,0.7376491429668048,0.7386934673366834,violated
1980-07-31,0.06920690215414527,-0.029722090601909668,0.3178188056552415,0.4884517199953356,0.675,violated
1980-08-31,0.023964563028463504,-0.034776009654995166,0.2966560114742745,0.3944283949132884,0.6368159203980099,violated
1980-09-30,0.030127542017734044,-0.007585047180494464,0.291912796756524,0.3725146613873133,0.6336633663366337,violated
1980-10-31,0.019667349708897275,-0.02194511160916035,0.2782155246576812,0.31129612962546144,0.6108374384236454,violated
1980-11-30,0.10547220096126875,-0.005371384225820619,0.2465362339740183,0.17090999845882082,0.5833333333333334,violated
1980-12-31,-0.03160211562179682,0.026458535764758206,0.20344859713605673,-0.01985452587434048,0.5609756097560976,violated
1981-01-31,-0.04001165601710921,-0.002846307638051271,0.19189976150907373,-0.07095125192860122,0.5533980582524272,violated
1981-02-28,0.017571334812943373,-0.029004165919154556,0.187079616991154,-0.09217750660051835,0.5314009661835749,violated
1981-03-31,0.04761913634085735,0.02700910899359399,0.19225541967438747,-0.06892231893137861,0.5576923076923077,violated
1981-04-30,-0.011134429765051634,-0.03734663482202483,0.2105150188020369,0.012698742321444188,0.569377990430622,violated
1981-05-31,0.013285490576652181,0.042377687747110926,0.22227495290090843,0.06525661019080486,0.580952380952381,violated
1981-06-30,-0.010215728011119363,-0.0063911502862638025,0.21215535444502154,0.019740486119717657,0.5687203791469194,violated
1981-07-31,-0.0021957553255321782,-0.02692719109791175,0.22027737187817206,0.05618872424672396,0.5801886792452831,violated
1981-08-31,-0.0579255372843227,-0.022422897644591044,0.2467477435648061,0.17526840380898137,0.6009389671361502,violated
1981-09-30,-0.059126858313110375,-0.007156126381161143,0.2423101087653743,0.15481819815350148,0.5934579439252337,violated
1981-10-31,0.0605177202234104,0.07174123388531406,0.20809985379514154,-0.0003371455669817233,0.5534883720930233,violated
1981-11-30,0.04402471169248057,0.08762685307633977,0.22039255405751745,0.0554169799355115,0.5787037037037037,violated
1981-12-31,-0.02776233581945553,-0.030639978858255534,0.23996501904520556,0.14426146646028462,0.5898617511520737,violated
1982-01-31,-0.02431837420955818,0.0035752050666635338,0.2911748800477393,0.37714545714703224,0.6559633027522935,violated
1982-02-28,-0.0490696786074033,0.015716278493959734,0.27635212992942715,0.30854516640394875,0.6301369863013698,violated
1982-03-31,-0.008694388524375096,0.005215531554724651,0.3415440938964437,0.6055982879821777,0.7045454545454546,violated
1982-04-30,0.043323646044650665,0.02721550334544287,0.298780845371517,0.40814471559661797,0.665158371040724,violated
1982-05-31,-0.029243850793024495,0.0189379581928224,0.23537034514429178,0.11613581865117945,0.5765765765765766,violated
1982-06-30,-0.021790300621317926,-0.023337695566702732,0.24128206600614263,0.14306879324294705,0.5829596412556054,violated
1982-07-31,-0.021347223917048352,0.050256275530363936,0.2824279148587279,0.33239576025103973,0.6339285714285714,violated
1982-08-31,0.11903254924889772,0.05728713211294889,0.42157600646368865,0.9725075509625948,0.8044444444444444,violated
1982-09-30,0.01721204985417657,0.07028637428592877,0.4320011547538069,1.0161867973986383,0.8097345132743363,violated
1982-10-31,0.11958773968838199,0.06765533697373849,0.5230063514898233,1.4279403700436442,0.8986784140969163,violated
1982-11-30,0.05334094397509137,0.0032912305560470756,0.5955546323480855,1.747334000299606,0.9736842105263158,violated
1982-12-31,0.01220772428774164,0.03455478653298805,0.6128101680229247,1.8095201306889401,0.9781659388646288,violated
1983-01-31,0.042029583276660176,-0.016606763289642945,0.5654519664767822,1.580646628745567,0.9478260869565217,violated
1983-02-28,0.03169049711084693,0.03946987289572834,0.596504467488511,1.7075667216000097,0.9696969696969697,violated
1983-03-31,0.03524072731402583,-0.010738462152768413,0.5688635437287719,1.570163310981912,0.9482758620689655,violated
1983-04-30,0.07468219946873855,0.028982561959276953,0.5631779613596014,1.5332618482282974,0.9356223175965666,violated
1983-05-31,0.011444197609836504,-0.02240728345234355,0.5565133701185443,1.4927608763238922,0.9230769230769231,violated
1983-06-30,0.037554512168677334,0.0008843273744512103,0.5361248293136471,1.3921913288590364,0.8893617021276595,violated
1983-07-31,-0.032633325657716816,-0.03501005490944609,0.5614079065080948,1.4953858932047892,0.9322033898305084,violated
1983-08-31,0.0021462882584804,-0.0012530370111778488,0.5322161869720478,1.356396001983807,0.8776371308016878,violated
1983-09-30,0.01732801703118092,0.04003592956763202,0.511066051385504,1.2549632446827816,0.8361344537815126,violated
1983-10-31,-0.02591953618304721,-0.007417248998256132,0.5005669159517852,1.2018710131351003,0.8242677824267782,violated
1983-11-30,0.028158960735311656,0.014938642012564562,0.5004469516582671,1.1952374441868,0.8208333333333333,violated
1983-12-31,-0.01142163397387308,-0.0005753384141097273,0.4762386849468384,1.082403303367504,0.8049792531120332,violated
1984-01-31,-0.011496868795982773,0.018080112239597046,0.46307775333377893,1.019429478037825,0.7975206611570248,violated
1984-02-29,-0.03951762390891489,-0.011188177987812242,0.5144303942708598,1.2417072816634815,0.8436213991769548,violated
1984-03-31,0.013252533521281862,-0.015331292641417527,0.5062720681981329,1.1993520383082925,0.8237704918032787,violated
1984-04-30,0.002917655525349172,-0.005225364352992479,0.5046200077072085,1.1861317377961986,0.8204081632653061,violated
1984-05-31,-0.050994065292685575,-0.0429151621799404,0.5844456845245327,1.5302866614904516,0.9552845528455285,violated
1984-06-30,0.026444678409168088,0.014806355197151122,0.5673613461189815,1.4454512777894826,0.9392712550607287,violated
1984-07-31,-0.01895883750198546,0.06012805090011186,0.5492146014591512,1.3573715024580124,0.8991935483870968,violated
1984-08-31,0.11231094048116885,0.017980449965327994,0.4506500457150201,0.9189648957544485,0.7550200803212851,violated
1984-09-30,0.0013806742649242754,0.026564598133536954,0.48180819748902926,1.0520522429320058,0.788,violated
1984-10-31,0.0007293428321017981,0.04825948242959521,0.2855939813885856,0.18566514970509873,0.5737051792828686,violated
1984-11-30,-0.011324323788216017,0.020393940929507748,0.285536011424212,0.18502935774137166,0.5714285714285714,violated
1984-12-31,0.02435583030924593,0.010777807570199194,0.2910562900594645,0.2090567917351716,0.5889328063241107,violated
1985-01-31,0.0864882242804732,0.031071469769889948,0.3781108664192209,0.5939140051172518,0.6929133858267716,violated
1985-02-28,0.01795987047660552,-0.03220105359240677,0.3372948626712972,0.4115522906757225,0.6352941176470588,violated
1985-03-31,-0.002100259295260587,0.024324705366809418,0.34745342973084203,0.4557028029773108,0.6484375,violated
1985-04-30,-0.0033780031043531,0.022998544247835984,0.29963556162316,0.24198577538277416,0.5992217898832685,violated
1985-05-31,0.057417800185787904,0.07664806119930812,0.3973963907773449,0.6767852734365297,0.7131782945736435,violated
1985-06-30,0.018726880117007738,0.009662365174470278,0.41498675847854544,0.7531611367505769,0.7258687258687259,violated
1985-07-31,-0.0007077139081235195,-0.009694960989996115,0.37001314761515985,0.550492958822162,0.6730769230769231,violated
1985-08-31,-0.00552778372682583,0.026169909293828564,0.35637975168238833,0.48823270868360175,0.6590038314176245,violated
1985-09-30,-0.039745756515611075,0.006025925484474115,0.3554473304739965,0.4829099535841475,0.6564885496183206,violated
1985-10-31,0.04701920453609487,0.026924782123577184,0.34802306048900494,0.44851370750767294,0.6387832699619772,violated
1985-11-30,0.07092411511334751,0.03302026385222945,0.37327516113664555,0.5607934129587671,0.6856060606060606,violated
1985-12-31,0.04508168948442193,0.044835987436999014,0.3859656493172149,0.6163887878035391,0.7056603773584905,violated
1986-01-31,0.013268814576275378,0.0026059428262394935,0.3900926432587356,0.6333415998498689,0.7142857142857143,violated
1986-02-28,0.0773212565486372,0.06902021467530317,0.4232312862534349,0.7807007962736681,0.7415730337078652,violated
1986-03-31,0.05522259850103017,0.056521929057043785,0.4524985461941147,0.9099094860954734,0.7686567164179104,violated
1986-04-30,-0.008601028042675818,0.006892726472309985,0.4537419540679363,0.9124104190937459,0.7695167286245354,violated
1986-05-31,0.050431230139164285,-0.037426825769401595,0.22581099547130287,-0.11856057481319004,0.4703703703703704,violated
1986-06-30,0.014691811416372103,0.05403633175756606,0.2079687011936926,-0.19904851106429633,0.43911439114391143,violated
1986-07-31,-0.05983564003965358,0.0069722541061341126,0.31349541374675133,0.279546306033848,0.5992647058823529,violated
1986-08-31,0.06506705276514424,0.033015060768870175,0.3788091722863199,0.5752074189413278,0.6886446886446886,violated
1986-09-30,-0.08165136988605437,-0.02756159238784306,0.48586050168543055,1.0585859721611968,0.8065693430656934,violated
1986-10-31,0.05110968020756568,0.013914372223506,0.5017229857946072,1.1261303028833831,0.8254545454545454,violated
1986-11-30,0.01558841171122527,0.018196498468995292,0.5089413558495901,1.154069026534263,0.8369565217391305,violated
1986-12-31,-0.02826566914664952,0.0007273169250860967,0.5234894420386368,1.2147615001442382,0.8700361010830325,violated
1987-01-31,0.12860712643711936,0.009028094029618794,0.4262830659260811,0.7708580351412796,0.7302158273381295,violated
1987-02-28,0.04755052241458091,0.004769819065149283,0.4338568708034024,0.8029217406061863,0.7419354838709677,violated
1987-03-31,0.020691551707087585,-0.015208768117627947,0.42921483899915663,0.7795546991615934,0.7285714285714285,violated
1987-04-30,-0.016736293752189768,-0.038809008706610415,0.46456676785241907,0.9373706322291462,0.7864768683274022,violated
1987-05-31,0.005204476777758593,-0.011252419014090687,0.4492754965078862,0.8650390181541462,0.75177304964539,violated
1987-06-30,0.043363426069580546,0.014358950852583874,0.44874354541895134,0.8599615125321505,0.7491166077738516,violated
1987-07-31,0.0430104671052125,-0.010444210321232439,0.41729604878502785,0.7147085057110132,0.704225352112676,violated
1987-08-31,0.03946784479717769,-0.014014972880305399,0.41716661314663656,0.7122292934538325,0.7017543859649122,violated
1987-09-30,-0.02146713672581224,-0.030413184975200847,0.4610820166157683,0.9098342917463822,0.7797202797202797,violated
1987-10-31,-0.22576076057536343,0.05501289414468946,0.056666930042701014,-0.9342830682674181,0.1951219512195122,under_test
1987-11-30,-0.0739581521205358,-0.00024701345205635494,0.04387184747630361,-0.9893216104224284,0.1840277777777778,under_test
1987-12-31,0.07283378517781514,0.017912586754758708,0.030183562941701606,-1.0480326106185698,0.17301038062283736,under_test
1988-01-31,0.04432240677555144,0.04363178559583725,0.053782951843441604,-0.9371847479271586,0.19310344827586207,under_test
1988-02-29,0.05182953945861013,0.013025797262492755,-0.02684907418150151,-1.2995252696017632,0.07903780068728522,under_test
1988-03-31,-0.018151584615964445,-0.018555875666204202,-0.07151419563662714,-1.4949840537433523,0.0547945205479452,under_test
1988-04-30,0.00979591986868078,-0.011976915882536576,-0.07074783120027653,-1.4833161936946029,0.05802047781569966,under_test
1988-05-31,0.0016443547416797877,-0.012879421317015916,-0.02770012177594254,-1.2818982616383625,0.08503401360544217,under_test
1988-06-30,0.05200239135815754,0.03180970238360881,-0.006216130439954344,-1.1795692626800327,0.12203389830508475,under_test
1988-07-31,-0.006562837648863895,-0.01148170109653146,0.007243975082050241,-1.1142701953540606,0.14189189189189189,under_test
1988-08-31,-0.026270529778786855,0.0003892756723000712,-0.042828455682757095,-1.3349973529239034,0.08080808080808081,under_test
1988-09-30,0.039662154415116335,0.03149337688468212,-0.09459763674677038,-1.5603239364648225,0.050335570469798654,under_test
1988-10-31,0.017828164469732677,0.021017081175396468,-0.10313153702115142,-1.5894011774079526,0.05016722408026756,intact
1988-11-30,-0.016384253496712686,-0.018458395271384487,-0.08991712315810531,-1.5213806928841014,0.056666666666666664,under_test
1988-12-31,0.02133283337570613,0.002572752465326955,-0.09178983042053035,-1.5213416425165882,0.05647840531561462,under_test
1989-01-31,0.06730081998817905,0.015366372527227945,-0.09832253483543518,-1.5419352566405478,0.052980132450331126,under_test
1989-02-28,-0.016677569416365223,-0.01219268556005182,-0.09189331739868806,-1.504979842907403,0.0594059405940594,under_test
1989-03-31,0.02234721118375349,0.009399358578579431,-0.0800754449270066,-1.4448058199814517,0.06907894736842106,under_test
1989-04-30,0.0491616640076058,0.024830373178631238,-0.08680863041703857,-1.4671668348042302,0.06885245901639345,under_test
1989-05-31,0.04250667377715933,0.03460970197991586,-0.05501033426989744,-1.3197443408097425,0.08823529411764706,under_test
1989-06-30,-0.007225304353477013,0.04004105479322284,-0.07511651030660427,-1.4022516547818709,0.0781758957654723,under_test
1989-07-31,0.07780876955467697,0.024974541217088975,-0.019216960267903833,-1.149905465155871,0.1331168831168831,under_test
1989-08-31,0.02125855702955115,-0.021152643937630833,-0.00897350608294139,-1.1005270635162965,0.15210355987055016,under_test
1989-09-30,-0.001303551685012505,0.0032609034644552892,-0.0459039990407865,-1.2589294698171434,0.1,under_test
1989-10-31,-0.030225602569040166,0.032475530522469764,0.46716922055015764,1.0097063393083592,0.8070739549839229,violated
1989-11-30,0.01671568297641901,0.011862109579721336,0.48268417870180913,1.0746738060515297,0.8173076923076923,violated
1989-12-31,0.01787310092868677,0.00028047850543089226,0.4850898986214996,1.0815540967498771,0.8178913738019169,violated
1990-01-31,-0.07175075074917336,-0.02527551420379559,0.5427853329964671,1.3309698356055926,0.910828025477707,violated
1990-02-28,0.016844301959684227,0.0011945625611304855,0.5411997029678133,1.3181905518487878,0.9079365079365079,violated
1990-03-31,0.024815631514449654,-0.0014407392617257209,0.5085924862881032,1.1698256291339102,0.8449367088607594,violated
1990-04-30,-0.027720017657784757,-0.017363513229239458,0.5460557370834678,1.3292747922094992,0.9116719242902208,violated
1990-05-31,0.09108382383378877,0.035834684102735714,0.5944979781511684,1.5345774858485846,0.9716981132075472,violated
1990-06-30,-0.004698503026446033,0.018023165722142354,0.5569741479299752,1.363419385968025,0.9341692789968652,violated
1990-07-31,-0.012647461277429328,0.01158480350656399,0.5391675955776393,1.2799136433694072,0.89375,violated
1990-08-31,-0.09440986795817974,-0.023571714245205766,0.6028016167205162,1.5507616388421106,0.9813084112149533,violated
1990-09-30,-0.05578449311641154,0.009232536873161612,0.5580402001465848,1.3488876082529306,0.9316770186335404,violated
1990-10-31,-0.012181705408501498,0.01844693494083116,0.5408240603713621,1.2684705058299248,0.8885448916408669,violated
1990-11-30,0.06988860899803839,0.032055852040249855,0.5684702397219318,1.3829438353979524,0.9475308641975309,violated
1990-12-31,0.030709137853887958,0.018190208366413607,0.5792410400998405,1.4232368578674444,0.9538461538461539,violated
1991-01-31,0.051366420182481276,0.009978581403351061,0.5744573947012744,1.3960449499338092,0.950920245398773,violated
1991-02-28,0.07771433532418692,0.006570892503501735,0.5274687829456061,1.1873547454019948,0.8532110091743119,violated
1991-03-31,0.030553036111206966,0.0044482303490174235,0.5203689047771329,1.1523935574817095,0.8384146341463414,violated
1991-04-30,0.001779498886878006,0.008980112880449198,0.5071026352520354,1.0911312784448597,0.8115501519756839,violated
1991-05-31,0.04084372031228023,0.004417239566812947,0.47899061833633955,0.9662443248234687,0.7696969696969697,violated
1991-06-30,-0.045499682638719174,-0.0051127662538233976,0.5642525264322796,1.3308205845844554,0.9335347432024169,violated
1991-07-31,0.046924922979947103,0.00984065371385956,0.5322650305321277,1.1877641314673741,0.8644578313253012,violated
1991-08-31,0.027776465023088504,0.03217460348853618,0.5893657464644033,1.4286580452705118,0.963963963963964,violated
1991-09-30,-0.011663598419568877,0.029767861500360926,0.5432166669260278,1.2243596689163874,0.8862275449101796,violated
1991-10-31,0.017344352800815477,0.006533271508333494,0.6295892050416565,1.5893718975729703,0.9970149253731343,violated
1991-11-30,-0.03810925725871528,0.011688891389852962,0.6054029105868741,1.4779753463021141,0.9791666666666666,violated
1991-12-31,0.11291977292009014,0.05312584357203365,0.6927211233250764,1.8418346843048485,1.0,violated
1992-01-31,-0.001725998317877786,-0.03478190832206085,0.592421855396626,1.405256505947982,0.9556213017751479,violated
1992-02-29,0.012665009994321519,0.00822626764882517,0.5964692846061664,1.4162699268545131,0.9646017699115044,violated
1992-03-31,-0.022379920890402527,-0.011581412127192214,0.6199302362552884,1.5092969825303568,0.9852941176470589,violated
1992-04-30,0.015083367850092122,0.0015196596144357866,0.6008839554068589,1.4216274926562829,0.9648093841642229,violated
1992-05-31,0.004842894432967482,0.02489426099417069,0.546128105020789,1.1840041225010414,0.8713450292397661,violated
1992-06-30,-0.021044618890071365,0.01940286376474143,0.5322936770554066,1.1213491684917958,0.8396501457725948,violated
1992-07-31,0.03998228212910493,0.035468904820614044,0.5478135175776675,1.183298457355576,0.877906976744186,violated
1992-08-31,-0.021642094512584253,0.012491757582612228,0.4365413789942317,0.7081105538147164,0.6869565217391305,violated
1992-09-30,0.01411023830011926,0.02315775663210018,0.4472175742314783,0.751882805641237,0.6907514450867052,violated
1992-10-31,0.012274853707918032,-0.024485965372377794,0.43990695817986686,0.7191462666434522,0.6887608069164265,violated
1992-11-30,0.04328603357677241,-0.005231999187316538,0.3643513822298485,0.3962157163947734,0.5833333333333334,violated
1992-12-31,0.01768550233856736,0.023477678461096385,0.3564946166760272,0.3620761447180458,0.5787965616045845,violated
1993-01-31,0.011301269134446956,0.02707381352167304,0.3545318582615426,0.35311615263757623,0.5714285714285714,violated
1993-02-28,0.0032502229274546934,0.03083805477549073,0.38163992835579985,0.4683587472223841,0.6210826210826211,violated
1993-03-31,0.025536059384755116,0.005367689002229614,0.38652334025374313,0.4884291974270024,0.625,violated
1993-04-30,-0.02827769616408149,0.003492941211284961,0.39394236085384726,0.5193270100481444,0.6345609065155807,violated
1993-05-31,0.030918971965689712,-0.0031520068395310963,0.3887290941984926,0.4960613419612675,0.6299435028248588,violated
1993-06-30,0.005248109783922317,0.031692122578995896,0.3373297509846173,0.2746411367266511,0.5380281690140845,violated
1993-07-31,-0.0014079999045131242,0.002617672799487547,0.3608076680510863,0.37512121366795614,0.5786516853932584,violated
1993-08-31,0.03933444281784282,0.03342898108721326,0.37364684434862105,0.4297522486251543,0.5994397759103641,violated
1993-09-30,0.000762007382230756,0.008130904731225685,0.4145924039354084,0.6052974620756397,0.6508379888268156,violated
1993-10-31,0.0163994587181171,0.001959214577420987,0.41184273038658725,0.5923046036438163,0.6462395543175488,violated
1993-11-30,-0.016321353716719167,-0.024688349525803344,0.47460596438425645,0.8615567499505721,0.7444444444444445,violated
1993-12-31,0.018764699759554526,0.005015290746592571,0.2547459896867544,-0.08917676053494787,0.4487534626038781,violated
1994-01-31,0.030799269567427068,0.0140959875150517,0.23860275310372245,-0.15886512835357403,0.4281767955801105,violated
1994-02-28,-0.023783275263951187,-0.02781543297401512,0.33754290099954976,0.26980645649951834,0.5344352617079889,violated
1994-03-31,-0.04550121506025462,-0.03722656907517219,0.4469923977277088,0.7434716224485564,0.7005494505494505,violated
1994-04-30,0.008614032601085952,-0.014888391359589193,0.438840379351377,0.7065975425330814,0.6958904109589041,violated
1994-05-31,0.007976965478654785,-0.0016974958584926592,0.44785978917196534,0.744229292058308,0.7049180327868853,violated
1994-06-30,-0.02817070492714091,-0.005390850974910211,0.5100493331051176,1.0119851851685608,0.7983651226158038,violated
1994-07-31,0.0299796775473391,0.02086234633671258,0.47972682116856635,0.877951412319938,0.7527173913043478,violated
1994-08-31,0.04486588979232642,0.0017609028711296215,0.48767719995904524,0.91028597329601,0.7642276422764228,violated
1994-09-30,-0.01893721198112419,-0.022527173340467943,0.5200397268433224,1.0481657572293481,0.8162162162162162,violated
1994-10-31,0.017577801083425992,-0.006461765291160271,0.540657315919432,1.13438266859283,0.8598382749326146,violated
1994-11-30,-0.03600706260502795,-0.00033226772677352745,0.5721573680652545,1.2669585337060072,0.9327956989247311,violated
1994-12-31,0.012752575349401774,0.01113963356822567,0.5678866295537153,1.2441208538307615,0.9222520107238605,violated
1995-01-31,0.02199059491222566,0.022281176134689717,0.5875448172319963,1.3245995021269474,0.946524064171123,violated
1995-02-28,0.040049650766039724,0.031625684313959956,0.6606415753992402,1.633717269711741,0.9973333333333333,violated
1995-03-31,0.026746985801441525,0.007900000418737285,0.663643333267598,1.638613846001957,0.9973404255319149,violated
1995-04-30,0.025004785594570755,0.014283295059178913,0.7022490569634183,1.7952212829665062,1.0,violated
1995-05-31,0.03346499163785577,0.0612264495231063,0.7136839165507052,1.8337777087244431,1.0,violated
1995-06-30,0.031378355713833184,0.011689875123424676,0.7445434414193611,1.953706764498519,1.0,violated
1995-07-31,0.04118315572111109,-0.012081190739470227,0.6787508521936246,1.6639878908691281,0.9894736842105263,violated
1995-08-31,0.010150564478010882,0.018083119339236564,0.6503975762632588,1.536180329744424,0.9816272965879265,violated
1995-09-30,0.03759307064923112,0.012797447036957177,0.6596086706311755,1.5682548789412045,0.981675392670157,violated
1995-10-31,-0.010659160191797135,0.015185944938372442,0.6273891359298265,1.4256066608986009,0.9686684073107049,violated
1995-11-30,0.04387170130746698,0.02482130101121971,0.6219484044359237,1.397103835959061,0.9661458333333334,violated
1995-12-31,0.014290648087882829,0.017878118704553136,0.6199178619169611,1.383226816955114,0.9584415584415584,violated
1996-01-31,0.027227339981728216,0.003174797331626289,0.6094056936800416,1.3338780329094246,0.9481865284974094,violated
1996-02-29,0.017185920198901528,-0.03347378232105558,0.5125958301058415,0.9221126221067572,0.772609819121447,violated
1996-03-31,0.01155038285430754,-0.009910734790702036,0.38255492869775015,0.37132534028817366,0.5798969072164949,violated
1996-04-30,0.024862806831873474,-0.0002382769033328902,0.3667280899553661,0.30385584885187644,0.5449871465295629,violated
1996-05-31,0.027908897366142105,-0.007377533676756087,0.33949142942967964,0.1880959033972695,0.5,violated
1996-06-30,-0.007311560827986341,0.013851849109217662,0.28168294275478156,-0.057300300562018874,0.43478260869565216,violated
1996-07-31,-0.055224287600925126,0.001008370242346901,0.2586521962413267,-0.1550175874699058,0.42091836734693877,violated
1996-08-31,0.0319946450900217,-0.005331930840518417,0.25774299117543653,-0.15868121225476836,0.4198473282442748,violated
1996-09-30,0.05421571937798131,0.022234200885228095,0.21508368161525063,-0.3400270702018713,0.3730964467005076,violated
1996-10-31,0.012939168719519722,0.030696704305377853,0.20065120020710492,-0.4010226689098309,0.3594936708860759,violated
1996-11-30,0.06663593263666057,0.027158234413708682,0.21685684934829658,-0.3313332180286425,0.37626262626262624,violated
1996-12-31,-0.01273150594030592,-0.02100201531788559,0.293531316233293,-0.0034313933577847225,0.46851385390428213,violated
1997-01-31,0.05459444943543512,-0.0016254143457893333,0.2524542753682824,-0.17908701910448263,0.41457286432160806,violated
1997-02-28,-0.0011880310087128976,0.00268702821449196,0.2338560181314666,-0.2584746553281865,0.39348370927318294,violated
1997-03-31,-0.04660117847014089,-0.01957414047967221,0.33016137296224424,0.15468572643117076,0.5025,violated
1997-04-30,0.044976894736319384,0.020017656830491948,0.3441624132028464,0.21457433600431408,0.516209476309227,violated
1997-05-31,0.07148320781288042,0.00908975046696514,0.34512586357155783,0.21843507672161108,0.5199004975124378,violated
1997-06-30,0.045316617748608845,0.0167326464957529,0.35659324973558404,0.26747729653636815,0.5483870967741935,violated
1997-07-31,0.07737999360647518,0.04112959790295001,0.4822624305971512,0.8077890621647725,0.7301980198019802,violated
1997-08-31,-0.03715312405839666,-0.01758675715084057,0.5433036745899469,1.0683163296518847,0.8469135802469135,violated
1997-09-30,0.05764034716655764,0.021037464574257703,0.555690705978339,1.1186354140255788,0.8694581280788177,violated
1997-10-31,-0.03349141108717835,0.02575741370717677,0.48182593628909814,0.7984919567802635,0.7248157248157249,violated
1997-11-30,0.0334964217713527,0.002729624434675504,0.46433465436761723,0.7216815129216111,0.7034313725490197,violated
1997-12-31,0.018021822621947514,0.013143811366377767,0.47077744965132223,0.7480646699621378,0.7090464547677262,violated
1998-01-31,0.005487381274164926,0.02069445054051333,0.45186079353265535,0.665188315918077,0.6780487804878049,violated
1998-02-28,0.07417468545405859,-0.002486377926215977,0.43965559279259603,0.6114127672220964,0.6593673965936739,violated
1998-03-31,0.0521308427610665,0.0012112680348168592,0.4182626799295328,0.5180813164023989,0.6262135922330098,violated
1998-04-30,0.011674567577514505,0.003901405904869648,0.4235898126647389,0.5402979840350035,0.6319612590799032,violated
1998-05-31,-0.02664257280053095,0.013380202285286469,0.4105603066915451,0.4831210336733069,0.6038647342995169,violated
1998-06-30,0.036450024908512235,0.013749637859333141,0.42757189691461894,0.5560226541908847,0.636144578313253,violated
1998-07-31,-0.019869607606443185,0.00030209751240128924,0.43544981659647247,0.5892624976604552,0.6490384615384616,violated
1998-08-31,-0.15664914547640885,0.038888108529643084,0.059911173205302634,-1.039495770721982,0.19424460431654678,under_test
1998-09-30,0.06590261953574483,0.05221494842441454,0.12371883224454372,-0.7608991144692132,0.2583732057416268,violated
1998-10-31,0.0736541044526473,-0.01203483608041822,0.06863179328012531,-0.997911858376822,0.20047732696897375,under_test
1998-11-30,0.06488489668822539,-0.004147071557080828,0.006883269124357198,-1.2623421477447883,0.13095238095238096,under_test
1998-12-31,0.06575339512671752,0.010975920198720734,-0.0360469691041108,-1.443456047560687,0.08788598574821853,under_test
1999-01-31,0.03889597411007073,0.0027206163121367144,-0.024473640081995523,-1.3884166154467859,0.0947867298578199,under_test
1999-02-28,-0.03713762427546741,-0.043344346176941384,0.08942140970992243,-0.8930909925927885,0.22695035460992907,under_test
1999-03-31,0.03943595530016397,0.007734808524906489,0.01526249029060214,-1.2109040445959087,0.1509433962264151,under_test
1999-04-30,0.04757300157875566,-0.009205393542168205,-0.011859782777582284,-1.3240548609722498,0.11764705882352941,under_test
1999-05-31,-0.020567663397813907,-0.016337208940691017,0.02684643125356105,-1.1534044456155796,0.17136150234741784,under_test
1999-06-30,0.0525248212505256,-0.0073763893983659345,-0.0010416241721200833,-1.27012184273944,0.13114754098360656,under_test
1999-07-31,-0.030714354924335607,-0.003226814496517294,-0.07109998138470165,-1.5665585878920818,0.06074766355140187,under_test
1999-08-31,-0.009367924151820861,0.0007270071844380777,-0.12228839427491675,-1.77871726423133,0.03496503496503497,intact
1999-09-30,-0.02346175540344919,0.010700272921792875,-0.16330221098732706,-1.9443172353664937,0.03255813953488372,intact
1999-10-31,0.06549109563767153,-0.0038823672822543287,-0.138645464602408,-1.8292419179790167,0.037122969837587005,intact
1999-11-30,0.03810033415999303,-0.006720685253789771,-0.14638947985750547,-1.852778365025742,0.037037037037037035,intact
1999-12-31,0.08187217441926542,-0.013664560518738322,-0.18483995928303742,-2.0050571439174756,0.03002309468822171,intact
2000-01-31,-0.04334705304786224,-0.010884883400616108,-0.13762701121487378,-1.7955538129494455,0.04377880184331797,intact
2000-02-29,0.028515271522756347,0.023627644946998094,-0.11663570938633142,-1.6989069457684232,0.04827586206896552,intact
2000-03-31,0.056547668824635355,0.034081720427233675,-0.05785807274810094,-1.445099838875147,0.08256880733944955,under_test
2000-04-30,-0.05991089507421232,-0.009891669774427458,-0.01789326053110091,-1.272410392009391,0.12356979405034325,under_test
2000-05-31,-0.039448477770173684,0.0012748401272950627,0.0011455714329897415,-1.1887366435941282,0.1552511415525114,under_test
2000-06-30,0.050441709319413164,0.02419722334614005,0.021220712848971077,-1.1012309797181723,0.17995444191343962,under_test
2000-07-31,-0.020475814831186545,0.004038712619876428,0.016552921865390875,-1.1180542260508761,0.17727272727272728,under_test
2000-08-31,0.07502758156396783,0.028190146909751856,0.39430246582246936,0.4745758227484344,0.6167800453514739,violated
2000-09-30,-0.04854211701313349,-0.0005398397417694101,0.3358700778534838,0.22762894434354325,0.5113122171945701,violated
2000-10-31,-0.02123133058825899,0.006973250730572866,0.37308026688294527,0.38438523598361335,0.5756207674943566,violated
2000-11-30,-0.10288016654874188,0.02643000571440579,0.20134848389623053,-0.34164321717703605,0.3761261261261261,violated
2000-12-31,0.018018411109759214,0.03154322356992689,0.18896757372282674,-0.3935582699910933,0.36404494382022473,violated
2001-01-31,0.03908950868364203,-0.0011821922272674534,0.18240127275315732,-0.420833636155589,0.3542600896860987,violated
2001-02-28,-0.09651545003112694,0.024545316034416897,-0.012480336545253585,-1.2440320889062157,0.1319910514541387,under_test
2001-03-31,-0.068234516063987,0.003418188970370606,-0.007641623142776847,-1.2201125693922514,0.140625,under_test
2001-04-30,0.08347384825556037,-0.027397049067763413,-0.10064200499953288,-1.607729831100354,0.051224944320712694,intact
2001-05-31,0.008745032782249584,-0.0013648997253516981,-0.12869486596336,-1.718779378424005,0.044444444444444446,intact
2001-06-30,-0.017382537609804904,0.005106225328887604,-0.09825519780884652,-1.5841005200189602,0.057649667405764965,under_test
2001-07-31,-0.018926441252035464,0.03108154816195996,-0.12903012774816724,-1.7063300861020865,0.04424778761061947,intact
2001-08-31,-0.06201962217103574,0.02141531322141743,-0.1638158917029119,-1.8435587395092647,0.033112582781456956,intact
2001-09-30,-0.08946269025824016,0.0011791234914915183,-0.12823787447826313,-1.6871705396210113,0.05066079295154185,intact
2001-10-31,0.027085589800386112,0.027777115155542154,-0.06138701299100251,-1.4028224077397,0.09230769230769231,under_test
2001-11-30,0.07771394585290703,-0.03340934714843069,-0.16379459180290695,-1.8221971093471274,0.03508771929824561,intact
2001-12-31,0.017930673915165674,-0.01814262092814689,-0.11870544756881983,-1.6276571039191048,0.05689277899343545,intact
2002-01-31,-0.01224482003107008,0.004111352959445647,-0.14934698859430498,-1.7473892782766192,0.04148471615720524,intact
2002-02-28,-0.02112434523088491,0.018286529628255943,-0.18020043594805948,-1.866312926694277,0.030501089324618737,intact
2002-03-31,0.04470237564735746,-0.03599892305895491,-0.33347110136219754,-2.481455190960479,0.006521739130434782,intact
2002-04-30,-0.05001024251477071,0.028159323692752647,-0.3982977487647768,-2.7231448914803615,0.0021691973969631237,intact
2002-05-31,-0.011304402351346998,0.006716626735870479,-0.4088651751889277,-2.7407082009880255,0.0021645021645021645,intact
2002-06-30,-0.07044691998548192,0.02077648004969701,-0.4853500564760778,-3.017661760412767,0.0021598272138228943,intact
2002-07-31,-0.07967275049503197,0.03144762429318049,-0.5165111912972645,-3.1066936552493396,0.0021551724137931034,intact
2002-08-31,0.007255830818829079,0.03320507416602969,-0.5892622385616821,-3.3515981585154577,0.002150537634408602,intact
2002-09-30,-0.10144293554840034,0.04505707668981862,-0.6480875727270659,-3.5311823910738025,0.002145922746781116,intact
2002-10-31,0.08077761993764199,-0.020889831773918344,-0.6811248292370808,-3.6044239482981184,0.0021413276231263384,intact
2002-11-30,0.061849656401648634,-0.020116805561010365,-0.6945309476759128,-3.600858488049708,0.002136752136752137,intact
2002-12-31,-0.05556375257994095,0.03512507034833545,-0.7456074282184412,-3.7334929035395215,0.0021321961620469083,intact
2003-01-31,-0.026013612512402084,-0.01043378703316733,-0.7306674677530426,-3.6218770671250984,0.00425531914893617,intact
2003-02-28,-0.018690698963995556,0.026678780408197156,-0.7188619708727267,-3.526804867843135,0.006369426751592357,intact
2003-03-31,0.010993689516537009,-0.0066702273662706535,-0.7461927184592011,-3.573039003274549,0.00211864406779661,intact
2003-04-30,0.08197497791116315,-0.001613762549997122,-0.6969157484702935,-3.3514400112169205,0.010570824524312896,intact
2003-05-31,0.060286681100548245,0.04644498078236703,-0.552447873557601,-2.8104567639021565,0.02109704641350211,intact
2003-06-30,0.014099444628222324,-0.011351282394119533,-0.5580808349890808,-2.803789386379452,0.021052631578947368,intact
2003-07-31,0.023276915297945955,-0.07028449859318497,-0.5207460043237858,-2.6501906691779213,0.025210084033613446,intact
2003-08-31,0.023264301543842292,0.006651866238860604,-0.5063471197514373,-2.579043676339766,0.029350104821802937,intact
2003-09-30,-0.012291461427673234,0.04314978545265857,-0.5452402132425099,-2.6902440949748367,0.02510460251046025,intact
2003-10-31,0.0609492313110056,-0.025507854942232178,-0.5909266488721479,-2.820666070740181,0.018789144050104383,intact
2003-11-30,0.013581219075098572,0.0021798139872193367,-0.5567393839075868,-2.6806946762349835,0.025,intact
2003-12-31,0.042804986969559033,0.00920204888701881,-0.5429076865004666,-2.6122140913088754,0.031185031185031187,intact
2004-01-31,0.02157958603578569,0.011947588596661118,-0.5404871778817429,-2.5832077009542793,0.03319502074688797,intact
2004-02-29,0.0139419646227108,0.016744625512823186,-0.5319179280221827,-2.5347359604564015,0.035196687370600416,intact
2004-03-31,-0.013357697685007386,0.013939108373464792,-0.5138362046933237,-2.456381512880245,0.04132231404958678,intact
2004-04-30,-0.018382722890085024,-0.04848110531200456,-0.4157771029400743,-2.1190708095902413,0.04742268041237113,intact
2004-05-31,0.011892449999799215,-0.006421533121555467,-0.4169353547624219,-2.1109324356621,0.047325102880658436,intact
2004-06-30,0.018457454672866636,0.006964342039654792,-0.40320424820421097,-2.0546054959758324,0.053388090349075976,intact
2004-07-31,-0.04072601700035949,0.013087769017092077,-0.36540539708085074,-1.9212567825046671,0.06147540983606557,intact
2004-08-31,0.002710814615909385,0.033380000315532454,-0.36984171279345995,-1.926415576229604,0.05930470347648262,intact
2004-09-30,0.0180921795782385,0.0025651675455917733,-0.2519480794331453,-1.5364048029108566,0.06938775510204082,intact
2004-10-31,0.01631411619282952,0.010424792497813362,-0.20022662199304359,-1.3638713050740874,0.0835030549898167,intact
2004-11-30,0.04768497492550394,-0.02109298919015623,-0.19005454310282843,-1.327012267006859,0.08943089430894309,intact
2004-12-31,0.03658372189513326,0.013174307822034104,-0.07490966662972391,-0.9505812567161025,0.15212981744421908,under_test
2005-01-31,-0.025733050101376942,0.011327398382306342,-0.12726804723838797,-1.1183734581764195,0.1214574898785425,intact
2005-02-28,0.020667098662461525,-0.014219154910894982,-0.08483741928274693,-0.978419815035156,0.14747474747474748,under_test
2005-03-31,-0.01743888664057347,-0.00710338301247293,-0.06809492690945193,-0.9222345508231411,0.16532258064516128,under_test
2005-04-30,-0.02401759794774283,0.02672633525818413,-0.11582501644383716,-1.075175201813019,0.12877263581488935,intact
2005-05-31,0.038776377462153455,0.020355542366129464,-0.2418280561367773,-1.4802670309338555,0.07028112449799197,intact
2005-06-30,0.008052099688411918,0.008266371789747984,-0.24175220487264842,-1.4752988351595078,0.07214428857715431,intact
2005-07-31,0.041281437254030884,-0.0235804593341441,-0.2835155030653944,-1.6050448351051618,0.066,intact
2005-08-31,-0.009622338172063705,0.0247987295246046,-0.3103308269456211,-1.6854185552152434,0.0658682634730539,intact
2005-09-30,0.006687226115729361,-0.021719191393708703,-0.24449317770442894,-1.4678721960179408,0.07370517928286853,intact
2005-10-31,-0.018409456191054274,-0.014397561472340503,-0.08940972957740424,-0.9650794961456222,0.1550695825049702,under_test
2005-11-30,0.03820857817473122,0.009823987553331026,-0.06785743193546001,-0.8938596269898402,0.17857142857142858,under_test
2005-12-31,0.0018666948490801971,0.011572436960878285,-0.09498607816131477,-0.9796049157886366,0.14653465346534653,under_test
2006-01-31,0.03450356327339965,-0.007453803383630775,-0.13020891182833708,-1.0910430691659703,0.1225296442687747,intact
2006-02-28,0.0009641472116774796,0.0018670934868463274,-0.14035392953424755,-1.1213109739294271,0.11834319526627218,intact
2006-03-31,0.01928975461415461,-0.01949544683817095,-0.13614649108201193,-1.1052971212928675,0.12401574803149606,intact
2006-04-30,0.011170968555689331,-0.012207934324720449,-0.3194451703985562,-1.6907017187149742,0.06483300589390963,intact
2006-05-31,-0.03132414907407999,0.0006390689202075972,-0.29402722458155395,-1.6031348016599274,0.06862745098039216,intact
2006-06-30,0.0008725200316519466,0.002151250073431532,-0.3007834476830801,-1.6191030022839255,0.0684931506849315,intact
2006-07-31,-0.0036710042824816824,0.01626096603796845,-0.28290303937351113,-1.5564239065909893,0.07421875,intact
2006-08-31,0.02510521073857852,0.023860387638756198,-0.22706509952215112,-1.3733953332543194,0.08966861598440545,intact
2006-09-30,0.022141866921863818,0.011513825260007327,-0.21142238360035653,-1.3197164256453784,0.0933852140077821,intact
2006-10-31,0.036473416236877165,0.006247797199558036,-0.20022482406329914,-1.2805522118061128,0.1029126213592233,intact
2006-11-30,0.021168917905283857,0.015596203433257516,-0.08926650939029898,-0.9236905000779958,0.1744186046511628,under_test
2006-12-31,0.012486083931399605,-0.015728211808616166,-0.13346073813784798,-1.0629879373231739,0.13733075435203096,intact
2007-01-31,0.017907278689145212,-0.00777443114237808,-0.10718397103312695,-0.9770214487524118,0.15637065637065636,intact
2007-02-28,-0.015902817911137124,0.024674946205603288,-0.15278743308087694,-1.1205712676672561,0.1252408477842004,intact
2007-03-31,0.011461619753012187,-0.0030306174752167125,-0.1980624788046884,-1.2623160848785255,0.10576923076923077,intact
2007-04-30,0.03894733487465052,0.011493266811258618,-0.058330038118922574,-0.8140488874403258,0.2072936660268714,under_test
2007-05-31,0.03657235759045552,-0.016528754694277836,-0.1908894789377673,-1.2352069130672303,0.10727969348659004,intact
2007-06-30,-0.015283477197086226,-0.005718252872628171,-0.15439071699737755,-1.1160746855055153,0.12810707456978968,intact
2007-07-31,-0.03320498856793863,0.02346326486824668,-0.1731840023058827,-1.1734921765799635,0.1183206106870229,intact
2007-08-31,0.014174633610767762,0.023049058337067274,-0.10520774085717446,-0.9544840371833508,0.1657142857142857,intact
2007-09-30,0.03623150271614484,-0.0005689720060230163,-0.13383533800849248,-1.0439113923903494,0.1444866920152091,intact
2007-10-31,0.020453113577809656,0.012538553063064617,-0.2155714337232834,-1.301813164276069,0.09108159392789374,intact
2007-11-30,-0.04376333699638524,0.04450586630242426,-0.4363330158035977,-1.9974247786987427,0.043560606060606064,intact
2007-12-31,-0.006658820935939058,-0.002555150995464106,-0.4120773695374175,-1.9116961045368084,0.04914933837429111,intact
2008-01-31,-0.06133282693434383,0.033370538098569824,-0.48894956153872543,-2.144480245692804,0.04150943396226415,intact
2008-02-29,-0.02886451509587129,0.014265084619955903,-0.49652224914357834,-2.156869795153067,0.04143126177024482,intact
2008-03-31,-0.007559275561215939,0.009135699798199948,-0.487102287787374,-2.1161558785823074,0.045112781954887216,intact
2008-04-30,0.04847739690502051,-0.022860918236099814,-0.5549874985253967,-2.3156680561701597,0.024390243902439025,intact
2008-05-31,0.020856956291909423,-0.02004760304647235,-0.6024076716922608,-2.4479646618352082,0.016853932584269662,intact
2008-06-30,-0.08214754086406018,0.008924503493919822,-0.5194457661739836,-2.1775835424759595,0.03925233644859813,intact
2008-07-31,-0.005215801213432902,0.0033732415078215894,-0.5149973124277916,-2.1523539524078332,0.04291044776119403,intact
2008-08-31,0.01763745573171338,0.016181886978043902,-0.5443835140721566,-2.230780359803042,0.03165735567970205,intact
2008-09-30,-0.09162368674990229,0.0010018868076204779,-0.44860778076208346,-1.9269235981117974,0.05762081784386617,intact
2008-10-31,-0.17206216016541775,-0.009820566140469555,-0.20167576202950976,-1.1648178514880616,0.11688311688311688,intact
2008-11-30,-0.07720512888384912,0.09543972710386717,-0.3325997113834354,-1.5623924514332628,0.08148148148148149,intact
2008-12-31,0.017634697343198447,0.062461572665603704,-0.23542515155265334,-1.2609597249239337,0.10536044362292052,intact
2009-01-31,-0.08141258075540925,-0.05070093743568049,-0.07972318496610586,-0.7819311170927823,0.2177121771217712,under_test
2009-02-28,-0.10129966946822899,-0.010878998468575207,-0.0339980610326328,-0.6407128753035015,0.2596685082872928,under_test
2009-03-31,0.0897559498899545,0.028640314255161226,0.0297777880309577,-0.4443128093404071,0.34191176470588236,under_test
2009-04-30,0.10177907223469584,-0.035325444867124745,-0.09288490667692631,-0.8201339765085388,0.2018348623853211,under_test
2009-05-31,0.05201143472974401,-0.023158976967881162,-0.109143077040979,-0.8687299095462272,0.18681318681318682,intact
2009-06-30,0.004310993243388239,-0.002038789101764027,-0.1133804572978756,-0.8803315690298048,0.18647166361974407,intact
2009-07-31,0.07757818981763509,0.0036930120959486334,-0.11088854417351592,-0.8712640710777368,0.18795620437956204,intact
2009-08-31,0.03329355453102112,0.012798925967548058,-0.11374014770827691,-0.8786175811108167,0.18579234972677597,intact
2009-09-30,0.04072976683897256,0.010257097968911388,-0.10304849928242758,-0.844394327911584,0.19818181818181818,intact
2009-10-31,-0.025641588687282058,-0.005631363259120059,-0.10270479359058657,-0.8420277511674551,0.1996370235934664,intact
2009-11-30,0.05660871658606048,0.01933752532246591,-0.058510099537667115,-0.7049813633061226,0.2463768115942029,under_test
2009-12-31,0.027995131119403327,-0.04839759580672076,-0.0909022410222647,-0.8035743397454705,0.21518987341772153,under_test
2010-01-31,-0.03359390574379251,0.020847680929104717,-0.06934848727038818,-0.7361261503037975,0.24007220216606498,under_test
2010-02-28,0.034086340698623596,0.004349535657185877,-0.06258435255992706,-0.7142992181239111,0.24684684684684685,under_test
2010-03-31,0.06303028201685756,-0.015261152928606303,-0.08216258719862064,-0.7735712758287585,0.22482014388489208,under_test
2010-04-30,0.02007269491161323,0.021150289192131355,-0.051486060424150784,-0.6780306733580669,0.2585278276481149,under_test
2010-05-31,-0.07905640380258316,0.034411379275646636,-0.08251890623459039,-0.772719882544153,0.22401433691756273,under_test
2010-06-30,-0.0558587863636667,0.031680015877474155,-0.10411583085811119,-0.838133831788746,0.19320214669051877,intact
2010-07-31,0.06937932653461965,0.004976169544139486,-0.10463000329596191,-0.8384446589442118,0.19285714285714287,intact
2010-08-31,-0.047592236654297904,0.04350095589342984,-0.13460178989464605,-0.9295008760634552,0.1622103386809269,intact
2010-09-30,0.09521930819969793,-0.0031702179500193717,-0.1651390168324055,-1.021999207707024,0.14056939501779359,intact
2010-10-31,0.038754945513557404,-0.006703653112797858,-0.27151126698189404,-1.3473013054130862,0.09236234458259325,intact
2010-11-30,0.006224545713521934,-0.01339689928529808,-0.11471920440235552,-0.8618407314198056,0.18617021276595744,intact
2010-12-31,0.06810728277208278,-0.03805797421000623,-0.17658663755249404,-1.050949134120259,0.13805309734513274,intact
2011-01-31,0.020307173769272158,-0.00736173002857865,-0.3810438032507416,-1.6766564101078574,0.06890459363957598,intact
2011-02-28,0.03497264895009322,0.0026064204892983778,-0.4954291053787302,-2.020198098282105,0.04938271604938271,intact
2011-03-31,0.00443870388790768,-0.001127875739956763,-0.5962922298248188,-2.3172026297021655,0.017605633802816902,intact
2011-04-30,0.02936808190405471,0.015232336738122632,-0.5343749061182026,-2.1172768028408555,0.03690685413005272,intact
2011-05-31,-0.012854215562990268,0.02553605040233875,-0.5351833401928933,-2.1095750832109266,0.03684210526315789,intact
2011-06-30,-0.017456818554126396,-0.00841515078002697,-0.508685938345663,-2.0198614906058423,0.050788091068301226,intact
2011-07-31,-0.023522024980750733,0.03324618504610899,-0.5493540018981771,-2.1328861404268027,0.02972027972027972,intact
2011-08-31,-0.05948608971206504,0.05433317385403291,-0.615615353358506,-2.320359832684089,0.015706806282722512,intact
2011-09-30,-0.07596771483395359,0.02942090801246855,-0.6401684528801718,-2.38041593455164,0.0156794425087108,intact
2011-10-31,0.1134497947204891,-0.020661256017046825,-0.6882973259216473,-2.5088246183265914,0.01217391304347826,intact
2011-11-30,-0.0025296973127025835,0.009491477135624038,-0.7219790983474692,-2.5919124100160866,0.006944444444444444,intact
2011-12-31,0.007702684594341536,0.018701048325004077,-0.7763192922451769,-2.7331739925061003,0.0017331022530329288,intact
2012-01-31,0.05048616866576694,0.006901250227169253,-0.7674685791070577,-2.6876548755069654,0.0034602076124567475,intact
2012-02-29,0.04395283876860345,-0.011933132965937676,-0.7714838353540211,-2.6802907654614567,0.0034542314335060447,intact
2012-03-31,0.031023743984862184,-0.020224349868744218,-0.7527033799895523,-2.6076285741407594,0.006896551724137931,intact
2012-04-30,-0.008369016798931206,0.015953345119945173,-0.764645854470284,-2.624360323968439,0.0068846815834767644,intact
2012-05-31,-0.06162887977180742,0.03466983177460192,-0.7656894263145261,-2.609669644513194,0.006872852233676976,intact
2012-06-30,0.03900059273934353,-0.0060501010892437534,-0.7549445428192496,-2.561915731898604,0.010291595197255575,intact
2012-07-31,0.008029238714679643,0.01594741024945656,-0.7729219415818043,-2.5960534114903173,0.003424657534246575,intact
2012-08-31,0.025317463390766903,-0.004058424178645992,-0.7528416045888868,-2.5227248978078887,0.013675213675213675,intact
2012-09-30,0.02722988076167443,-0.006067830333950752,-0.783398083353889,-2.5922166149833523,0.0017064846416382253,intact
2012-10-31,-0.017698800626646638,-0.008635845103667106,-0.746837710630629,-2.4737636522321695,0.018739352640545145,intact
2012-11-30,0.0077550642650643375,0.010415597846735514,-0.7625312399087124,-2.5022929828876177,0.013605442176870748,intact
2012-12-31,0.011979988040155876,-0.013131890462109164,-0.7245592728733946,-2.3823306872631864,0.027164685908319185,intact
2013-01-31,0.055528719840945095,-0.019828266543948536,-0.7425571342885403,-2.4183510378307354,0.025423728813559324,intact
2013-02-28,0.01252449554290136,0.013188557571902404,-0.7408304700930783,-2.3996985314241788,0.02707275803722504,intact
2013-03-31,0.04023926514994747,0.0033161936759273924,-0.741460146307829,-2.387793014734612,0.02702702702702703,intact
2013-04-30,0.015582318779649773,0.017004099607022427,-0.7490234305860247,-2.3948964241501636,0.02023608768971332,intact
2013-05-31,0.02802433912559099,-0.03894213904089894,-0.7098379966627724,-2.2754301578171647,0.03872053872053872,intact
2013-06-30,-0.012126692479816348,-0.029437510000351774,-0.6624569391252441,-2.1358105785571384,0.047058823529411764,intact
2013-07-31,0.056666477320144626,-0.0048122082452950465,-0.6460952477932299,-2.0818182999324244,0.050335570469798654,intact
2013-08-31,-0.02727446238289366,-0.013154971359152223,-0.5155661878252699,-1.721239340099969,0.08710217755443886,intact
2013-09-30,0.03748583153041052,0.014255445494965047,-0.39117022365147625,-1.3802714157541784,0.11705685618729098,intact
2013-10-31,0.041777833328197955,0.008319494141876937,-0.29848652421166333,-1.1267854507123738,0.1352253756260434,intact
2013-11-30,0.03119940978483915,-0.013465372531830888,-0.2956532758937531,-1.1170053100638373,0.13666666666666666,intact
2013-12-31,0.028026032258661626,-0.022063510236098094,-0.2921230374182235,-1.1053866753957209,0.13976705490848584,intact
2014-01-31,-0.03316936970881823,0.03444589752331684,-0.42765326166224354,-1.4688263131220574,0.10631229235880399,intact
2014-02-28,0.04676481644975383,0.0028605744529883737,-0.3950217081450055,-1.3771537373266056,0.11774461028192372,intact
2014-03-31,0.004117027421991937,-0.0038207057077931372,-0.3786526072093954,-1.3298074437034915,0.12251655629139073,intact
2014-04-30,-0.0017441437713158203,0.007399791484150375,-0.36580558100786936,-1.2922100467449154,0.12892561983471074,intact
2014-05-31,0.020465286201104993,0.01871278590251002,-0.1667052480102319,-0.753211418508294,0.19966996699669967,intact
2014-06-30,0.025965962243030605,-0.002219832049356163,-0.1598281653406575,-0.7336900404381447,0.20757825370675453,intact
2014-07-31,-0.020317494143986092,-0.0021699194363588026,-0.13741858835977203,-0.6722848920340537,0.22203947368421054,intact
2014-08-31,0.04250471978081971,0.02226151176359048,-0.06847777909450758,-0.4852739235787343,0.3054187192118227,under_test
2014-09-30,-0.01959758094833053,-0.012684245438808861,-0.022003540997764304,-0.35912697916994146,0.34590163934426227,under_test
2014-10-31,0.025082750903126838,0.016910885619381366,-0.033301332555302925,-0.3893671250791677,0.33878887070376434,under_test
2014-11-30,0.025637293284225704,0.016734410303520075,-0.010635887455556908,-0.32762439088839207,0.3660130718954248,under_test
2014-12-31,-0.0007337333577762672,0.0027191206217684893,-0.022274976409651037,-0.35887073722949686,0.3458401305057096,under_test
2015-01-31,-0.03077104076849968,0.04637109821979979,-0.12025351036051544,-0.624168503474509,0.23778501628664495,intact
2015-02-28,0.061080199638565924,-0.027121251684888215,-0.20979005723381136,-0.8661401356109504,0.17073170731707318,intact
2015-03-31,-0.011025973422584379,0.007043426662149077,-0.22245376490829605,-0.8992225355408652,0.16396103896103897,intact
2015-04-30,0.005906430993160905,-0.014475348710951574,-0.21516462034838119,-0.8781532259774896,0.1685575364667747,intact
2015-05-31,0.013590485444886502,-0.0045847320427325755,-0.18779774434009566,-0.8027070995927785,0.1925566343042071,intact
2015-06-30,-0.015125365872238117,-0.018275376219119566,-0.21289487306467506,-0.8696983657257706,0.16962843295638125,intact
2015-07-31,0.015935535926842714,0.015237584295572537,-0.18836591494191102,-0.8019380023490684,0.1935483870967742,intact
2015-08-31,-0.060482481694170365,0.0008134733473355027,-0.21000488226762218,-0.8595871072346194,0.17391304347826086,intact
2015-09-30,-0.030719142282694012,0.015125187876826596,-0.26692217666798224,-1.0127730760389617,0.1495176848874598,intact
2015-10-31,0.07758690617078945,-0.007211165593895119,-0.31289716189171185,-1.1357483091904121,0.1332263242375602,intact
2015-11-30,0.005765100854705496,-0.002741708722043268,-0.2904217627674452,-1.0727675623552566,0.14423076923076922,intact
2015-12-31,-0.02115668046338748,-0.0034665019573231204,-0.24017288341101428,-0.9347170808103421,0.16,intact
2016-01-31,-0.05716479545554076,0.03131618716481377,-0.27327318433660513,-1.0230621940807025,0.1501597444089457,intact
2016-02-29,-0.000602921307532478,0.01952436835719107,-0.2767979746501376,-1.0309478583202563,0.14992025518341306,intact
2016-03-31,0.06960539696478141,-0.0020603358524553528,-0.29005956069325983,-1.0651964818081718,0.1449044585987261,intact
2016-04-30,0.00898759397713178,-0.003060337658570944,-0.28987455732773126,-1.0628892543671384,0.14626391096979333,intact
2016-05-31,0.017719432602029128,0.0005431463847871409,-0.3142333230533597,-1.12708005473579,0.13174603174603175,intact
2016-06-30,-0.00030307919014949114,0.03371735159215605,-0.298293889826419,-1.0818869791517733,0.13946117274167988,intact
2016-07-31,0.039482746962931525,0.0038730425176789485,-0.31494543888930054,-1.1251210455885874,0.13132911392405064,intact
2016-08-31,0.004745997588354589,-0.009620549210135887,-0.368587158666692,-1.2682593001249722,0.12164296998420221,intact
2016-09-30,0.0027333844050085876,-0.0005132544284207619,-0.41174927161861863,-1.3823010762406545,0.10725552050473186,intact
2016-10-31,-0.020201668338642786,-0.020216366046894252,-0.3715096712422378,-1.2704660083787964,0.12125984251968504,intact
2016-11-30,0.048600036689315784,-0.0445076754586794,-0.4661334927784718,-1.5231578193588058,0.09748427672955975,intact
2016-12-31,0.017972544432023563,-0.004969564859577114,-0.4679846728797826,-1.5241804201615237,0.09733124018838304,intact
2017-01-31,0.01957093280621236,0.0018523772432366137,-0.41921068883332097,-1.3889467710897585,0.10501567398119123,intact
2017-02-28,0.035370575089137324,0.009680189646991577,-0.3215482515023211,-1.1227738844714674,0.13771517996870108,intact
2017-03-31,0.0018524020374928174,-0.001296664624422017,-0.31389706262372075,-1.100176269354247,0.14375,intact
2017-04-30,0.010720949614007269,0.01139232570674853,-0.31551277815725354,-1.1026341865119231,0.14040561622464898,intact
2017-05-31,0.010660895175966578,0.009050698471899432,-0.3102532971028498,-1.0865645077179447,0.14953271028037382,intact
2017-06-30,0.007759898561748191,-0.006919179874905201,-0.36040950126288623,-1.2197789252348337,0.13374805598755832,intact
2017-07-31,0.01863466707433359,0.002689663927812891,-0.3734357579654302,-1.2524717137569987,0.12267080745341614,intact
2017-08-31,0.0016898051353153587,0.018035779732848978,-0.42573110513136087,-1.3905443906239943,0.10387596899224806,intact
2017-09-30,0.024853166510181435,-0.016705904382709136,-0.40531467804489524,-1.332567326613127,0.11455108359133127,intact
2017-10-31,0.022722443200643427,-0.002442461421509723,-0.40972467087371595,-1.341549256609782,0.11282843894899536,intact
2017-11-30,0.03117562097107429,-0.0015664032478340806,-0.41285339232904755,-1.3470469954591162,0.1095679012345679,intact
2017-12-31,0.010616465632107275,0.0036278900439932205,-0.44952590065386644,-1.4424042909015808,0.09861325115562404,intact
2018-01-31,0.05781365614472067,-0.02528419778339963,-0.37674199561066013,-1.2440449070996036,0.12923076923076923,intact
2018-02-28,-0.03461039555547529,-0.010675892826259803,-0.24074764590666828,-0.8769488191327093,0.19201228878648233,intact
2018-03-31,-0.021494984164519226,0.01353310454552581,-0.3276317251537957,-1.1088568415169882,0.147239263803681,intact
2018-04-30,0.004710054296384936,-0.015443334587025404,-0.3074258000566765,-1.0527875880391517,0.16232771822358347,intact
2018-05-31,0.02887432994378769,0.012810077913030904,-0.2711716269381714,-0.9538558283375242,0.18654434250764526,intact
2018-06-30,0.006877701819739901,0.0006856531375107888,-0.23966443552634278,-0.8679212965952973,0.1984732824427481,intact
2018-07-31,0.034030723216513126,-0.006952715528385833,-0.28131518146233575,-0.9785414213600676,0.1798780487804878,intact
2018-08-31,0.03679792577700236,0.011170885912914263,-0.23478094165776972,-0.852191024454228,0.2039573820395738,intact
2018-09-30,0.0025731257860448498,-0.013777259448696677,-0.20937996409408632,-0.782859011848209,0.22188449848024316,intact
2018-10-31,-0.07444269299277895,-0.00570943752706965,-0.20777346998333243,-0.7775855090604428,0.22458270106221548,intact
2018-11-30,0.01912908474932573,0.01434274334107255,-0.023054884288648277,-0.27985918573509305,0.39090909090909093,under_test
2018-12-31,-0.09346766085209379,0.02981964243986157,-0.3105166780800408,-1.0529308181528936,0.1573373676248109,intact
2019-01-31,0.08601301304486286,0.007389720166466773,-0.23813527218750397,-0.8567437391865759,0.20241691842900303,intact
2019-02-28,0.03625435148263079,-0.006608287291612891,-0.276760895650315,-0.9594654836052608,0.18401206636500755,intact
2019-03-31,0.012934088350887496,0.03026073226114634,-0.2458100650400333,-0.8748682842884589,0.1927710843373494,intact
2019-04-30,0.04172644992799612,-0.0066188397831911105,-0.26395337502816096,-0.9224982165556446,0.19097744360902255,intact
2019-05-31,-0.06700620374464539,0.03510336847497153,-0.39076046580191287,-1.261957727511183,0.12312312312312312,intact
2019-06-30,0.07196923863410154,0.01415867564407347,-0.32807890359697317,-1.0912216138613755,0.1454272863568216,intact
2019-07-31,0.01428245568745723,-4.0165297445438064e-05,-0.3283952290933673,-1.090283246318696,0.14520958083832336,intact
2019-08-31,-0.023230742482651112,0.04955494602262367,-0.35792465586663935,-1.167779112613989,0.14200298953662183,intact
2019-09-30,0.016161474167869283,-0.015120193132340365,-0.3494539980549432,-1.142989003618772,0.14328358208955225,intact
2019-10-31,0.023063103624832326,0.0004914763977903469,-0.34808860433085886,-1.137362686150695,0.14456035767511177,intact
2019-11-30,0.040620404008151034,-0.006849371405867721,-0.3561846723676863,-1.157141604770032,0.14285714285714285,intact
2019-12-31,0.0299864470078135,-0.011100458032534122,-0.36560231418691386,-1.1803868935780744,0.13818722139673106,intact
2020-01-31,0.001137710339747855,0.03937042653714662,-0.30448300628735175,-1.014385064779487,0.17210682492581603,intact
2020-02-29,-0.07964158955854328,0.036941690752286815,-0.4394527310928688,-1.3746259980164668,0.09777777777777778,intact
2020-03-31,-0.1318237589748058,0.041522081444578474,-0.5249935686295857,-1.6004225100947487,0.07248520710059171,intact
2020-04-30,0.13616944602976622,0.0062239843940294914,-0.5028203048220493,-1.5370310703223862,0.08567208271787297,intact
2020-05-31,0.05577684930281723,-0.0005124761532592226,-0.5149412242626744,-1.5655531239875164,0.08112094395280237,intact
2020-06-30,0.024254789089111606,-0.00043533707768095287,-0.5200950881885786,-1.5753107123190717,0.07511045655375552,intact
2020-07-31,0.05832110441921201,0.011210622778731194,-0.5067873357888203,-1.5358699327314171,0.08676470588235294,intact
2020-08-31,0.07628533546861793,-0.01576958076253754,-0.5375119742305839,-1.6137612837816087,0.06754772393538913,intact
2020-09-30,-0.03652819750332126,0.003418732628491128,-0.542465180804911,-1.6226521813128894,0.06598240469208211,intact
2020-10-31,-0.021015363804307463,-0.017421226487910002,-0.5629189844162903,-1.6725585615484035,0.05417276720351391,intact
2020-11-30,0.12439748518244254,0.004359176053517766,-0.5473813770927489,-1.6267963740519849,0.06286549707602339,intact
2020-12-31,0.04620967176570745,-0.0077536165921451294,-0.5212034007394185,-1.5532343058120188,0.07883211678832117,intact
2021-01-31,-0.0006643978683903429,-0.016099150561336262,-0.49997713332643345,-1.4932665604164526,0.09766763848396501,intact
2021-02-28,0.028149872015341693,-0.029434301380982686,-0.47801829597674295,-1.4317431184061578,0.10625909752547306,intact
2021-03-31,0.031642973815236175,-0.02570557268108653,-0.47939056919467227,-1.4321977129037957,0.10610465116279069,intact
2021-04-30,0.049522154012613395,0.012291978291371297,-0.4633065488654933,-1.3865849692453651,0.11175616835994194,intact
2021-05-31,0.002747775767885763,0.007673444338182289,-0.41169062093369413,-1.2474536022008582,0.13043478260869565,intact
2021-06-30,0.027255935436035772,0.013271859743765768,-0.4368731354934348,-1.3115851672266519,0.11722141823444283,intact
2021-07-31,0.01349289859120395,0.020668456230942045,-0.4362941751913173,-1.3074837629375227,0.1199421965317919,intact
2021-08-31,0.029690472227389186,-0.0045082414604508125,-0.4119661679298188,-1.240812446839937,0.13131313131313133,intact
2021-09-30,-0.04423206368352428,-0.01906471039627433,-0.34610741547281476,-1.0649262335512286,0.17146974063400577,intact
2021-10-31,0.0663842153017169,-0.0015562541435568678,-0.34703953595928577,-1.0657506064131366,0.1712230215827338,intact
2021-11-30,-0.015773806580820615,0.012172950942098248,-0.35190104778649445,-1.0769353279503842,0.16810344827586207,intact
2021-12-31,0.032340412307445776,-0.007053385318615768,-0.3530027351184294,-1.0781725781520763,0.1678622668579627,intact
2022-01-31,-0.06157244820432539,-0.023027934760639246,-0.2560113714325682,-0.8206843560520779,0.22922636103151864,intact
2022-02-28,-0.022515090475204724,-0.002298689650852226,-0.12613997497417798,-0.47672810378685637,0.3261802575107296,intact
2022-03-31,0.030914714234859808,-0.04109266197990269,0.2243379319645279,0.4504871276316265,0.6214285714285714,violated
2022-04-30,-0.09414063914863591,-0.04614809331248193,0.36508564400838456,0.8222292118756034,0.7232524964336662,violated
2022-05-31,-0.003230378509128329,0.005648817473741019,0.34049489494873847,0.7562454375261966,0.6951566951566952,violated
2022-06-30,-0.08403548828189578,-0.0087193473503554,0.31863532614794793,0.6975877279619895,0.6856330014224751,violated
2022-07-31,0.09574118122195441,0.02900819446406344,0.3824342882883044,0.865614611233919,0.7471590909090909,violated
2022-08-31,-0.035458932876063054,-0.037618206119320985,0.4524988350027864,1.0497904837982204,0.8141843971631205,violated
2022-09-30,-0.0914554139010828,-0.05200332163349619,0.5619410991087631,1.3372563226738503,0.93342776203966,violated
2022-10-31,0.08092392714338792,-0.01854474075559931,0.5133370802993976,1.206385691548783,0.8712871287128713,violated
2022-11-30,0.04853999239410922,0.037416189787976784,0.5262790493845667,1.2384399103224593,0.884180790960452,violated
2022-12-31,-0.059609249242199014,-0.013300005281909333,0.5265043174631708,1.2368232165483437,0.8843441466854725,violated
2023-01-31,0.06993326103537556,0.03247524248305167,0.5654550931320975,1.3372719006729132,0.9380281690140845,violated
2023-02-28,-0.021712835606421788,-0.029418798999715556,0.6013753969603246,1.4292125721926097,0.9676511954992968,violated
2023-03-31,0.029556357091896635,0.03961344637201614,0.6261439275176102,1.491288016843609,0.9817415730337079,violated
2023-04-30,0.010103180552668345,0.013373332237610391,0.6166832344932606,1.4630697671901571,0.9747545582047685,violated
2023-05-31,0.007810218870524688,-0.01340013180511368,0.6146562567670347,1.4545356500493056,0.9719887955182073,violated
2023-06-30,0.06885341952416746,-0.010774704491795739,0.578291802386145,1.3559566677632002,0.9426573426573427,violated
2023-07-31,0.03588594174148185,-0.00990086459881756,0.5756384985678383,1.346311967664773,0.9413407821229051,violated
2023-08-31,-0.018917750476947437,-0.0059393568246963735,0.5741652811965967,1.339811989232038,0.9386331938633193,violated
2023-09-30,-0.04822290320405065,-0.03534438629651471,0.5857980375885374,1.3676867132519193,0.9484679665738162,violated
2023-10-31,-0.027146834518507634,-0.018371366762662156,0.5953772589354458,1.3900400477500323,0.9554937413073713,violated
2023-11-30,0.09269405578203371,0.044063845890147224,0.6627646572845097,1.5634287963710465,0.9916666666666667,violated
2023-12-31,0.052548296564360886,0.04296388357085612,0.6783387548283875,1.6003583984621916,0.9930651872399445,violated
2024-01-31,0.01140780335585978,-0.005527801554274903,0.6717798386808225,1.5793149641598407,0.9916897506925207,violated
2024-02-29,0.054450259408968193,-0.017370433870267266,0.6493989102765519,1.5171875135689017,0.983402489626556,violated
2024-03-31,0.032515781689681944,0.0072777747505445856,0.6993376210755957,1.6437123994502871,0.9958563535911602,violated
2024-04-30,-0.04211843047015762,-0.033963657129230995,0.6754469306351418,1.5774266230426628,0.9903448275862069,violated
2024-05-31,0.04767612150585676,0.017993174421627733,0.6875145368651193,1.6049814256723753,0.9931129476584022,violated
2024-06-30,0.031909355808222406,0.014995832914705964,0.7224100205280847,1.6915275545438726,0.9986244841815681,violated
2024-07-31,0.016748916693988036,0.02534070539282607,0.6923134189115413,1.6091082540437636,0.9917582417582418,violated
2024-08-31,0.020332806459158137,0.017833391333072157,0.669924140550303,1.5472068885220425,0.9835390946502057,violated
2024-09-30,0.021218964287399222,0.011052101885883125,0.5870290947042969,1.3290901284044538,0.9342465753424658,violated
2024-10-31,-0.005628357564897213,-0.03352576748068614,0.692240743211379,1.5986711770343747,0.9904240766073872,violated
2024-11-30,0.06877513448630412,0.01113500741398088,0.6766851237693863,1.5546361049916504,0.9849726775956285,violated
2024-12-31,-0.027255605734284205,-0.027454337168993814,0.7087570563179203,1.6337263951976084,0.9959072305593452,violated
2025-01-31,0.032102155390422604,0.004392058576429658,0.6861791605955253,1.5714950160776793,0.9863760217983651,violated
2025-02-28,-0.020494349005597212,0.030402695821781345,0.5744936887652828,1.2800923768975223,0.9183673469387755,violated
2025-03-31,-0.06010947418733725,0.004285628128118724,0.5266142293494225,1.1543765709546912,0.8532608695652174,violated
2025-04-30,-0.0040459058785558,0.00820952597795288,0.5228664296721695,1.1428891613891252,0.8466757123473542,violated
2025-05-31,0.06484335789737261,-0.015239769792151914,0.4632483721601789,0.9873789445518986,0.7899728997289973,violated
2025-06-30,0.05268263476879387,0.016955874218758105,0.5270055786525171,1.150459622790284,0.8538565629228687,violated
2025-07-31,0.024373320147287325,-0.006460908242859831,0.5389542745374591,1.1794448945569531,0.8675675675675676,violated
2025-08-31,0.022698222695907377,0.014656807217453993,0.5352205611178268,1.1679252653965684,0.863697705802969,violated
2025-09-30,0.03837623663814038,0.008984791757091548,0.4696551796128233,0.9971367164021674,0.7911051212938005,violated
2025-10-31,0.024288186289433966,0.007508980334510529,0.43404416862194767,0.9039967036963713,0.7510094212651414,violated
2025-11-30,0.0024749123416369923,0.010140214374687595,0.31771537313483694,0.6027685085104093,0.646505376344086,violated
2025-12-31,0.0009585765743995722,-0.009134102871865113,0.267046106842718,0.4713605345027316,0.610738255033557,violated
2026-01-31,0.014264516444826514,-0.0030149167743742655,0.2655105249372189,0.4670063209511489,0.6099195710455764,violated
2026-02-28,-0.009872503660470544,0.026526098556243882,0.2859629408747756,0.5195060751777649,0.6224899598393574,violated
2026-03-31,-0.04954222010206655,-0.02240713812273165,0.3632352090261019,0.7188953762260796,0.6844919786096256,violated
2026-04-30,0.10142885806994117,-0.0011478933502210298,0.1896600963759043,0.2690342498249022,0.5567423230974633,violated
2026-05-31,0.052875076374335084,-0.0004245292856676075,0.1494479701122759,0.16468219574306328,0.5266666666666666,violated
