state,asset,ann_ret,ann_vol,sharpe
intact,equity,0.10490491441192712,0.20291781963000105,0.5169822670242072
intact,bond10,0.03184025168852893,0.07556988314672972,0.421335198133184
intact,gold,0.09177293725031899,0.1749071429162963,0.5246951938048517
under_test,equity,0.05073551637279697,0.13606707224468462,0.37287137538728754
under_test,bond10,0.020677433086752867,0.05135965705085085,0.40260068454663317
under_test,gold,0.2987144429773058,0.1859170531823545,1.606708141422161
violated,equity,0.13847608695652278,0.1335179788084263,1.0371343858882889
violated,bond10,0.09202453298921699,0.0729322284920278,1.2617814495998319
violated,gold,0.013324911678666063,0.1867442918052963,0.07135378302518026
