check,value,expectation
event_eligible_days,16748,
first_event_day,1960-01-04,expect 1960-01
n_events_c2.0,530,expect ~420-580
event_rate_pct,3.16,expect 2.5-3.5 (t-innovations)
n_events_c2.5,226,
n_events_two_sided,898,
nan_sigma_in_eligible,0,must be 0
min_sigma,0.3721,must be > 0
events_1960s,56,
events_1970s,72,
events_1980s,80,
events_1990s,78,
events_2000s,94,
events_2010s,88,
events_2020s,62,
episode: 1962 (Kennedy slide),9,>=1
episode: 1974 (oil/bear),10,>=1
episode: 1987 (Black Monday),4,>=1
episode: 1998 (LTCM/Russia),3,>=1
episode: 2000-02 (dot-com),22,>=1
episode: 2008-09 (GFC),10,>=1
episode: 2011 (US downgrade),3,>=1
episode: 2015 (China deval),3,>=1
episode: 2018 (Volmageddon/Q4),9,>=1
episode: 2020 (COVID),6,>=1
episode: 2022 (inflation bear),11,>=1
episodes_missed,0,expect 0
