date,gz_spread,ebp,est_prob
1973-01-01,1.1018267879026922,0.01906772469048445,0.22430169227581057
1973-02-01,1.0454231431408945,0.00125906679895537,0.21817695678952248
1973-03-01,0.9956893667936306,-0.09145029082355882,0.18788772698307812
1973-04-01,0.955332719808464,-0.1499643647058978,0.17017940066937648
1973-05-01,1.007392811089747,-0.05510535300004671,0.19943933809899955
1973-06-01,1.1422628080798305,0.05101758133365108,0.23553080407176125
1973-07-01,0.9332407654266386,-0.31244965160418947,0.12681275323152677
1973-08-01,0.9432599258337327,-0.1960727467777934,0.15700525740485696
1973-09-01,0.770816861878995,-0.347604440528996,0.11854513808707484
1973-10-01,1.2266048014370987,0.1329725247866429,0.26570253363949736
1973-11-01,1.3092866490080168,0.0832623645963173,0.24717114917626595
1973-12-01,1.237356098871855,0.01336914790234167,0.22233129764129897
1974-01-01,1.1116754127027626,-0.0383210049290581,0.20491521550625943
1974-02-01,1.2493236783221082,0.16882809705528,0.27949316947867187
1974-03-01,1.16420549138832,-0.0770661704032567,0.19240919649110513
1974-04-01,1.1758896088595745,0.07076786470203911,0.24262447337964205
1974-05-01,1.2171906475174696,0.08117640026155803,0.24640892379000623
1974-06-01,1.751911997703672,0.6736239682318785,0.5000486790060004
1974-07-01,2.439163257937959,1.2358100608497122,0.7424897280365365
1974-08-01,1.9232674011540911,0.8005457775021427,0.5584641435300743
1974-09-01,2.194856235330312,0.9106261895255304,0.6081618036592225
1974-10-01,2.3949455635439416,1.0688486816523313,0.6764255728661214
1974-11-01,2.2072418424169995,1.0096184008097222,0.651416590869041
1974-12-01,2.5232673424169114,1.1695202638854334,0.7171134036488636
1975-01-01,1.6641929937454714,0.4024292262265583,0.37680743059132527
1975-02-01,1.5799738986631373,0.4106606102998054,0.38043219164632464
1975-03-01,1.8314215202624853,0.599680785134318,0.4659351630541624
1975-04-01,1.4900720316844875,0.23952127159002568,0.3076590376376712
1975-05-01,1.54039950108931,0.3519304080117991,0.3548177311988255
1975-06-01,1.4051214139131984,0.24898119650285988,0.3115209348135648
1975-07-01,1.429246002425822,0.36674514401788305,0.3612226110917205
1975-08-01,1.2422426193442049,0.11526605335388672,0.2590219038877361
1975-09-01,1.3664161352753066,0.2923225042461213,0.3294755545696112
1975-10-01,1.2958257093283778,0.09926417730520054,0.25306001966319774
1975-11-01,1.2765636594092629,0.1740174275627353,0.28151749381009095
1975-12-01,1.1991074011189873,-0.03816324636454538,0.20496710452871048
1976-01-01,0.9674096710015524,-0.14888619790353363,0.17049569878563578
1976-02-01,1.0469007895261249,-0.05068311204472198,0.20087347497188815
1976-03-01,0.995522519169208,-0.0977446044525101,0.18592999592872572
1976-04-01,1.0375807310964726,-0.04067476119013258,0.20414195976279548
1976-05-01,1.0054848665207656,-0.09983143084165325,0.18528372888840353
1976-06-01,0.9980277055884572,-0.03672235625526754,0.20544139503827677
1976-07-01,0.9617176785764168,-0.07754515854935906,0.1922575698568917
1976-08-01,0.8894486403649352,-0.15925168222260722,0.16747039579385573
1976-09-01,0.8391818379073404,-0.19538097991326575,0.1571978156737677
1976-10-01,0.9034786701147206,-0.13533094828094103,0.17450443712797442
1976-11-01,0.8291283900156179,-0.37002420875391207,0.11347568849584055
1976-12-01,1.0840167920685375,-0.03321191533951673,0.20659963386492633
1977-01-01,0.9670989016344396,-0.300098007030435,0.12981070866577116
1977-02-01,0.9206514937709136,-0.18802105670165037,0.1592561143158603
1977-03-01,0.9071250487410132,-0.1589994613197948,0.1675435967415333
1977-04-01,0.8503124293583652,-0.24148200061773084,0.1447045504758759
1977-05-01,0.7991848859930059,-0.2518115083895124,0.1419996078145701
1977-06-01,0.8399434125378094,-0.2633799964655199,0.1390110982094924
1977-07-01,0.8732945856008134,-0.17803891558180318,0.1620758265701812
1977-08-01,0.9241339814992352,-0.18556125052118555,0.15994794886530392
1977-09-01,0.9433366491592144,-0.1374395070072637,0.1738769647220485
1977-10-01,0.9325222655950992,-0.14816150904718972,0.17070850969766055
1977-11-01,0.9350281806071988,-0.1314160293895028,0.175673261215758
1977-12-01,0.7882763677006501,-0.33107764346397794,0.12238317632253008
1978-01-01,0.7595131267128739,-0.3366602230565876,0.12107709126405213
1978-02-01,0.7191687235261857,-0.33743709121980303,0.12089611745816375
1978-03-01,0.7255268727972172,-0.3341146319607723,0.12167142952095626
1978-04-01,0.7369143187339418,-0.28220856309493536,0.1342392113847485
1978-05-01,0.7784348604544219,-0.24110880784891264,0.1448029220971409
1978-06-01,0.6299066215423959,-0.4439926867570896,0.09785127154427609
1978-07-01,0.625992028822881,-0.360237006050125,0.1156693832164356
1978-08-01,0.605474549089636,-0.3885279861678962,0.10940967458378638
1978-09-01,0.6436323087965212,-0.3184158834161457,0.12538204636881312
1978-10-01,0.5629925004200963,-0.5047052943842206,0.08625425596656053
1978-11-01,0.6671743787992496,-0.2554785295647065,0.14104762711192223
1978-12-01,0.6444213873107446,-0.39082309177486,0.10891273749131712
1979-01-01,0.6952421904911651,-0.2659217358686743,0.13836026530060586
1979-02-01,0.6638576645251245,-0.32240860929022963,0.1244309038049767
1979-03-01,0.6506520205270435,-0.19150509400998128,0.15827956761929096
1979-04-01,0.6444352858071002,-0.2400753455401633,0.14507557222739925
1979-05-01,0.7059792549205227,-0.2665639791616031,0.13819614294648697
1979-06-01,0.7385814429449202,-0.18660712673321633,0.15965355035929854
1979-07-01,0.6516171960944988,-0.2621466974095852,0.13932764418882365
1979-08-01,0.5807234943071707,-0.3442749473397241,0.11931142692046232
1979-09-01,0.695094022218657,-0.15634271632212104,0.1683159037243494
1979-10-01,0.7203506344375217,-0.6958103769865811,0.05643142653729883
1979-11-01,0.7833845118507153,-0.1468116874951224,0.1711053490938504
1979-12-01,0.833264942683668,0.08822151523822419,0.2489883068979904
1980-01-01,0.8148931845707515,-0.09839023084939667,0.18572990341243975
1980-02-01,0.8878283707210395,-0.4027979412106719,0.10634624947018034
1980-03-01,0.9787998588473272,0.24239191289520567,0.3088287171088143
1980-04-01,1.1297154960540028,-0.4661998392197655,0.09348351109465548
1980-05-01,0.9765676339614164,-0.0666539378934825,0.19572329756059767
1980-06-01,0.9402412642497736,-0.26908191414670846,0.13755397673551598
1980-07-01,0.95260036992639,-0.04310254058921781,0.20334620955593735
1980-08-01,0.868099768905988,-0.12134138901588,0.17870385258560278
1980-09-01,0.9255094387902276,-0.0989368056971298,0.18556061340455232
1980-10-01,0.8564388793430278,-0.2053241001407573,0.15444499467198056
1980-11-01,0.9730700829674368,0.2606477185842785,0.3163123194410284
1980-12-01,1.0962966659113336,0.03751404300106342,0.2307474014039104
1981-01-01,1.0686266727821387,0.32795193926039456,0.34453818928290647
1981-02-01,0.8807881005366947,0.07877966093158695,0.24553469672110773
1981-03-01,0.8677832736254366,-0.05201163416973897,0.20044198508449215
1981-04-01,1.1262870897430322,0.48647622243588873,0.41427407112107806
1981-05-01,1.1957336384241632,0.3363226286574349,0.3481141327761703
1981-06-01,1.0914183276788705,0.39354328400447,0.37290659057232384
1981-07-01,1.1041750000275223,0.3939052184403371,0.37306522494422223
1981-08-01,0.9960043522124428,0.22515040560844324,0.3018329818726473
1981-09-01,1.1570106871275747,0.3735351898293455,0.3641713437495707
1981-10-01,1.298618093849624,0.5234597368495021,0.43103363010953055
1981-11-01,1.464404068900136,0.23057747335019996,0.30402733060580356
1981-12-01,1.4417518180899658,0.545822683455858,0.44123031707410726
1982-01-01,1.4411112339725995,0.7101432988424785,0.5169122153035196
1982-02-01,1.4378488634166806,0.4968688767777236,0.4189692716810307
1982-03-01,1.6132827607017657,0.9131439547508726,0.6092813224366719
1982-04-01,1.6344124128749806,0.8234371494600548,0.5689025444332492
1982-05-01,1.5074842353664706,0.7388474298648104,0.5301472285003009
1982-06-01,1.5408093735755406,0.7162069007380146,0.5197100905891071
1982-07-01,1.6244983258128134,0.6747628414218403,0.5005747345085851
1982-08-01,1.7337458602421587,0.06769879073532259,0.24151462365308485
1982-09-01,1.639230341696483,0.4943464736893053,0.4178286106036168
1982-10-01,1.7765288549229767,0.2539515181561094,0.3135583838549555
1982-11-01,1.5690920427471176,0.4979668035103806,0.419465980827053
1982-12-01,1.579299294566895,0.6219790550207718,0.47620755389403246
1983-01-01,1.2541846027820125,0.23830843648193567,0.3071654384732596
1983-02-01,1.3210935751633492,0.1848602856086687,0.28576990874935937
1983-03-01,0.9960532567140532,0.09804503713742184,0.2526087776432493
1983-04-01,0.9407779016376762,0.01922349042815618,0.22435569016297924
1983-05-01,0.855305694832128,-0.1893725721794619,0.15887682830722877
1983-06-01,0.8451014161099889,-0.0274007674276222,0.2085254480766292
1983-07-01,0.8652056202790975,-0.1545958402342743,0.16882496058425073
1983-08-01,0.7989817990362492,-0.2227980877172072,0.14968486907196543
1983-09-01,0.8885816898154661,-0.12289374897109973,0.1782347479204242
1983-10-01,0.8323263785962188,-0.13708241150979028,0.1739831294276039
1983-11-01,0.9069582609968896,-0.01680339033415701,0.2120645448753267
1983-12-01,0.9237014294672544,0.03573444387431834,0.2301210802802395
1984-01-01,0.8810485955522863,-0.04427111732814426,0.20296384740023993
1984-02-01,0.8667995916470675,-0.1197791830528372,0.17917671661344323
1984-03-01,0.925959525178111,-0.02569474137093075,0.20909282859171607
1984-04-01,0.938009522853614,0.04165160581197602,0.23220727019284249
1984-05-01,0.7433877392450771,-0.3597789369301977,0.1157727872900618
1984-06-01,0.7492003621280826,-0.11058292846408092,0.1819762595345686
1984-07-01,0.9091829270426732,-0.18029836275681677,0.16143475785674016
1984-08-01,0.898435008277929,0.1155119148157494,0.2591140688122381
1984-09-01,0.8967575674894046,-0.08158714844134674,0.1909809657625835
1984-10-01,0.921637081971872,-0.2674643852814419,0.1379662718284314
1984-11-01,0.932791054328868,-0.1609053432881059,0.16699097164889937
1984-12-01,0.93970124206288,-0.04511085798076364,0.20268934682685943
1985-01-01,1.0562665158402234,-0.16993805625335745,0.16438787670949567
1985-02-01,0.9445995931011624,-0.20050264008274932,0.15577584441313885
1985-03-01,0.9881487575520692,0.03688338003774893,0.23052533382794943
1985-04-01,1.065537714471393,-0.10751700671123544,0.18291564076380193
1985-05-01,1.217941912223733,-0.3091616764416616,0.1276060520489088
1985-06-01,1.1986116051993851,0.00749420758311103,0.22031029905951524
1985-07-01,1.1654048022740684,-0.03502291258836609,0.20600162916000975
1985-08-01,1.1715512572253792,-0.01270828639552079,0.21344149835971343
1985-09-01,1.1740944743272022,0.08014063823180173,0.24603091794985776
1985-10-01,1.2623441752733489,0.13612471837243878,0.2669009478322675
1985-11-01,1.3509819957380145,0.18528607549910903,0.28593751902191744
1985-12-01,1.4303693334137404,-0.04184114366584679,0.20375942479711412
1986-01-01,1.397155817898711,0.20458563904501936,0.2935833185757172
1986-02-01,1.6275085725919447,-0.15955143596305943,0.16738342640344286
1986-03-01,2.0795950478002596,0.606939463418785,0.46927694206698733
1986-04-01,1.991398201377428,0.542325536585393,0.4396329958686629
1986-05-01,1.6567472901569604,0.04301718386024,0.23269021696842437
1986-06-01,1.9684030861114592,0.12032581816333066,0.26092204398852736
1986-07-01,2.160364176002572,0.7330191963761952,0.5274621408719655
1986-08-01,2.31884639636787,0.6936479010154519,0.5092970707700193
1986-09-01,1.981799305271104,0.3361253171879237,0.3480296845425195
1986-10-01,1.992012874203566,0.5086680241103094,0.4243138869976415
1986-11-01,2.11935953473232,0.6253579061954526,0.4777656769310016
1986-12-01,2.0240971965762333,0.6461901180244103,0.4873788445939087
1987-01-01,1.8945391075957267,0.5068779472046081,0.4235021209049109
1987-02-01,1.9971491134154316,0.5774800656966761,0.45573020064552017
1987-03-01,1.9265847347239908,0.4684763719714553,0.4061713673736584
1987-04-01,1.801865243149431,-0.23333067066045743,0.1468634489471851
1987-05-01,1.7725410835437807,0.2002683548843376,0.2918647655052274
1987-06-01,1.7280840506281094,0.1869446192062192,0.28659084242556854
1987-07-01,1.6873543727035332,0.2622587046251803,0.3169763979045066
1987-08-01,1.6118420585238833,0.2611755143492096,0.31652982158653153
1987-09-01,1.589034374666104,0.25110414584149354,0.31239047937628334
1987-10-01,1.7167687083643657,-0.6235378078210974,0.06657748676591681
1987-11-01,1.7074159014351733,0.2582714624571756,0.3153338632832558
1987-12-01,1.6591008633734396,0.00320453278966859,0.21884131351584596
1988-01-01,1.7497505128364352,-0.12284149936186917,0.1782505244969661
1988-02-01,1.7011993670279095,0.2168789947821521,0.2985023353976609
1988-03-01,1.600771260303695,-0.05086690545734518,0.20081374762286455
1988-04-01,1.4914021712148888,0.01658129152842979,0.223440742660278
1988-05-01,1.4967029179008868,0.0881461574082687,0.24896064079903857
1988-06-01,1.559536675474937,0.1873694867327171,0.2867583174940558
1988-07-01,1.4619970080391704,-0.08781585011430093,0.1890239282655025
1988-08-01,1.442054342057197,0.07396309186264105,0.24378287097001675
1988-09-01,1.5380109248756957,0.2637716715061851,0.31760060839717935
1988-10-01,1.6821252983273691,0.3834926280559854,0.3685101254936568
1988-11-01,1.61157849774101,0.2907445775722024,0.32881460622079695
1988-12-01,1.6193548375628517,0.4240111488656111,0.38633347173717647
1989-01-01,1.6844195874698262,0.4245928000693737,0.3865911862550475
1989-02-01,1.5748014017016685,0.3159738874901028,0.33944532853369913
1989-03-01,1.6471045442501504,0.5399173083795377,0.4385336075599746
1989-04-01,1.7114467906040396,0.6407550502145127,0.4848698610281701
1989-05-01,1.7728556279573586,0.4674838340243632,0.4057257054848235
1989-06-01,1.9787859748026784,0.7361695098627183,0.5289136641590964
1989-07-01,2.1118929397638793,0.9610992787763076,0.6304218025744738
1989-08-01,1.9192887707827344,0.6801454154482016,0.5030609637047921
1989-09-01,1.7392822716554288,0.7083107258181283,0.5160664567725339
1989-10-01,1.651651604342152,0.5702764162585128,0.45242484982833014
1989-11-01,1.6374358335319394,0.6802606769066042,0.5031142024076287
1989-12-01,1.5397763320191251,0.5641354601246309,0.44960970139554673
1990-01-01,1.4288319799788465,0.29949893507475056,0.3324882562296081
1990-02-01,1.428688108440255,0.4365574108867555,0.39190333695218155
1990-03-01,1.4268800972893512,0.4654087783178674,0.40479437496910664
1990-04-01,1.3521314896331436,0.2180910858766152,0.2989893610837244
1990-05-01,1.2025567471943532,0.11047762383149796,0.2572302743715713
1990-06-01,1.2244352034732218,0.15782522578138414,0.27522454888075404
1990-07-01,1.163444441691061,0.0804482732356544,0.2461431581893005
1990-08-01,1.1061110337510067,-0.2086987361269048,0.1535179911105911
1990-09-01,1.126453467571154,0.00621951743672699,0.21987319613073353
1990-10-01,1.4096893151727503,0.20709048726144452,0.29458255006711676
1990-11-01,1.559372073814849,0.3179422323987371,0.3402802545006144
1990-12-01,1.5540793104021604,0.4052981842225256,0.3780695869785934
1991-01-01,1.5753063713913562,0.4372699700075613,0.39222035264000943
1991-02-01,1.4093263233894295,0.35418206222262105,0.35578860501694315
1991-03-01,1.371252715240595,0.2891761450001653,0.32815816480810645
1991-04-01,1.3575809833646728,0.24344022886358796,0.3092563515023527
1991-05-01,1.3068388694077917,0.223164297246766,0.3010317133569336
1991-06-01,1.2846678257135873,0.1278067342341911,0.2637444983277108
1991-07-01,1.387224232066653,0.2358041011098031,0.3061473306485737
1991-08-01,1.2891800645210778,0.16358825820389145,0.27745634113484025
1991-09-01,1.3916589693680954,0.19874927178842935,0.29126119047252036
1991-10-01,1.3602401691063728,0.18422798812618368,0.2855210939508852
1991-11-01,1.3527063705072104,0.1956148320036566,0.29001763304964234
1991-12-01,1.5262181187551744,0.21925270556918777,0.2994564453959503
1992-01-01,1.3262814835950587,0.08602514221884627,0.24818262455456544
1992-02-01,1.2807817028143305,0.12328311533531888,0.26203593516330503
1992-03-01,1.2056136270943592,0.06591311977111824,0.24087015376832271
1992-04-01,1.211737549280204,0.05983187915658039,0.23868239696498017
1992-05-01,1.2188768459753043,0.02453706953255641,0.2262021138599044
1992-06-01,1.1959249512204362,0.00333254388825343,0.2188850687716377
1992-07-01,1.2536008911064789,-0.06355948660733812,0.1967148680249311
1992-08-01,1.4048951804098335,0.08332842824034348,0.2471953098589358
1992-09-01,1.524477080307835,0.1825351671753173,0.2848554616578347
1992-10-01,1.4035743856910436,0.09853126877602005,0.2527886963986261
1992-11-01,1.2853500202432004,0.0733666915101221,0.2435664256410969
1992-12-01,1.3507223298121198,0.1084429866521066,0.2564709533984252
1993-01-01,1.3750521751449547,0.06762911664718319,0.2414894599019098
1993-02-01,1.4125877296833649,0.05726881673345452,0.2377635898464424
1993-03-01,1.3627658369837072,0.02485483286757683,0.22631280534583365
1993-04-01,1.4126875563239625,0.05041036587138836,0.2353145399554647
1993-05-01,1.3287865367715466,0.02153148512336722,0.22515664579988617
1993-06-01,1.3165317560947922,-0.05606724741825619,0.1991282129683826
1993-07-01,1.2898289736131294,-0.06055149834420326,0.1976816431869445
1993-08-01,1.3725830484335724,-0.06217292754257642,0.1971601554021805
1993-09-01,1.4106534557272334,0.02623863044077579,0.2267952018461477
1993-10-01,1.353443960411806,-0.04467095050381897,0.2028331193250438
1993-11-01,1.277076240910786,-0.13268169670231367,0.1752948467242242
1993-12-01,1.2491742939393158,-0.1689848830609466,0.1646613190780636
1994-01-01,1.2077632090258628,-0.24655531884957327,0.14337171605304583
1994-02-01,1.1184090580825368,-0.4308976042578383,0.1004959693316754
1994-03-01,1.2051077739997218,-0.30962415642421903,0.1274942601899801
1994-04-01,1.2167622129020603,-0.2629300118063964,0.13912653721173118
1994-05-01,1.2445989903892043,-0.2645260931871931,0.13871737332296072
1994-06-01,1.2049770456748123,-0.31268724887297683,0.12675556080498657
1994-07-01,1.1962482000376853,-0.2972901230370588,0.1304990211122934
1994-08-01,1.17288129705934,-0.270316063485875,0.1372399682149314
1994-09-01,1.1605153129941324,-0.3882812862147942,0.10946318692584396
1994-10-01,1.1795662827423794,-0.3125163042978578,0.12679670733999568
1994-11-01,1.2328867069499758,-0.2539620183305322,0.14144079637479876
1994-12-01,1.2632897260747522,-0.1960699248264437,0.1570060425999454
1995-01-01,1.251217092560408,-0.24545344796061164,0.14366048654663074
1995-02-01,1.2240046874605444,-0.2807381561682385,0.1346077687053299
1995-03-01,1.222862921339648,-0.2878450155913206,0.13283285908020076
1995-04-01,1.1949993870082996,-0.2349591332637011,0.1464304289494758
1995-05-01,1.295473579823671,-0.3213890223070499,0.12467330759581403
1995-06-01,1.3212345543539514,-0.13896412406771397,0.1734241587210566
1995-07-01,1.2374917337510545,-0.3102929130147618,0.12733272708458632
1995-08-01,1.2574280233551791,-0.20245478079480408,0.15523609396458382
1995-09-01,1.251543311475957,-0.16176498747075807,0.1667420963539323
1995-10-01,1.32917782537615,-0.12468342984210978,0.17769489178169068
1995-11-01,1.3860060529155098,-0.04105181189420981,0.2040182528094167
1995-12-01,1.3987608445493238,-0.05304434292389626,0.20010695713210871
1996-01-01,1.3798518647079732,-0.10286415644587989,0.1843470172995283
1996-02-01,1.2923560350429772,-0.3063690232962697,0.12828254753891383
1996-03-01,1.2494785032602491,-0.32899766846224576,0.1228723208696815
1996-04-01,1.2515326570882606,-0.28114536350033204,0.13450563277034402
1996-05-01,1.1958144226822869,-0.3128202306536385,0.12672355838379143
1996-06-01,1.2609186260945895,-0.26588476888072266,0.13836971608815793
1996-07-01,1.2720535429642317,-0.3188648338407769,0.12527484537419237
1996-08-01,1.2432631569917816,-0.3882448834165986,0.10947108474470706
1996-09-01,1.227124539626172,-0.3840851798609981,0.11037625584379653
1996-10-01,1.2664919362597484,-0.3297098616744043,0.12270468137456957
1996-11-01,1.31817801498652,-0.2778646227313786,0.13533002283891649
1996-12-01,1.2388183529358323,-0.39407008899882223,0.10821247121084077
1997-01-01,1.274542724793049,-0.33725459474887187,0.12093861345134224
1997-02-01,1.207028787779758,-0.4561801681445701,0.09543604138544916
1997-03-01,1.2122663296625256,-0.48212955611286223,0.09044028105046235
1997-04-01,1.2151573035108116,-0.44048793311816414,0.09855404367465773
1997-05-01,1.1726087286478115,-0.43836928877214465,0.09898066164940932
1997-06-01,1.1464002593079476,-0.5396091677530523,0.0800700467958511
1997-07-01,1.2048841340867713,-0.5101035483726482,0.08527511796244844
1997-08-01,1.141180975396885,-0.5052853355054687,0.08614864635665365
1997-09-01,1.1525907310407637,-0.556555113745409,0.07719123355004087
1997-10-01,1.284479981044616,-0.4355059002264914,0.0995593886133478
1997-11-01,1.308146146169135,-0.328568474960067,0.12297342403914728
1997-12-01,1.3018474395561082,-0.3958249463588026,0.10783536029893148
1998-01-01,1.3488771294798074,-0.3562215152469783,0.11657807124850322
1998-02-01,1.3177899633738837,-0.33005663809245456,0.12262311355922094
1998-03-01,1.2993012864624096,-0.3787772757186534,0.1115390571504065
1998-04-01,1.210001159192273,-0.408088097706808,0.10522646314625334
1998-05-01,1.2113056221979115,-0.3708000329026879,0.11330307371695313
1998-06-01,1.3127014396411367,-0.3325321380074051,0.1220419380651145
1998-07-01,1.362947936305738,-0.29498388948634413,0.13106624589110594
1998-08-01,1.9998726836895364,0.10388335500965652,0.25477356194422973
1998-09-01,2.118701825645259,0.08983429331717918,0.2495807976263326
1998-10-01,2.2585593273420805,0.21463640797918823,0.2976022031520672
1998-11-01,1.9969700129241077,0.1964074534147824,0.29033186239837006
1998-12-01,1.9540907357906976,0.05951994355345724,0.23857047049225075
1999-01-01,1.9122936908183228,0.05530882058256203,0.23706228116332612
1999-02-01,1.7829092718780768,-0.16454165339092608,0.1659398606450378
1999-03-01,1.6737158382498911,-0.15614069116068507,0.16837472530407455
1999-04-01,1.6214965015049436,-0.1980761299851237,0.15644847700529785
1999-05-01,1.6558532960332768,-0.1922033245317205,0.15808433303403624
1999-06-01,1.6960649274669135,-0.13249846661133002,0.1753495976008722
1999-07-01,1.7541497126855272,-0.08194623120404265,0.19086780667794784
1999-08-01,1.9666456036776068,-0.02674637818416547,0.20874297375651388
1999-09-01,2.0276021435491947,0.10419436777351444,0.2548891539339484
1999-10-01,2.0937154079093654,0.1186080913517602,0.26027616739370985
1999-11-01,2.04524467377717,0.08330559759064537,0.24718696013004696
1999-12-01,1.8633514807095175,-0.145272337185963,0.17155862828308854
2000-01-01,1.950320831657996,0.03734841751998608,0.2306890701775699
2000-02-01,2.122469497998492,0.12994857637091162,0.26455544582358814
2000-03-01,2.4746867982025123,0.3994019218383529,0.3754770384257428
2000-04-01,2.636578232022321,0.5559339333991145,0.4458539186327597
2000-05-01,2.80514036112006,0.7354564410103706,0.5285851469202015
2000-06-01,2.815740900392646,0.7731829878221306,0.5459339146544014
2000-07-01,2.940392653659896,0.8561023081744352,0.5837130635550001
2000-08-01,3.064164062818344,1.0056109537691338,0.6496989560695787
2000-09-01,3.2214296873226336,1.1169908834855011,0.6961877628114025
2000-10-01,3.66573053302497,1.5142257223923936,0.8348225584038587
2000-11-01,3.76794530257044,1.5965073905927722,0.8573903115102068
2000-12-01,3.7866276796969114,1.591949487172752,0.8561975558838307
2001-01-01,3.3987943030304257,1.137399756773363,0.7043998295962168
2001-02-01,3.3202590460397614,1.1616033988950578,0.7140043329958182
2001-03-01,3.275322881028066,1.0949146093974664,0.6871920166299286
2001-04-01,3.199204766830491,0.9164879236667942,0.6107668100449273
2001-05-01,2.9940945491673103,0.7781334608811266,0.5482046448856532
2001-06-01,3.09088234174841,1.011464162287187,0.6522066636900639
2001-07-01,3.0308253365345124,0.7794024307109622,0.548786457249713
2001-08-01,3.0174429763564965,0.7527975903522592,0.5365683225710599
2001-09-01,3.534254959925907,1.218793535588472,0.736090187393003
2001-10-01,3.433228929291901,1.0359790896861458,0.6626363985682419
2001-11-01,2.979609084266577,-0.05887021569291706,0.1982232606058124
2001-12-01,2.8948630402353235,0.4178030951236624,0.3835859891989745
2002-01-01,2.9267066033984404,0.5715644927755181,0.4530156406289479
2002-02-01,2.9612249347553785,0.7717934892207672,0.5452962929721978
2002-03-01,2.6127386599998266,0.2903903894703208,0.32866632040826604
2002-04-01,2.6496690832458785,0.4089265583142989,0.37966770143220085
2002-05-01,2.7266109720343135,0.5003094783559932,0.42052625022725143
2002-06-01,3.2615351769522434,0.9410102630612966,0.6216096170374015
2002-07-01,4.057614473448054,1.5379114171685475,0.8415439050641282
2002-08-01,3.934130329366459,1.436862364953213,0.8116047587522497
2002-09-01,4.263755955308851,1.6132242046275942,0.8617075484038934
2002-10-01,4.30924319578683,1.4191576129819632,0.8060209335015716
2002-11-01,3.754399379107968,1.0322737255315584,0.6610677252478246
2002-12-01,3.652904880072415,0.8861991604542885,0.5972551809076327
2003-01-01,3.5427627570077607,0.8375498499015865,0.5753144734300526
2003-02-01,3.424953877774537,0.6329458149485854,0.4812659671936973
2003-03-01,3.1876919696170076,0.13278268541808955,0.2656304469094015
2003-04-01,2.713838329878697,0.03277821190689378,0.22908275444797815
2003-05-01,2.795801406595762,-0.48967004095834143,0.08902565698503738
2003-06-01,2.530542088841651,-0.4030077173395212,0.10630168218908712
2003-07-01,2.429890838065337,-1.0501981392814712,0.02297905623813781
2003-08-01,2.3840607384222867,-0.2144707279905176,0.15194099867272468
2003-09-01,2.416358567511256,-0.5534078823910691,0.07771985986281346
2003-10-01,2.0957567035480422,-0.5330346348622839,0.08120854019138818
2003-11-01,2.0016541560655066,-0.5538196331158054,0.07765054410802698
2003-12-01,1.909077859586521,-0.5325091042062482,0.08130006936827648
2004-01-01,1.7831847060063464,-0.7191405107505842,0.05343006461571256
2004-02-01,1.9179989333827645,-0.3462663688779679,0.11885267862476084
2004-03-01,1.929099517325484,-0.5294765514917392,0.0818297554756636
2004-04-01,1.763372520531711,-0.7443720314569378,0.05032796688243536
2004-05-01,1.9095392757487528,-0.3688277521627996,0.1137422581537704
2004-06-01,1.8167714725292576,-0.3864916456692362,0.10985194545634888
2004-07-01,1.7466000046029624,-0.32676446052896946,0.12339902528664085
2004-08-01,1.8724237628043563,-0.4339589340275576,0.09987307699234528
2004-09-01,1.76016273683919,-0.5536652298491298,0.07767653146608049
2004-10-01,1.753039257319034,-0.5424241203668587,0.07958629499269892
2004-11-01,1.5438334865946324,-0.6818915566754877,0.05828437589206924
2004-12-01,1.472647712596911,-0.7281076694920792,0.05231068138940324
2005-01-01,1.7125553811201897,-0.7092224953932122,0.05469016231017356
2005-02-01,1.5667747162393175,-0.9265385410092736,0.0319698182322597
2005-03-01,1.8607730354249996,-0.6316294181177267,0.06537579125310612
2005-04-01,2.1468177350134683,-0.37740565708434515,0.11184095744139654
2005-05-01,2.117156422295368,-0.3038425817735799,0.1288966976186698
2005-06-01,1.9655317999452575,-0.45018916948807974,0.09661775523418348
2005-07-01,1.7249175111030184,-0.552542711227767,0.07786565923719085
2005-08-01,1.8120728470881209,-0.5541325262184638,0.07759790182989448
2005-09-01,1.8322645716280304,-0.4652373751043115,0.09366977529324584
2005-10-01,1.8839868560057491,-0.3441183908470453,0.11934754453059518
2005-11-01,1.8900289204870928,-0.31243618182074084,0.12681599610315591
2005-12-01,1.9528956718342596,-0.28140388653605175,0.13444081751696524
2006-01-01,1.796362587265562,-0.3646791765156572,0.11467001389483304
2006-02-01,1.7482777000920102,-0.32008587620803897,0.12498360697173728
2006-03-01,1.7175548170275203,-0.4046456107077765,0.10595417281981737
2006-04-01,1.6373078070868985,-0.45072012768292,0.09651259259499946
2006-05-01,1.6510413583868373,-0.3556290577582093,0.11671256918823442
2006-06-01,1.7581697721584484,-0.3683016765755531,0.11385960857598236
2006-07-01,1.8025622976426243,-0.2754061934000591,0.13595004662229865
2006-08-01,1.812511349743292,-0.30566162283216247,0.1284543036157675
2006-09-01,1.825991871682076,-0.35888461883133194,0.11597485894990169
2006-10-01,1.719249695171999,-0.3927490546964907,0.10849698110425074
2006-11-01,1.709726099042411,-0.3625432231068637,0.11514977663942544
2006-12-01,1.59798808160894,-0.4882808542622512,0.08928502859467902
2007-01-01,1.5037294521092106,-0.5521404513974957,0.07793351905325822
2007-02-01,1.5420730047565323,-0.5536154026434601,0.07768491920951942
2007-03-01,1.603160540595782,-0.3724050602798292,0.11294656248536912
2007-04-01,1.5745826670337764,-0.3723412166209179,0.11296072823142143
2007-05-01,1.4817728158985526,-0.5847330177368399,0.07257938179925409
2007-06-01,1.64556371338528,-0.37329896251397954,0.11274835500047128
2007-07-01,2.156796359462648,0.02991830443394283,0.22808076685242185
2007-08-01,2.3070040048243525,0.14499272690186915,0.27028700694509794
2007-09-01,2.273931782447814,0.07788475194873845,0.2452087002843361
2007-10-01,2.2061772461028872,-0.00907180616521552,0.21466859944777705
2007-11-01,2.787618000070709,0.34055109097116487,0.34992569587652744
2007-12-01,2.8735936360134495,0.4872538987956401,0.4146249953437191
2008-01-01,3.297543248938683,0.7229958101298806,0.5228414799146278
2008-02-01,3.5748424132719445,0.9258932484290372,0.6149361903231928
2008-03-01,3.802370678231699,1.1520317396918118,0.7102238542858066
2008-04-01,3.2934172959083847,0.6753117324229643,0.5008282717696254
2008-05-01,3.135897048210576,0.6786722632592181,0.5023805174543702
2008-06-01,3.469489890632597,0.8226734176708832,0.5685550180398735
2008-07-01,3.708569226451896,1.0820622417099828,0.681902591583917
2008-08-01,3.81727086128547,1.2293425729809444,0.7400669791633434
2008-09-01,4.821059588692307,1.8089533772337685,0.9056853813368996
2008-10-01,7.20911219936287,3.513737077565938,0.9994963888087134
2008-11-01,7.923794299511783,3.308763075169071,0.9988602641268068
2008-12-01,7.728687714854134,3.4586236711904093,0.9993694528539372
2009-01-01,6.437825410517773,2.8643043912334982,0.9944027226071828
2009-02-01,6.260474692452845,3.2265952002986262,0.9984419110684778
2009-03-01,6.362375539433036,2.7912050526069896,0.9928953728351598
2009-04-01,5.460702031810944,2.265753708661242,0.96737518505050335
2009-05-01,4.8606865240648345,1.394688555758795,0.7981397697037808
2009-06-01,4.227229035227391,0.9610788208030288,0.6304128624065204
2009-07-01,3.6120075106844975,0.35740878297538714,0.3571815412759224
2009-08-01,3.388098292623591,0.08908624621004879,0.24930589239876175
2009-09-01,3.0184808323135037,0.06788452080505536,0.24158170956843772
2009-10-01,2.8969786608348103,-0.13767918910935784,0.17380573020032183
2009-11-01,2.8952699310043513,-0.00957078002418265,0.21449998243109383
2009-12-01,2.4531685367742204,-0.4679276723649539,0.09314981282463752
2010-01-01,2.4464708748306245,-0.20291448087310335,0.15510917055958764
2010-02-01,2.483065570488782,-0.00750956835252303,0.2151970205403162
2010-03-01,2.268883864647764,-0.16224321614264392,0.16660374819032217
2010-04-01,2.15963091259355,-0.27447224070454457,0.13618610148128027
2010-05-01,2.624810521836109,-0.12013324490947408,0.17906947673721313
2010-06-01,2.757918781940514,0.04764482357660515,0.23433096026339
2010-07-01,2.596292543226651,0.16279924931138678,0.2771502675570436
2010-08-01,2.7469149091721032,-0.277758418401155,0.13535676778966416
2010-09-01,2.583553223599999,-0.01299725708585652,0.21334416318301833
2010-10-01,2.450000944411047,-0.02732119402653454,0.20855189194900436
2010-11-01,2.453678923328688,-0.14678056325002764,0.1711145063878223
2010-12-01,2.2576230374974804,-0.4130614736123306,0.10418153468133604
2011-01-01,2.1474453271283593,-0.03867540855985263,0.2047986756258948
2011-02-01,2.035437264084866,-0.2811035635879797,0.13451611459313478
2011-03-01,2.0007819073500923,-0.31983462845104116,0.12504349495498188
2011-04-01,2.013200589663703,-0.27532084137294754,0.13597160755530038
2011-05-01,2.100669349619462,-0.15254021777656537,0.1694252547406024
2011-06-01,2.192389845747828,-0.03065231748040364,0.20744658324155205
2011-07-01,2.2587969545031186,-0.0752007743891916,0.1930003955848793
2011-08-01,2.8706775407973364,-0.0969664016645586,0.18617135410132596
2011-09-01,3.158563699552708,0.4492602511406476,0.39756537063292385
2011-10-01,2.845028162785396,-0.08235053910522927,0.19074044487151276
2011-11-01,3.0351401648222325,0.5057392132207355,0.4229858952225357
2011-12-01,2.916301630063126,0.28088049415418226,0.3246950184629819
2012-01-01,2.795575459180884,0.17807849283021282,0.2831066066028172
2012-02-01,2.542406446022948,0.0490613929788597,0.23483448615461244
2012-03-01,2.4697212776192767,-0.34123602752443283,0.12001388526199844
2012-04-01,2.562206842147782,-0.17030200803367146,0.16428354543906462
2012-05-01,2.83822943618733,-0.07317417093442469,0.1936439417743692
2012-06-01,2.7867853357798262,0.16036312844237657,0.27620628750338005
2012-07-01,2.6368477143519473,-0.0106590130671087,0.21413250571707865
2012-08-01,2.5631077867362726,-0.20906040222109112,0.15341886147019726
2012-09-01,2.438754832217231,-0.15733793795437068,0.16802632827919298
2012-10-01,2.2789320296629607,-0.18674009402957115,0.15961614747720673
2012-11-01,2.375013016053517,-0.05667300343734416,0.1989324310746028
2012-12-01,2.267702701908941,-0.17181386402955834,0.16385061298413714
2013-01-01,2.145410111323566,-0.10602546809991376,0.1833737320782223
2013-02-01,2.1940115805785516,-0.0451844346097765,0.20266530613519276
2013-03-01,2.16969467797151,-0.10962379780241038,0.1822698070139192
2013-04-01,2.1090557917401784,-0.13752306421514904,0.17385212906307596
2013-05-01,2.018734314616869,-0.500480528761932,0.0870263929226121
2013-06-01,2.195241544331997,-0.3530075406662294,0.11730901856867522
2013-07-01,2.069299194949821,-0.02498384010676435,0.20932952419340836
2013-08-01,2.041389172528529,-0.1301009711656067,0.176066990647627
2013-09-01,2.1102948384989424,-0.1449597312195574,0.17165077230602405
2013-10-01,2.01162532530163,-0.05750723689746984,0.1986629946667064
2013-11-01,1.965124735248917,-0.01946273497290196,0.21117314531224232
2013-12-01,1.808342483383946,-0.17163202451929926,0.16390264502345664
2014-01-01,1.868114075836006,-0.31907991966136673,0.12522350956782097
2014-02-01,1.768325357551925,-0.22645286744490223,0.1487017739840052
2014-03-01,1.718339202627849,-0.28855443510303047,0.132656573180428
2014-04-01,1.662773449391159,-0.36895143013675824,0.11371468212450886
2014-05-01,1.662010515986701,-0.38183410156263187,0.11086833315054648
2014-06-01,1.6310263332205517,-0.31655738140416645,0.1258265031543671
2014-07-01,1.6902063505328992,-0.3197666478961463,0.12505970239842074
2014-08-01,1.684796103168073,-0.3140943748985907,0.12641721735825814
2014-09-01,1.8379210864558593,-0.21102717077529687,0.152880529096354
2014-10-01,1.9415214366122775,-0.2107170659103488,0.15296532590557307
2014-11-01,2.106355275214923,0.06335338815286828,0.2399479503199237
2014-12-01,2.199729689875636,0.09711413112073508,0.2522645057209063
2015-01-01,2.2798226178716754,-0.02101556482809874,0.2106536611306494
2015-02-01,2.0305916795633503,-0.2685543150466678,0.13768836497410952
2015-03-01,2.1423264908751185,-0.11446951859776666,0.1807897747423917
2015-04-01,2.111740080029786,0.01116341745416171,0.22157128195069373
2015-05-01,2.119061911531675,0.05520526645183166,0.23702525997226503
2015-06-01,2.237465673691558,0.1498422676816551,0.27214774142052356
2015-07-01,2.3727141913811227,0.21474110293944904,0.2976441981634042
2015-08-01,2.4854232199038124,0.400642717753831,0.3760221458641518
2015-09-01,2.7020882938517703,0.539231662120907,0.4382206872340056
2015-10-01,2.4710662559602943,0.4217935886709725,0.3853513893505861
2015-11-01,2.5289464641388406,0.5099521685394715,0.42489642031075064
2015-12-01,2.746173110584023,0.6880795934041597,0.5067255428155311
2016-01-01,3.139036149792011,0.9208100830419164,0.6126844393041863
2016-02-01,3.154218938978167,0.949688584561006,0.6254244915374143
2016-03-01,2.73157885717148,0.5717621965790167,0.453106328945335
2016-04-01,2.4524115913866136,0.2274563617699168,0.3027644891815491
2016-05-01,2.42180543891397,0.2398292071721424,0.3077844166333582
2016-06-01,2.5212500978444177,0.05551100479030779,0.23713457232591187
2016-07-01,2.32623259202582,0.00327546584256488,0.21886555840023503
2016-08-01,2.127710663821701,-0.02953189402980127,0.20781796681171277
2016-09-01,2.1181150190203963,-0.08031434682932126,0.19138239978571484
2016-10-01,1.920105475373345,-0.08663993045899465,0.1893924493705794
2016-11-01,1.8308979109205217,-0.7246739550839891,0.05273709658162535
2016-12-01,1.6922453905869173,-0.25131919525223423,0.1421277456695571
2017-01-01,1.6490687994832622,-0.2040433917967985,0.1547977685367007
2017-02-01,1.6012429346560737,-0.18952233274479635,0.15883483633282902
2017-03-01,1.6366094608159123,-0.17944660782856037,0.16167623024992916
2017-04-01,1.6235334998242563,-0.13206769474688174,0.1754783589932206
2017-05-01,1.588199574681436,-0.18098214326867845,0.1612410764576224
2017-06-01,1.5662017279523246,-0.13947432666634385,0.17327279808187054
2017-07-01,1.5097872255789204,-0.1656879039391268,0.16560941399884554
2017-08-01,1.6289703732580467,-0.09353919957674162,0.1872366035209402
2017-09-01,1.5116916315300433,-0.26843546716438227,0.1377186498614984
2017-10-01,1.4406382358111087,-0.22901514634611075,0.1480151287211343
2017-11-01,1.4528741067671918,-0.14535906923204656,0.17153306866725568
2017-12-01,1.411354736534954,-0.2065099427812669,0.15411882602191604
2018-01-01,1.2759470701421474,-0.4029089629804656,0.10632266103329524
2018-02-01,1.37671933189589,-0.2515691457498095,0.14206267949223472
2018-03-01,1.5367023516278846,-0.1117938149635478,0.18160608319232316
2018-04-01,1.4472557237109405,-0.28780105561745817,0.13284378813854575
2018-05-01,1.5344927591309665,-0.20030811330192289,0.15582969714539693
2018-06-01,1.6202335298797512,0.01838412524868893,0.2240648023544431
2018-07-01,1.483640664303217,-0.13604123492272535,0.1742929070588834
2018-08-01,1.5217286332399185,-0.1045646405506706,0.18382308388075233
2018-09-01,1.429591091502058,-0.18420438332490408,0.16033041543872792
2018-10-01,1.5839470238635898,-0.01362661594283731,0.21313226324792145
2018-11-01,1.7916097411314615,0.13213369093380423,0.2653840824952891
2018-12-01,2.0801409226729968,0.32520152331373575,0.3433662236053468
2019-01-01,1.8275372151688751,0.15597576641211883,0.2745102049695719
2019-02-01,1.645441047189244,0.04405722702032255,0.2330584101162678
2019-03-01,1.6758812883840948,-0.14077663058237322,0.17288682806544928
2019-04-01,1.57763430628098,-0.02780233662800424,0.20839202856622557
2019-05-01,1.8194457038411385,-0.03545225765401594,0.20586000692421816
2019-06-01,1.6898247919939997,-0.01537173958137905,0.212545337053767
2019-07-01,1.6346889595027876,-0.06505297398208532,0.1962359230932927
2019-08-01,1.8114389901952557,-0.17431416046202264,0.16313625875483329
2019-09-01,1.7280718537162731,-0.2532166093702235,0.14163432239128648
2019-10-01,1.7057259983855444,-0.24653222911072192,0.1433777632243908
2019-11-01,1.6357329476245135,-0.1946021165567562,0.1574148036455113
2019-12-01,1.4822138444076356,-0.3106402755291229,0.127248880489437
2020-01-01,1.6644763718835454,-0.265794330783069,0.13839283887593803
2020-02-01,1.9930946815077275,-0.16716954234717907,0.1651829111144892
2020-03-01,3.852399647655956,1.2136966316005688,0.7341576967416716
2020-04-01,2.9104897369667286,0.6535800120815503,0.4907910145695449
2020-05-01,2.540955541263486,0.3887301586160894,0.37079907587489225
2020-06-01,2.343727121482486,0.03884590892144102,0.23121676733598717
2020-07-01,2.048977890345167,-0.17516384977173205,0.16289395737804352
2020-08-01,1.951536531715907,-0.30195282036635285,0.129357408944949
2020-09-01,2.068964545218119,-0.02001458307345283,0.2109884439468326
2020-10-01,1.944657516292178,-0.22719821224292705,0.14850181556904143
2020-11-01,1.68300126706526,-0.4856852393460389,0.08977115532335413
2020-12-01,1.496141280652505,-0.5244058023543992,0.0827212511878786
2021-01-01,1.455066837333386,-0.6754269529581702,0.0591610761458196
2021-02-01,1.3964724676634013,-0.9576396095443244,0.0294720259238469
2021-03-01,1.3366326134780404,-0.7629269135143264,0.04813966319389537
2021-04-01,1.2746306782493275,-0.5044548366328976,0.08629988738771191
2021-05-01,1.26683945099609,-0.44148257987886264,0.09835422294021368
2021-06-01,1.187028816877387,-0.5942324074188787,0.07107313935396675
2021-07-01,1.2545437469205,-0.5619229380564301,0.07629593383451659
2021-08-01,1.2475521113848609,-0.48867286651384934,0.08921178008310597
2021-09-01,1.1928628178872307,-0.6503863258092597,0.06265491699111879
2021-10-01,1.1858384978656245,-0.526475449086069,0.08235650482248451
2021-11-01,1.335766706934521,-0.4443080169412083,0.0977882222030713
2021-12-01,1.2474513181484097,-0.4460972397818115,0.09743103619344794
2022-01-01,1.362885064455149,-0.34451343564771464,0.11925642245256288
2022-02-01,1.5247780543609737,-0.20861818734357904,0.15354007463046662
2022-03-01,1.417373640847022,-0.7988015769284309,0.04412497749899404
2022-04-01,1.5932289015881844,-0.2874048103995792,0.13294232813240922
2022-05-01,1.584541064927974,-0.12054475079120051,0.17894488870319888
2022-06-01,1.9444448172693929,0.07838080772401734,0.24538937417043843
2022-07-01,1.7253583429539316,-0.00896259415450462,0.21470551546831412
2022-08-01,1.7219283487295696,-0.04277562974495974,0.20345325275187537
2022-09-01,1.8816554155091283,0.02868794103197403,0.22765046026423805
2022-10-01,1.6819775019321832,0.07744783947230816,0.2450496268861524
2022-11-01,1.5763781544490048,-0.24509704592092585,0.14375397381563365
2022-12-01,1.5230644057177714,-0.03310853065562957,0.2066338032471656
2023-01-01,1.4216080078260556,-0.05524500785426389,0.19939414853030396
2023-02-01,1.4898035660234517,-0.16686949171719934,0.1652692259162699
2023-03-01,1.531755716924569,-0.2147206636320813,0.1518729565545011
2023-04-01,1.5392906528102972,0.1394443636736098,0.2681659698498948
2023-05-01,1.5719031573138798,0.09076437124966352,0.2499228231359976
2023-06-01,1.4113625752630656,0.13928518969364734,0.2681052443914363
2023-07-01,1.306922256628305,-0.01615228202221663,0.21228312809879468
2023-08-01,1.3403110372359233,0.03725820406245361,0.23065730159013023
2023-09-01,1.330534473338567,-0.04236703161890687,0.203587090761888
2023-10-01,1.4253823235190768,0.19481569581772984,0.2897009824630039
2023-11-01,1.1893656427537338,-0.09150119949229962,0.1878718418891528
2023-12-01,1.1381388519129496,-0.24480182334970135,0.1438314442704476
2024-01-01,1.1000726338758315,-0.09631344368249706,0.1863740175701028
2024-02-01,1.100726958614736,-0.15346470934195588,0.1691551103410918
2024-03-01,1.0503317164077146,-0.1133848342217385,0.1811204145739645
2024-04-01,1.0130682044093506,-0.2210286132553636,0.15016239245327684
2024-05-01,0.9816017783935196,-0.15582040653627405,0.16846800635999457
2024-06-01,1.091257636970106,-0.05072938273630867,0.20085843738038775
2024-07-01,1.067938738197039,-0.11943564372458182,0.1792808079829362
2024-08-01,1.0903053689960904,-0.0756213519048825,0.1928670053824924
