captured_at,wayback_timestamp,sha256,rows,dateless_rows,first_obs,last_obs,columns
2022-08-18T00:06:31Z,20220818000631,3e06c437e002c81ca6ee63e70491432652b1ee6f002a912fbed98284e2ef4487,595,0,1973-01-01,2022-07-01,date|gz_spread|ebp|est_prob
2022-09-22T11:21:45Z,20220922112145,6fa53fbcb50ed206fcab8dcb107abb777cabf571fcdbe74789a630e26e8433b1,596,0,1973-01-01,2022-08-01,date|gz_spread|ebp|est_prob
2022-10-16T02:17:40Z,20221016021740,3598bd1c689f0718277a1e29def2d2456d9afdd157f78fc86c163928fbe286d1,597,0,1973-01-01,2022-09-01,date|gz_spread|ebp|est_prob
2023-02-16T17:29:00Z,20230216172900,10d252f9e97e0862289b649a9e03de34451070e20abe4218fe09d03dd2b403c3,601,0,1973-01-01,2023-01-01,date|gz_spread|ebp|est_prob
2023-03-13T01:06:07Z,20230313010607,674750787f1506ff2cc106bb3a299c44b19c741ee8d1ab31a2dff3127d4ffc60,602,0,1973-01-01,2023-02-01,date|gz_spread|ebp|est_prob
2023-07-11T10:27:59Z,20230711102759,451c76420177741a0dd899cefc5fa5f7143303440a544ec3afec96cd9018d18f,606,0,1973-01-01,2023-06-01,date|gz_spread|ebp|est_prob
2023-11-16T14:44:18Z,20231116144418,3b8405f3638870df651753e443fe3da53077a0d558300b02dc640a26ac2ce689,610,0,1973-01-01,2023-10-01,date|gz_spread|ebp|est_prob
2024-03-09T14:31:17Z,20240309143117,65dd1d79495bfd32d4b200a3809564a8c63268527fbdee8b4d90b9a7f811d87f,614,0,1973-01-01,2024-02-01,date|gz_spread|ebp|est_prob
2024-04-09T16:42:24Z,20240409164224,29a8542ffe5cf17a536678c8565ea7bf8cb1b6c0dacf3157f13a9df6e9b940cd,615,0,1973-01-01,2024-03-01,date|gz_spread|ebp|est_prob
2024-05-18T09:25:20Z,20240518092520,c5a70291c27888c7527bb04310d5ab68e5731795767b09204619fd4759d9f7c4,616,0,1973-01-01,2024-04-01,date|gz_spread|ebp|est_prob
2024-09-10T17:14:27Z,20240910171427,d6878d73eec0ecf63db54d33b1d700bd9967ed718dca9b65b39a48d716c7811e,620,0,1973-01-01,2024-08-01,date|gz_spread|ebp|est_prob
2024-12-18T16:29:09Z,20241218162909,a233fa689e8e612ea6cc321be847ac5ce792db03e91264aa836e08a4cd50a6d3,623,0,1973-01-01,2024-11-01,date|gz_spread|ebp|est_prob
2025-02-01T17:57:09Z,20250201175709,2d41f08abccf85575013057a3ca2a2f2b239804303498e86b9a77f51ce072094,624,0,1973-01-01,2024-12-01,date|gz_spread|ebp|est_prob
2025-02-08T09:08:50Z,20250208090850,31ef08a84477cb35f89ec2f95e99c254da697977773b160e24915b9990f4062a,625,0,1973-01-01,2025-01-01,date|gz_spread|ebp|est_prob
2025-03-08T22:46:01Z,20250308224601,80fc816ab77e9bdde0675f5092ca22777bee084c7179241ecbdf35511261466e,626,0,1973-01-01,2025-02-01,date|gz_spread|ebp|est_prob
2025-04-27T13:15:09Z,20250427131509,27203a331b32c10af054c2c2535e8cb8d0cc3fa4ffcfa89f6fdf0301c9fa93d1,627,0,1973-01-01,2025-03-01,date|gz_spread|ebp|est_prob
2025-06-12T10:40:21Z,20250612104021,71ea88174b23b47a3556586f2f168a082a4593bdf1ff5c0062aa9a1281480a2e,630,1,1973-01-01,2025-05-01,date|gz_spread|ebp|est_prob
2025-07-08T17:21:29Z,20250708172129,6fb698fe76730203ce83429750fe956eff4a4b3cbefc8f50837b3857cd2b7d30,630,0,1973-01-01,2025-06-01,date|gz_spread|ebp|est_prob
2025-12-03T09:11:01Z,20251203091101,bdf7c4708fa86d37cc63da3efc3fcd648b3145063083990cfe12b2c3dbe0412f,634,0,1973-01-01,2025-10-01,date|gz_spread|ebp|est_prob
